CA[m^2],charge[kg],P_cond,P_eva,Q_cond,Q_eva,W_comp,COP_H,COP_R,mtot,mdot,DSH,DSC
1e-08,0.1,,,,,,,,,,,
1e-08,0.10404040404040404,,,,,,,,,,,
1e-08,0.10808080808080808,,,,,,,,,,,
1e-08,0.11212121212121212,,,,,,,,,,,
1e-08,0.11616161616161616,,,,,,,,,,,
1e-08,0.1202020202020202,,,,,,,,,,,
1e-08,0.12424242424242425,,,,,,,,,,,
1e-08,0.12828282828282828,,,,,,,,,,,
1e-08,0.13232323232323234,,,,,,,,,,,
1e-08,0.13636363636363635,,,,,,,,,,,
1e-08,0.14040404040404042,,,,,,,,,,,
1e-08,0.14444444444444446,,,,,,,,,,,
1e-08,0.1484848484848485,,,,,,,,,,,
1e-08,0.15252525252525254,,,,,,,,,,,
1e-08,0.15656565656565657,,,,,,,,,,,
1e-08,0.1606060606060606,,,,,,,,,,,
1e-08,0.16464646464646465,,,,,,,,,,,
1e-08,0.1686868686868687,,,,,,,,,,,
1e-08,0.17272727272727273,,,,,,,,,,,
1e-08,0.17676767676767677,,,,,,,,,,,
1e-08,0.1808080808080808,,,,,,,,,,,
1e-08,0.18484848484848487,,,,,,,,,,,
1e-08,0.18888888888888888,,,,,,,,,,,
1e-08,0.19292929292929295,,,,,,,,,,,
1e-08,0.19696969696969696,,,,,,,,,,,
1e-08,0.20101010101010103,,,,,,,,,,,
1e-08,0.20505050505050504,,,,,,,,,,,
1e-08,0.2090909090909091,,,,,,,,,,,
1e-08,0.21313131313131314,,,,,,,,,,,
1e-08,0.21717171717171718,,,,,,,,,,,
1e-08,0.22121212121212122,,,,,,,,,,,
1e-08,0.22525252525252526,,,,,,,,,,,
1e-08,0.2292929292929293,,,,,,,,,,,
1e-08,0.23333333333333334,,,,,,,,,,,
1e-08,0.23737373737373738,,,,,,,,,,,
1e-08,0.24141414141414141,,,,,,,,,,,
1e-08,0.24545454545454545,,,,,,,,,,,
1e-08,0.2494949494949495,,,,,,,,,,,
1e-08,0.2535353535353535,,,,,,,,,,,
1e-08,0.25757575757575757,,,,,,,,,,,
1e-08,0.26161616161616164,,,,,,,,,,,
1e-08,0.2656565656565657,,,,,,,,,,,
1e-08,0.2696969696969697,,,,,,,,,,,
1e-08,0.2737373737373737,,,,,,,,,,,
1e-08,0.2777777777777778,,,,,,,,,,,
1e-08,0.28181818181818186,,,,,,,,,,,
1e-08,0.28585858585858587,,,,,,,,,,,
1e-08,0.2898989898989899,,,,,,,,,,,
1e-08,0.29393939393939394,,,,,,,,,,,
1e-08,0.297979797979798,,,,,,,,,,,
1e-08,0.302020202020202,,,,,,,,,,,
1e-08,0.30606060606060603,,,,,,,,,,,
1e-08,0.3101010101010101,,,,,,,,,,,
1e-08,0.31414141414141417,,,,,,,,,,,
1e-08,0.3181818181818182,,,,,,,,,,,
1e-08,0.3222222222222222,,,,,,,,,,,
1e-08,0.32626262626262625,,,,,,,,,,,
1e-08,0.3303030303030303,,,,,,,,,,,
1e-08,0.3343434343434344,,,,,,,,,,,
1e-08,0.3383838383838384,,,,,,,,,,,
1e-08,0.3424242424242424,,,,,,,,,,,
1e-08,0.3464646464646465,,,,,,,,,,,
1e-08,0.35050505050505054,,,,,,,,,,,
1e-08,0.3545454545454545,,,,,,,,,,,
1e-08,0.35858585858585856,,,,,,,,,,,
1e-08,0.36262626262626263,,,,,,,,,,,
1e-08,0.3666666666666667,,,,,,,,,,,
1e-08,0.37070707070707076,,,,,,,,,,,
1e-08,0.3747474747474747,,,,,,,,,,,
1e-08,0.3787878787878788,,,,,,,,,,,
1e-08,0.38282828282828285,,,,,,,,,,,
1e-08,0.3868686868686869,,,,,,,,,,,
1e-08,0.3909090909090909,,,,,,,,,,,
1e-08,0.39494949494949494,,,,,,,,,,,
1e-08,0.398989898989899,,,,,,,,,,,
1e-08,0.40303030303030307,,,,,,,,,,,
1e-08,0.407070707070707,,,,,,,,,,,
1e-08,0.4111111111111111,,,,,,,,,,,
1e-08,0.41515151515151516,,,,,,,,,,,
1e-08,0.4191919191919192,,,,,,,,,,,
1e-08,0.4232323232323232,,,,,,,,,,,
1e-08,0.42727272727272725,,,,,,,,,,,
1e-08,0.4313131313131313,,,,,,,,,,,
1e-08,0.4353535353535354,,,,,,,,,,,
1e-08,0.43939393939393945,,,,,,,,,,,
1e-08,0.4434343434343434,,,,,,,,,,,
1e-08,0.44747474747474747,,,,,,,,,,,
1e-08,0.45151515151515154,,,,,,,,,,,
1e-08,0.4555555555555556,,,,,,,,,,,
1e-08,0.45959595959595956,,,,,,,,,,,
1e-08,0.4636363636363636,,,,,,,,,,,
1e-08,0.4676767676767677,,,,,,,,,,,
1e-08,0.47171717171717176,,,,,,,,,,,
1e-08,0.4757575757575757,,,,,,,,,,,
1e-08,0.4797979797979798,,,,,,,,,,,
1e-08,0.48383838383838385,,,,,,,,,,,
1e-08,0.4878787878787879,,,,,,,,,,,
1e-08,0.491919191919192,,,,,,,,,,,
1e-08,0.49595959595959593,,,,,,,,,,,
1e-08,0.5,,,,,,,,,,,
1.1090909090909092e-07,0.1,,,,,,,,,,,
1.1090909090909092e-07,0.10404040404040404,,,,,,,,,,,
1.1090909090909092e-07,0.10808080808080808,,,,,,,,,,,
1.1090909090909092e-07,0.11212121212121212,,,,,,,,,,,
1.1090909090909092e-07,0.11616161616161616,,,,,,,,,,,
1.1090909090909092e-07,0.1202020202020202,,,,,,,,,,,
1.1090909090909092e-07,0.12424242424242425,,,,,,,,,,,
1.1090909090909092e-07,0.12828282828282828,,,,,,,,,,,
1.1090909090909092e-07,0.13232323232323234,,,,,,,,,,,
1.1090909090909092e-07,0.13636363636363635,,,,,,,,,,,
1.1090909090909092e-07,0.14040404040404042,,,,,,,,,,,
1.1090909090909092e-07,0.14444444444444446,,,,,,,,,,,
1.1090909090909092e-07,0.1484848484848485,,,,,,,,,,,
1.1090909090909092e-07,0.15252525252525254,,,,,,,,,,,
1.1090909090909092e-07,0.15656565656565657,,,,,,,,,,,
1.1090909090909092e-07,0.1606060606060606,,,,,,,,,,,
1.1090909090909092e-07,0.16464646464646465,,,,,,,,,,,
1.1090909090909092e-07,0.1686868686868687,,,,,,,,,,,
1.1090909090909092e-07,0.17272727272727273,,,,,,,,,,,
1.1090909090909092e-07,0.17676767676767677,,,,,,,,,,,
1.1090909090909092e-07,0.1808080808080808,,,,,,,,,,,
1.1090909090909092e-07,0.18484848484848487,,,,,,,,,,,
1.1090909090909092e-07,0.18888888888888888,,,,,,,,,,,
1.1090909090909092e-07,0.19292929292929295,,,,,,,,,,,
1.1090909090909092e-07,0.19696969696969696,,,,,,,,,,,
1.1090909090909092e-07,0.20101010101010103,,,,,,,,,,,
1.1090909090909092e-07,0.20505050505050504,,,,,,,,,,,
1.1090909090909092e-07,0.2090909090909091,,,,,,,,,,,
1.1090909090909092e-07,0.21313131313131314,,,,,,,,,,,
1.1090909090909092e-07,0.21717171717171718,,,,,,,,,,,
1.1090909090909092e-07,0.22121212121212122,,,,,,,,,,,
1.1090909090909092e-07,0.22525252525252526,,,,,,,,,,,
1.1090909090909092e-07,0.2292929292929293,,,,,,,,,,,
1.1090909090909092e-07,0.23333333333333334,,,,,,,,,,,
1.1090909090909092e-07,0.23737373737373738,,,,,,,,,,,
1.1090909090909092e-07,0.24141414141414141,,,,,,,,,,,
1.1090909090909092e-07,0.24545454545454545,,,,,,,,,,,
1.1090909090909092e-07,0.2494949494949495,,,,,,,,,,,
1.1090909090909092e-07,0.2535353535353535,,,,,,,,,,,
1.1090909090909092e-07,0.25757575757575757,,,,,,,,,,,
1.1090909090909092e-07,0.26161616161616164,,,,,,,,,,,
1.1090909090909092e-07,0.2656565656565657,,,,,,,,,,,
1.1090909090909092e-07,0.2696969696969697,,,,,,,,,,,
1.1090909090909092e-07,0.2737373737373737,,,,,,,,,,,
1.1090909090909092e-07,0.2777777777777778,,,,,,,,,,,
1.1090909090909092e-07,0.28181818181818186,,,,,,,,,,,
1.1090909090909092e-07,0.28585858585858587,,,,,,,,,,,
1.1090909090909092e-07,0.2898989898989899,,,,,,,,,,,
1.1090909090909092e-07,0.29393939393939394,,,,,,,,,,,
1.1090909090909092e-07,0.297979797979798,,,,,,,,,,,
1.1090909090909092e-07,0.302020202020202,,,,,,,,,,,
1.1090909090909092e-07,0.30606060606060603,,,,,,,,,,,
1.1090909090909092e-07,0.3101010101010101,,,,,,,,,,,
1.1090909090909092e-07,0.31414141414141417,,,,,,,,,,,
1.1090909090909092e-07,0.3181818181818182,,,,,,,,,,,
1.1090909090909092e-07,0.3222222222222222,,,,,,,,,,,
1.1090909090909092e-07,0.32626262626262625,,,,,,,,,,,
1.1090909090909092e-07,0.3303030303030303,,,,,,,,,,,
1.1090909090909092e-07,0.3343434343434344,,,,,,,,,,,
1.1090909090909092e-07,0.3383838383838384,,,,,,,,,,,
1.1090909090909092e-07,0.3424242424242424,,,,,,,,,,,
1.1090909090909092e-07,0.3464646464646465,,,,,,,,,,,
1.1090909090909092e-07,0.35050505050505054,,,,,,,,,,,
1.1090909090909092e-07,0.3545454545454545,,,,,,,,,,,
1.1090909090909092e-07,0.35858585858585856,,,,,,,,,,,
1.1090909090909092e-07,0.36262626262626263,,,,,,,,,,,
1.1090909090909092e-07,0.3666666666666667,,,,,,,,,,,
1.1090909090909092e-07,0.37070707070707076,,,,,,,,,,,
1.1090909090909092e-07,0.3747474747474747,,,,,,,,,,,
1.1090909090909092e-07,0.3787878787878788,,,,,,,,,,,
1.1090909090909092e-07,0.38282828282828285,,,,,,,,,,,
1.1090909090909092e-07,0.3868686868686869,,,,,,,,,,,
1.1090909090909092e-07,0.3909090909090909,,,,,,,,,,,
1.1090909090909092e-07,0.39494949494949494,,,,,,,,,,,
1.1090909090909092e-07,0.398989898989899,,,,,,,,,,,
1.1090909090909092e-07,0.40303030303030307,,,,,,,,,,,
1.1090909090909092e-07,0.407070707070707,,,,,,,,,,,
1.1090909090909092e-07,0.4111111111111111,,,,,,,,,,,
1.1090909090909092e-07,0.41515151515151516,,,,,,,,,,,
1.1090909090909092e-07,0.4191919191919192,,,,,,,,,,,
1.1090909090909092e-07,0.4232323232323232,,,,,,,,,,,
1.1090909090909092e-07,0.42727272727272725,,,,,,,,,,,
1.1090909090909092e-07,0.4313131313131313,,,,,,,,,,,
1.1090909090909092e-07,0.4353535353535354,,,,,,,,,,,
1.1090909090909092e-07,0.43939393939393945,,,,,,,,,,,
1.1090909090909092e-07,0.4434343434343434,,,,,,,,,,,
1.1090909090909092e-07,0.44747474747474747,,,,,,,,,,,
1.1090909090909092e-07,0.45151515151515154,,,,,,,,,,,
1.1090909090909092e-07,0.4555555555555556,,,,,,,,,,,
1.1090909090909092e-07,0.45959595959595956,,,,,,,,,,,
1.1090909090909092e-07,0.4636363636363636,,,,,,,,,,,
1.1090909090909092e-07,0.4676767676767677,,,,,,,,,,,
1.1090909090909092e-07,0.47171717171717176,,,,,,,,,,,
1.1090909090909092e-07,0.4757575757575757,,,,,,,,,,,
1.1090909090909092e-07,0.4797979797979798,,,,,,,,,,,
1.1090909090909092e-07,0.48383838383838385,,,,,,,,,,,
1.1090909090909092e-07,0.4878787878787879,,,,,,,,,,,
1.1090909090909092e-07,0.491919191919192,,,,,,,,,,,
1.1090909090909092e-07,0.49595959595959593,,,,,,,,,,,
1.1090909090909092e-07,0.5,,,,,,,,,,,
2.1181818181818186e-07,0.1,,,,,,,,,,,
2.1181818181818186e-07,0.10404040404040404,,,,,,,,,,,
2.1181818181818186e-07,0.10808080808080808,,,,,,,,,,,
2.1181818181818186e-07,0.11212121212121212,,,,,,,,,,,
2.1181818181818186e-07,0.11616161616161616,,,,,,,,,,,
2.1181818181818186e-07,0.1202020202020202,,,,,,,,,,,
2.1181818181818186e-07,0.12424242424242425,,,,,,,,,,,
2.1181818181818186e-07,0.12828282828282828,,,,,,,,,,,
2.1181818181818186e-07,0.13232323232323234,,,,,,,,,,,
2.1181818181818186e-07,0.13636363636363635,,,,,,,,,,,
2.1181818181818186e-07,0.14040404040404042,,,,,,,,,,,
2.1181818181818186e-07,0.14444444444444446,,,,,,,,,,,
2.1181818181818186e-07,0.1484848484848485,,,,,,,,,,,
2.1181818181818186e-07,0.15252525252525254,,,,,,,,,,,
2.1181818181818186e-07,0.15656565656565657,,,,,,,,,,,
2.1181818181818186e-07,0.1606060606060606,,,,,,,,,,,
2.1181818181818186e-07,0.16464646464646465,,,,,,,,,,,
2.1181818181818186e-07,0.1686868686868687,,,,,,,,,,,
2.1181818181818186e-07,0.17272727272727273,,,,,,,,,,,
2.1181818181818186e-07,0.17676767676767677,,,,,,,,,,,
2.1181818181818186e-07,0.1808080808080808,,,,,,,,,,,
2.1181818181818186e-07,0.18484848484848487,,,,,,,,,,,
2.1181818181818186e-07,0.18888888888888888,,,,,,,,,,,
2.1181818181818186e-07,0.19292929292929295,,,,,,,,,,,
2.1181818181818186e-07,0.19696969696969696,,,,,,,,,,,
2.1181818181818186e-07,0.20101010101010103,,,,,,,,,,,
2.1181818181818186e-07,0.20505050505050504,,,,,,,,,,,
2.1181818181818186e-07,0.2090909090909091,,,,,,,,,,,
2.1181818181818186e-07,0.21313131313131314,,,,,,,,,,,
2.1181818181818186e-07,0.21717171717171718,,,,,,,,,,,
2.1181818181818186e-07,0.22121212121212122,,,,,,,,,,,
2.1181818181818186e-07,0.22525252525252526,,,,,,,,,,,
2.1181818181818186e-07,0.2292929292929293,,,,,,,,,,,
2.1181818181818186e-07,0.23333333333333334,,,,,,,,,,,
2.1181818181818186e-07,0.23737373737373738,,,,,,,,,,,
2.1181818181818186e-07,0.24141414141414141,,,,,,,,,,,
2.1181818181818186e-07,0.24545454545454545,,,,,,,,,,,
2.1181818181818186e-07,0.2494949494949495,,,,,,,,,,,
2.1181818181818186e-07,0.2535353535353535,,,,,,,,,,,
2.1181818181818186e-07,0.25757575757575757,,,,,,,,,,,
2.1181818181818186e-07,0.26161616161616164,,,,,,,,,,,
2.1181818181818186e-07,0.2656565656565657,,,,,,,,,,,
2.1181818181818186e-07,0.2696969696969697,,,,,,,,,,,
2.1181818181818186e-07,0.2737373737373737,,,,,,,,,,,
2.1181818181818186e-07,0.2777777777777778,,,,,,,,,,,
2.1181818181818186e-07,0.28181818181818186,,,,,,,,,,,
2.1181818181818186e-07,0.28585858585858587,,,,,,,,,,,
2.1181818181818186e-07,0.2898989898989899,,,,,,,,,,,
2.1181818181818186e-07,0.29393939393939394,,,,,,,,,,,
2.1181818181818186e-07,0.297979797979798,,,,,,,,,,,
2.1181818181818186e-07,0.302020202020202,,,,,,,,,,,
2.1181818181818186e-07,0.30606060606060603,,,,,,,,,,,
2.1181818181818186e-07,0.3101010101010101,,,,,,,,,,,
2.1181818181818186e-07,0.31414141414141417,,,,,,,,,,,
2.1181818181818186e-07,0.3181818181818182,,,,,,,,,,,
2.1181818181818186e-07,0.3222222222222222,,,,,,,,,,,
2.1181818181818186e-07,0.32626262626262625,,,,,,,,,,,
2.1181818181818186e-07,0.3303030303030303,,,,,,,,,,,
2.1181818181818186e-07,0.3343434343434344,,,,,,,,,,,
2.1181818181818186e-07,0.3383838383838384,,,,,,,,,,,
2.1181818181818186e-07,0.3424242424242424,,,,,,,,,,,
2.1181818181818186e-07,0.3464646464646465,,,,,,,,,,,
2.1181818181818186e-07,0.35050505050505054,,,,,,,,,,,
2.1181818181818186e-07,0.3545454545454545,,,,,,,,,,,
2.1181818181818186e-07,0.35858585858585856,,,,,,,,,,,
2.1181818181818186e-07,0.36262626262626263,,,,,,,,,,,
2.1181818181818186e-07,0.3666666666666667,,,,,,,,,,,
2.1181818181818186e-07,0.37070707070707076,,,,,,,,,,,
2.1181818181818186e-07,0.3747474747474747,,,,,,,,,,,
2.1181818181818186e-07,0.3787878787878788,,,,,,,,,,,
2.1181818181818186e-07,0.38282828282828285,,,,,,,,,,,
2.1181818181818186e-07,0.3868686868686869,,,,,,,,,,,
2.1181818181818186e-07,0.3909090909090909,,,,,,,,,,,
2.1181818181818186e-07,0.39494949494949494,,,,,,,,,,,
2.1181818181818186e-07,0.398989898989899,,,,,,,,,,,
2.1181818181818186e-07,0.40303030303030307,,,,,,,,,,,
2.1181818181818186e-07,0.407070707070707,,,,,,,,,,,
2.1181818181818186e-07,0.4111111111111111,,,,,,,,,,,
2.1181818181818186e-07,0.41515151515151516,,,,,,,,,,,
2.1181818181818186e-07,0.4191919191919192,,,,,,,,,,,
2.1181818181818186e-07,0.4232323232323232,,,,,,,,,,,
2.1181818181818186e-07,0.42727272727272725,,,,,,,,,,,
2.1181818181818186e-07,0.4313131313131313,,,,,,,,,,,
2.1181818181818186e-07,0.4353535353535354,,,,,,,,,,,
2.1181818181818186e-07,0.43939393939393945,,,,,,,,,,,
2.1181818181818186e-07,0.4434343434343434,,,,,,,,,,,
2.1181818181818186e-07,0.44747474747474747,,,,,,,,,,,
2.1181818181818186e-07,0.45151515151515154,,,,,,,,,,,
2.1181818181818186e-07,0.4555555555555556,,,,,,,,,,,
2.1181818181818186e-07,0.45959595959595956,,,,,,,,,,,
2.1181818181818186e-07,0.4636363636363636,,,,,,,,,,,
2.1181818181818186e-07,0.4676767676767677,,,,,,,,,,,
2.1181818181818186e-07,0.47171717171717176,,,,,,,,,,,
2.1181818181818186e-07,0.4757575757575757,,,,,,,,,,,
2.1181818181818186e-07,0.4797979797979798,,,,,,,,,,,
2.1181818181818186e-07,0.48383838383838385,,,,,,,,,,,
2.1181818181818186e-07,0.4878787878787879,,,,,,,,,,,
2.1181818181818186e-07,0.491919191919192,,,,,,,,,,,
2.1181818181818186e-07,0.49595959595959593,,,,,,,,,,,
2.1181818181818186e-07,0.5,,,,,,,,,,,
3.127272727272728e-07,0.1,,,,,,,,,,,
3.127272727272728e-07,0.10404040404040404,,,,,,,,,,,
3.127272727272728e-07,0.10808080808080808,,,,,,,,,,,
3.127272727272728e-07,0.11212121212121212,,,,,,,,,,,
3.127272727272728e-07,0.11616161616161616,,,,,,,,,,,
3.127272727272728e-07,0.1202020202020202,,,,,,,,,,,
3.127272727272728e-07,0.12424242424242425,,,,,,,,,,,
3.127272727272728e-07,0.12828282828282828,,,,,,,,,,,
3.127272727272728e-07,0.13232323232323234,,,,,,,,,,,
3.127272727272728e-07,0.13636363636363635,,,,,,,,,,,
3.127272727272728e-07,0.14040404040404042,,,,,,,,,,,
3.127272727272728e-07,0.14444444444444446,,,,,,,,,,,
3.127272727272728e-07,0.1484848484848485,,,,,,,,,,,
3.127272727272728e-07,0.15252525252525254,,,,,,,,,,,
3.127272727272728e-07,0.15656565656565657,,,,,,,,,,,
3.127272727272728e-07,0.1606060606060606,,,,,,,,,,,
3.127272727272728e-07,0.16464646464646465,,,,,,,,,,,
3.127272727272728e-07,0.1686868686868687,,,,,,,,,,,
3.127272727272728e-07,0.17272727272727273,,,,,,,,,,,
3.127272727272728e-07,0.17676767676767677,,,,,,,,,,,
3.127272727272728e-07,0.1808080808080808,,,,,,,,,,,
3.127272727272728e-07,0.18484848484848487,,,,,,,,,,,
3.127272727272728e-07,0.18888888888888888,,,,,,,,,,,
3.127272727272728e-07,0.19292929292929295,,,,,,,,,,,
3.127272727272728e-07,0.19696969696969696,,,,,,,,,,,
3.127272727272728e-07,0.20101010101010103,,,,,,,,,,,
3.127272727272728e-07,0.20505050505050504,,,,,,,,,,,
3.127272727272728e-07,0.2090909090909091,,,,,,,,,,,
3.127272727272728e-07,0.21313131313131314,,,,,,,,,,,
3.127272727272728e-07,0.21717171717171718,,,,,,,,,,,
3.127272727272728e-07,0.22121212121212122,,,,,,,,,,,
3.127272727272728e-07,0.22525252525252526,,,,,,,,,,,
3.127272727272728e-07,0.2292929292929293,,,,,,,,,,,
3.127272727272728e-07,0.23333333333333334,,,,,,,,,,,
3.127272727272728e-07,0.23737373737373738,,,,,,,,,,,
3.127272727272728e-07,0.24141414141414141,,,,,,,,,,,
3.127272727272728e-07,0.24545454545454545,,,,,,,,,,,
3.127272727272728e-07,0.2494949494949495,,,,,,,,,,,
3.127272727272728e-07,0.2535353535353535,,,,,,,,,,,
3.127272727272728e-07,0.25757575757575757,,,,,,,,,,,
3.127272727272728e-07,0.26161616161616164,,,,,,,,,,,
3.127272727272728e-07,0.2656565656565657,,,,,,,,,,,
3.127272727272728e-07,0.2696969696969697,,,,,,,,,,,
3.127272727272728e-07,0.2737373737373737,,,,,,,,,,,
3.127272727272728e-07,0.2777777777777778,,,,,,,,,,,
3.127272727272728e-07,0.28181818181818186,,,,,,,,,,,
3.127272727272728e-07,0.28585858585858587,,,,,,,,,,,
3.127272727272728e-07,0.2898989898989899,,,,,,,,,,,
3.127272727272728e-07,0.29393939393939394,,,,,,,,,,,
3.127272727272728e-07,0.297979797979798,,,,,,,,,,,
3.127272727272728e-07,0.302020202020202,,,,,,,,,,,
3.127272727272728e-07,0.30606060606060603,,,,,,,,,,,
3.127272727272728e-07,0.3101010101010101,,,,,,,,,,,
3.127272727272728e-07,0.31414141414141417,,,,,,,,,,,
3.127272727272728e-07,0.3181818181818182,,,,,,,,,,,
3.127272727272728e-07,0.3222222222222222,,,,,,,,,,,
3.127272727272728e-07,0.32626262626262625,,,,,,,,,,,
3.127272727272728e-07,0.3303030303030303,,,,,,,,,,,
3.127272727272728e-07,0.3343434343434344,,,,,,,,,,,
3.127272727272728e-07,0.3383838383838384,,,,,,,,,,,
3.127272727272728e-07,0.3424242424242424,,,,,,,,,,,
3.127272727272728e-07,0.3464646464646465,,,,,,,,,,,
3.127272727272728e-07,0.35050505050505054,,,,,,,,,,,
3.127272727272728e-07,0.3545454545454545,,,,,,,,,,,
3.127272727272728e-07,0.35858585858585856,,,,,,,,,,,
3.127272727272728e-07,0.36262626262626263,,,,,,,,,,,
3.127272727272728e-07,0.3666666666666667,,,,,,,,,,,
3.127272727272728e-07,0.37070707070707076,,,,,,,,,,,
3.127272727272728e-07,0.3747474747474747,,,,,,,,,,,
3.127272727272728e-07,0.3787878787878788,,,,,,,,,,,
3.127272727272728e-07,0.38282828282828285,,,,,,,,,,,
3.127272727272728e-07,0.3868686868686869,,,,,,,,,,,
3.127272727272728e-07,0.3909090909090909,,,,,,,,,,,
3.127272727272728e-07,0.39494949494949494,,,,,,,,,,,
3.127272727272728e-07,0.398989898989899,,,,,,,,,,,
3.127272727272728e-07,0.40303030303030307,,,,,,,,,,,
3.127272727272728e-07,0.407070707070707,,,,,,,,,,,
3.127272727272728e-07,0.4111111111111111,,,,,,,,,,,
3.127272727272728e-07,0.41515151515151516,,,,,,,,,,,
3.127272727272728e-07,0.4191919191919192,,,,,,,,,,,
3.127272727272728e-07,0.4232323232323232,,,,,,,,,,,
3.127272727272728e-07,0.42727272727272725,,,,,,,,,,,
3.127272727272728e-07,0.4313131313131313,,,,,,,,,,,
3.127272727272728e-07,0.4353535353535354,,,,,,,,,,,
3.127272727272728e-07,0.43939393939393945,,,,,,,,,,,
3.127272727272728e-07,0.4434343434343434,,,,,,,,,,,
3.127272727272728e-07,0.44747474747474747,,,,,,,,,,,
3.127272727272728e-07,0.45151515151515154,,,,,,,,,,,
3.127272727272728e-07,0.4555555555555556,,,,,,,,,,,
3.127272727272728e-07,0.45959595959595956,,,,,,,,,,,
3.127272727272728e-07,0.4636363636363636,,,,,,,,,,,
3.127272727272728e-07,0.4676767676767677,,,,,,,,,,,
3.127272727272728e-07,0.47171717171717176,,,,,,,,,,,
3.127272727272728e-07,0.4757575757575757,,,,,,,,,,,
3.127272727272728e-07,0.4797979797979798,,,,,,,,,,,
3.127272727272728e-07,0.48383838383838385,,,,,,,,,,,
3.127272727272728e-07,0.4878787878787879,,,,,,,,,,,
3.127272727272728e-07,0.491919191919192,,,,,,,,,,,
3.127272727272728e-07,0.49595959595959593,,,,,,,,,,,
3.127272727272728e-07,0.5,,,,,,,,,,,
4.136363636363637e-07,0.1,,,,,,,,,,,
4.136363636363637e-07,0.10404040404040404,,,,,,,,,,,
4.136363636363637e-07,0.10808080808080808,,,,,,,,,,,
4.136363636363637e-07,0.11212121212121212,,,,,,,,,,,
4.136363636363637e-07,0.11616161616161616,,,,,,,,,,,
4.136363636363637e-07,0.1202020202020202,,,,,,,,,,,
4.136363636363637e-07,0.12424242424242425,,,,,,,,,,,
4.136363636363637e-07,0.12828282828282828,,,,,,,,,,,
4.136363636363637e-07,0.13232323232323234,,,,,,,,,,,
4.136363636363637e-07,0.13636363636363635,,,,,,,,,,,
4.136363636363637e-07,0.14040404040404042,,,,,,,,,,,
4.136363636363637e-07,0.14444444444444446,,,,,,,,,,,
4.136363636363637e-07,0.1484848484848485,,,,,,,,,,,
4.136363636363637e-07,0.15252525252525254,,,,,,,,,,,
4.136363636363637e-07,0.15656565656565657,,,,,,,,,,,
4.136363636363637e-07,0.1606060606060606,,,,,,,,,,,
4.136363636363637e-07,0.16464646464646465,,,,,,,,,,,
4.136363636363637e-07,0.1686868686868687,,,,,,,,,,,
4.136363636363637e-07,0.17272727272727273,,,,,,,,,,,
4.136363636363637e-07,0.17676767676767677,,,,,,,,,,,
4.136363636363637e-07,0.1808080808080808,,,,,,,,,,,
4.136363636363637e-07,0.18484848484848487,,,,,,,,,,,
4.136363636363637e-07,0.18888888888888888,,,,,,,,,,,
4.136363636363637e-07,0.19292929292929295,,,,,,,,,,,
4.136363636363637e-07,0.19696969696969696,,,,,,,,,,,
4.136363636363637e-07,0.20101010101010103,,,,,,,,,,,
4.136363636363637e-07,0.20505050505050504,,,,,,,,,,,
4.136363636363637e-07,0.2090909090909091,,,,,,,,,,,
4.136363636363637e-07,0.21313131313131314,,,,,,,,,,,
4.136363636363637e-07,0.21717171717171718,,,,,,,,,,,
4.136363636363637e-07,0.22121212121212122,,,,,,,,,,,
4.136363636363637e-07,0.22525252525252526,,,,,,,,,,,
4.136363636363637e-07,0.2292929292929293,,,,,,,,,,,
4.136363636363637e-07,0.23333333333333334,,,,,,,,,,,
4.136363636363637e-07,0.23737373737373738,,,,,,,,,,,
4.136363636363637e-07,0.24141414141414141,,,,,,,,,,,
4.136363636363637e-07,0.24545454545454545,,,,,,,,,,,
4.136363636363637e-07,0.2494949494949495,,,,,,,,,,,
4.136363636363637e-07,0.2535353535353535,,,,,,,,,,,
4.136363636363637e-07,0.25757575757575757,,,,,,,,,,,
4.136363636363637e-07,0.26161616161616164,,,,,,,,,,,
4.136363636363637e-07,0.2656565656565657,,,,,,,,,,,
4.136363636363637e-07,0.2696969696969697,,,,,,,,,,,
4.136363636363637e-07,0.2737373737373737,,,,,,,,,,,
4.136363636363637e-07,0.2777777777777778,,,,,,,,,,,
4.136363636363637e-07,0.28181818181818186,,,,,,,,,,,
4.136363636363637e-07,0.28585858585858587,,,,,,,,,,,
4.136363636363637e-07,0.2898989898989899,,,,,,,,,,,
4.136363636363637e-07,0.29393939393939394,,,,,,,,,,,
4.136363636363637e-07,0.297979797979798,,,,,,,,,,,
4.136363636363637e-07,0.302020202020202,,,,,,,,,,,
4.136363636363637e-07,0.30606060606060603,,,,,,,,,,,
4.136363636363637e-07,0.3101010101010101,,,,,,,,,,,
4.136363636363637e-07,0.31414141414141417,,,,,,,,,,,
4.136363636363637e-07,0.3181818181818182,,,,,,,,,,,
4.136363636363637e-07,0.3222222222222222,,,,,,,,,,,
4.136363636363637e-07,0.32626262626262625,,,,,,,,,,,
4.136363636363637e-07,0.3303030303030303,,,,,,,,,,,
4.136363636363637e-07,0.3343434343434344,,,,,,,,,,,
4.136363636363637e-07,0.3383838383838384,,,,,,,,,,,
4.136363636363637e-07,0.3424242424242424,,,,,,,,,,,
4.136363636363637e-07,0.3464646464646465,,,,,,,,,,,
4.136363636363637e-07,0.35050505050505054,,,,,,,,,,,
4.136363636363637e-07,0.3545454545454545,,,,,,,,,,,
4.136363636363637e-07,0.35858585858585856,,,,,,,,,,,
4.136363636363637e-07,0.36262626262626263,,,,,,,,,,,
4.136363636363637e-07,0.3666666666666667,,,,,,,,,,,
4.136363636363637e-07,0.37070707070707076,,,,,,,,,,,
4.136363636363637e-07,0.3747474747474747,,,,,,,,,,,
4.136363636363637e-07,0.3787878787878788,,,,,,,,,,,
4.136363636363637e-07,0.38282828282828285,,,,,,,,,,,
4.136363636363637e-07,0.3868686868686869,,,,,,,,,,,
4.136363636363637e-07,0.3909090909090909,,,,,,,,,,,
4.136363636363637e-07,0.39494949494949494,,,,,,,,,,,
4.136363636363637e-07,0.398989898989899,,,,,,,,,,,
4.136363636363637e-07,0.40303030303030307,,,,,,,,,,,
4.136363636363637e-07,0.407070707070707,,,,,,,,,,,
4.136363636363637e-07,0.4111111111111111,,,,,,,,,,,
4.136363636363637e-07,0.41515151515151516,,,,,,,,,,,
4.136363636363637e-07,0.4191919191919192,,,,,,,,,,,
4.136363636363637e-07,0.4232323232323232,,,,,,,,,,,
4.136363636363637e-07,0.42727272727272725,,,,,,,,,,,
4.136363636363637e-07,0.4313131313131313,,,,,,,,,,,
4.136363636363637e-07,0.4353535353535354,,,,,,,,,,,
4.136363636363637e-07,0.43939393939393945,,,,,,,,,,,
4.136363636363637e-07,0.4434343434343434,,,,,,,,,,,
4.136363636363637e-07,0.44747474747474747,,,,,,,,,,,
4.136363636363637e-07,0.45151515151515154,,,,,,,,,,,
4.136363636363637e-07,0.4555555555555556,,,,,,,,,,,
4.136363636363637e-07,0.45959595959595956,,,,,,,,,,,
4.136363636363637e-07,0.4636363636363636,,,,,,,,,,,
4.136363636363637e-07,0.4676767676767677,,,,,,,,,,,
4.136363636363637e-07,0.47171717171717176,,,,,,,,,,,
4.136363636363637e-07,0.4757575757575757,,,,,,,,,,,
4.136363636363637e-07,0.4797979797979798,,,,,,,,,,,
4.136363636363637e-07,0.48383838383838385,,,,,,,,,,,
4.136363636363637e-07,0.4878787878787879,,,,,,,,,,,
4.136363636363637e-07,0.491919191919192,,,,,,,,,,,
4.136363636363637e-07,0.49595959595959593,,,,,,,,,,,
4.136363636363637e-07,0.5,,,,,,,,,,,
5.145454545454546e-07,0.1,,,,,,,,,,,
5.145454545454546e-07,0.10404040404040404,,,,,,,,,,,
5.145454545454546e-07,0.10808080808080808,,,,,,,,,,,
5.145454545454546e-07,0.11212121212121212,,,,,,,,,,,
5.145454545454546e-07,0.11616161616161616,,,,,,,,,,,
5.145454545454546e-07,0.1202020202020202,,,,,,,,,,,
5.145454545454546e-07,0.12424242424242425,,,,,,,,,,,
5.145454545454546e-07,0.12828282828282828,,,,,,,,,,,
5.145454545454546e-07,0.13232323232323234,,,,,,,,,,,
5.145454545454546e-07,0.13636363636363635,,,,,,,,,,,
5.145454545454546e-07,0.14040404040404042,,,,,,,,,,,
5.145454545454546e-07,0.14444444444444446,,,,,,,,,,,
5.145454545454546e-07,0.1484848484848485,,,,,,,,,,,
5.145454545454546e-07,0.15252525252525254,,,,,,,,,,,
5.145454545454546e-07,0.15656565656565657,,,,,,,,,,,
5.145454545454546e-07,0.1606060606060606,,,,,,,,,,,
5.145454545454546e-07,0.16464646464646465,,,,,,,,,,,
5.145454545454546e-07,0.1686868686868687,,,,,,,,,,,
5.145454545454546e-07,0.17272727272727273,,,,,,,,,,,
5.145454545454546e-07,0.17676767676767677,,,,,,,,,,,
5.145454545454546e-07,0.1808080808080808,,,,,,,,,,,
5.145454545454546e-07,0.18484848484848487,,,,,,,,,,,
5.145454545454546e-07,0.18888888888888888,,,,,,,,,,,
5.145454545454546e-07,0.19292929292929295,,,,,,,,,,,
5.145454545454546e-07,0.19696969696969696,,,,,,,,,,,
5.145454545454546e-07,0.20101010101010103,,,,,,,,,,,
5.145454545454546e-07,0.20505050505050504,,,,,,,,,,,
5.145454545454546e-07,0.2090909090909091,,,,,,,,,,,
5.145454545454546e-07,0.21313131313131314,,,,,,,,,,,
5.145454545454546e-07,0.21717171717171718,,,,,,,,,,,
5.145454545454546e-07,0.22121212121212122,,,,,,,,,,,
5.145454545454546e-07,0.22525252525252526,,,,,,,,,,,
5.145454545454546e-07,0.2292929292929293,,,,,,,,,,,
5.145454545454546e-07,0.23333333333333334,,,,,,,,,,,
5.145454545454546e-07,0.23737373737373738,,,,,,,,,,,
5.145454545454546e-07,0.24141414141414141,,,,,,,,,,,
5.145454545454546e-07,0.24545454545454545,,,,,,,,,,,
5.145454545454546e-07,0.2494949494949495,,,,,,,,,,,
5.145454545454546e-07,0.2535353535353535,,,,,,,,,,,
5.145454545454546e-07,0.25757575757575757,,,,,,,,,,,
5.145454545454546e-07,0.26161616161616164,,,,,,,,,,,
5.145454545454546e-07,0.2656565656565657,,,,,,,,,,,
5.145454545454546e-07,0.2696969696969697,,,,,,,,,,,
5.145454545454546e-07,0.2737373737373737,,,,,,,,,,,
5.145454545454546e-07,0.2777777777777778,,,,,,,,,,,
5.145454545454546e-07,0.28181818181818186,,,,,,,,,,,
5.145454545454546e-07,0.28585858585858587,,,,,,,,,,,
5.145454545454546e-07,0.2898989898989899,,,,,,,,,,,
5.145454545454546e-07,0.29393939393939394,,,,,,,,,,,
5.145454545454546e-07,0.297979797979798,,,,,,,,,,,
5.145454545454546e-07,0.302020202020202,,,,,,,,,,,
5.145454545454546e-07,0.30606060606060603,,,,,,,,,,,
5.145454545454546e-07,0.3101010101010101,,,,,,,,,,,
5.145454545454546e-07,0.31414141414141417,,,,,,,,,,,
5.145454545454546e-07,0.3181818181818182,,,,,,,,,,,
5.145454545454546e-07,0.3222222222222222,,,,,,,,,,,
5.145454545454546e-07,0.32626262626262625,,,,,,,,,,,
5.145454545454546e-07,0.3303030303030303,,,,,,,,,,,
5.145454545454546e-07,0.3343434343434344,,,,,,,,,,,
5.145454545454546e-07,0.3383838383838384,,,,,,,,,,,
5.145454545454546e-07,0.3424242424242424,,,,,,,,,,,
5.145454545454546e-07,0.3464646464646465,,,,,,,,,,,
5.145454545454546e-07,0.35050505050505054,,,,,,,,,,,
5.145454545454546e-07,0.3545454545454545,,,,,,,,,,,
5.145454545454546e-07,0.35858585858585856,,,,,,,,,,,
5.145454545454546e-07,0.36262626262626263,,,,,,,,,,,
5.145454545454546e-07,0.3666666666666667,,,,,,,,,,,
5.145454545454546e-07,0.37070707070707076,,,,,,,,,,,
5.145454545454546e-07,0.3747474747474747,,,,,,,,,,,
5.145454545454546e-07,0.3787878787878788,,,,,,,,,,,
5.145454545454546e-07,0.38282828282828285,,,,,,,,,,,
5.145454545454546e-07,0.3868686868686869,,,,,,,,,,,
5.145454545454546e-07,0.3909090909090909,,,,,,,,,,,
5.145454545454546e-07,0.39494949494949494,,,,,,,,,,,
5.145454545454546e-07,0.398989898989899,,,,,,,,,,,
5.145454545454546e-07,0.40303030303030307,,,,,,,,,,,
5.145454545454546e-07,0.407070707070707,,,,,,,,,,,
5.145454545454546e-07,0.4111111111111111,,,,,,,,,,,
5.145454545454546e-07,0.41515151515151516,,,,,,,,,,,
5.145454545454546e-07,0.4191919191919192,,,,,,,,,,,
5.145454545454546e-07,0.4232323232323232,,,,,,,,,,,
5.145454545454546e-07,0.42727272727272725,,,,,,,,,,,
5.145454545454546e-07,0.4313131313131313,,,,,,,,,,,
5.145454545454546e-07,0.4353535353535354,,,,,,,,,,,
5.145454545454546e-07,0.43939393939393945,,,,,,,,,,,
5.145454545454546e-07,0.4434343434343434,,,,,,,,,,,
5.145454545454546e-07,0.44747474747474747,,,,,,,,,,,
5.145454545454546e-07,0.45151515151515154,,,,,,,,,,,
5.145454545454546e-07,0.4555555555555556,,,,,,,,,,,
5.145454545454546e-07,0.45959595959595956,,,,,,,,,,,
5.145454545454546e-07,0.4636363636363636,,,,,,,,,,,
5.145454545454546e-07,0.4676767676767677,,,,,,,,,,,
5.145454545454546e-07,0.47171717171717176,,,,,,,,,,,
5.145454545454546e-07,0.4757575757575757,,,,,,,,,,,
5.145454545454546e-07,0.4797979797979798,,,,,,,,,,,
5.145454545454546e-07,0.48383838383838385,,,,,,,,,,,
5.145454545454546e-07,0.4878787878787879,,,,,,,,,,,
5.145454545454546e-07,0.491919191919192,,,,,,,,,,,
5.145454545454546e-07,0.49595959595959593,,,,,,,,,,,
5.145454545454546e-07,0.5,,,,,,,,,,,
6.154545454545456e-07,0.1,,,,,,,,,,,
6.154545454545456e-07,0.10404040404040404,,,,,,,,,,,
6.154545454545456e-07,0.10808080808080808,,,,,,,,,,,
6.154545454545456e-07,0.11212121212121212,,,,,,,,,,,
6.154545454545456e-07,0.11616161616161616,,,,,,,,,,,
6.154545454545456e-07,0.1202020202020202,,,,,,,,,,,
6.154545454545456e-07,0.12424242424242425,,,,,,,,,,,
6.154545454545456e-07,0.12828282828282828,,,,,,,,,,,
6.154545454545456e-07,0.13232323232323234,,,,,,,,,,,
6.154545454545456e-07,0.13636363636363635,,,,,,,,,,,
6.154545454545456e-07,0.14040404040404042,,,,,,,,,,,
6.154545454545456e-07,0.14444444444444446,,,,,,,,,,,
6.154545454545456e-07,0.1484848484848485,,,,,,,,,,,
6.154545454545456e-07,0.15252525252525254,,,,,,,,,,,
6.154545454545456e-07,0.15656565656565657,,,,,,,,,,,
6.154545454545456e-07,0.1606060606060606,,,,,,,,,,,
6.154545454545456e-07,0.16464646464646465,,,,,,,,,,,
6.154545454545456e-07,0.1686868686868687,,,,,,,,,,,
6.154545454545456e-07,0.17272727272727273,,,,,,,,,,,
6.154545454545456e-07,0.17676767676767677,,,,,,,,,,,
6.154545454545456e-07,0.1808080808080808,,,,,,,,,,,
6.154545454545456e-07,0.18484848484848487,,,,,,,,,,,
6.154545454545456e-07,0.18888888888888888,,,,,,,,,,,
6.154545454545456e-07,0.19292929292929295,,,,,,,,,,,
6.154545454545456e-07,0.19696969696969696,,,,,,,,,,,
6.154545454545456e-07,0.20101010101010103,,,,,,,,,,,
6.154545454545456e-07,0.20505050505050504,,,,,,,,,,,
6.154545454545456e-07,0.2090909090909091,,,,,,,,,,,
6.154545454545456e-07,0.21313131313131314,,,,,,,,,,,
6.154545454545456e-07,0.21717171717171718,,,,,,,,,,,
6.154545454545456e-07,0.22121212121212122,,,,,,,,,,,
6.154545454545456e-07,0.22525252525252526,,,,,,,,,,,
6.154545454545456e-07,0.2292929292929293,,,,,,,,,,,
6.154545454545456e-07,0.23333333333333334,,,,,,,,,,,
6.154545454545456e-07,0.23737373737373738,,,,,,,,,,,
6.154545454545456e-07,0.24141414141414141,,,,,,,,,,,
6.154545454545456e-07,0.24545454545454545,,,,,,,,,,,
6.154545454545456e-07,0.2494949494949495,,,,,,,,,,,
6.154545454545456e-07,0.2535353535353535,,,,,,,,,,,
6.154545454545456e-07,0.25757575757575757,,,,,,,,,,,
6.154545454545456e-07,0.26161616161616164,,,,,,,,,,,
6.154545454545456e-07,0.2656565656565657,,,,,,,,,,,
6.154545454545456e-07,0.2696969696969697,,,,,,,,,,,
6.154545454545456e-07,0.2737373737373737,,,,,,,,,,,
6.154545454545456e-07,0.2777777777777778,,,,,,,,,,,
6.154545454545456e-07,0.28181818181818186,,,,,,,,,,,
6.154545454545456e-07,0.28585858585858587,,,,,,,,,,,
6.154545454545456e-07,0.2898989898989899,,,,,,,,,,,
6.154545454545456e-07,0.29393939393939394,,,,,,,,,,,
6.154545454545456e-07,0.297979797979798,,,,,,,,,,,
6.154545454545456e-07,0.302020202020202,,,,,,,,,,,
6.154545454545456e-07,0.30606060606060603,,,,,,,,,,,
6.154545454545456e-07,0.3101010101010101,,,,,,,,,,,
6.154545454545456e-07,0.31414141414141417,,,,,,,,,,,
6.154545454545456e-07,0.3181818181818182,,,,,,,,,,,
6.154545454545456e-07,0.3222222222222222,,,,,,,,,,,
6.154545454545456e-07,0.32626262626262625,,,,,,,,,,,
6.154545454545456e-07,0.3303030303030303,,,,,,,,,,,
6.154545454545456e-07,0.3343434343434344,,,,,,,,,,,
6.154545454545456e-07,0.3383838383838384,,,,,,,,,,,
6.154545454545456e-07,0.3424242424242424,,,,,,,,,,,
6.154545454545456e-07,0.3464646464646465,,,,,,,,,,,
6.154545454545456e-07,0.35050505050505054,,,,,,,,,,,
6.154545454545456e-07,0.3545454545454545,,,,,,,,,,,
6.154545454545456e-07,0.35858585858585856,,,,,,,,,,,
6.154545454545456e-07,0.36262626262626263,,,,,,,,,,,
6.154545454545456e-07,0.3666666666666667,,,,,,,,,,,
6.154545454545456e-07,0.37070707070707076,,,,,,,,,,,
6.154545454545456e-07,0.3747474747474747,,,,,,,,,,,
6.154545454545456e-07,0.3787878787878788,,,,,,,,,,,
6.154545454545456e-07,0.38282828282828285,,,,,,,,,,,
6.154545454545456e-07,0.3868686868686869,,,,,,,,,,,
6.154545454545456e-07,0.3909090909090909,,,,,,,,,,,
6.154545454545456e-07,0.39494949494949494,,,,,,,,,,,
6.154545454545456e-07,0.398989898989899,,,,,,,,,,,
6.154545454545456e-07,0.40303030303030307,,,,,,,,,,,
6.154545454545456e-07,0.407070707070707,,,,,,,,,,,
6.154545454545456e-07,0.4111111111111111,,,,,,,,,,,
6.154545454545456e-07,0.41515151515151516,,,,,,,,,,,
6.154545454545456e-07,0.4191919191919192,,,,,,,,,,,
6.154545454545456e-07,0.4232323232323232,,,,,,,,,,,
6.154545454545456e-07,0.42727272727272725,,,,,,,,,,,
6.154545454545456e-07,0.4313131313131313,,,,,,,,,,,
6.154545454545456e-07,0.4353535353535354,,,,,,,,,,,
6.154545454545456e-07,0.43939393939393945,,,,,,,,,,,
6.154545454545456e-07,0.4434343434343434,,,,,,,,,,,
6.154545454545456e-07,0.44747474747474747,,,,,,,,,,,
6.154545454545456e-07,0.45151515151515154,,,,,,,,,,,
6.154545454545456e-07,0.4555555555555556,,,,,,,,,,,
6.154545454545456e-07,0.45959595959595956,,,,,,,,,,,
6.154545454545456e-07,0.4636363636363636,,,,,,,,,,,
6.154545454545456e-07,0.4676767676767677,,,,,,,,,,,
6.154545454545456e-07,0.47171717171717176,,,,,,,,,,,
6.154545454545456e-07,0.4757575757575757,,,,,,,,,,,
6.154545454545456e-07,0.4797979797979798,,,,,,,,,,,
6.154545454545456e-07,0.48383838383838385,,,,,,,,,,,
6.154545454545456e-07,0.4878787878787879,,,,,,,,,,,
6.154545454545456e-07,0.491919191919192,,,,,,,,,,,
6.154545454545456e-07,0.49595959595959593,,,,,,,,,,,
6.154545454545456e-07,0.5,,,,,,,,,,,
7.163636363636365e-07,0.1,,,,,,,,,,,
7.163636363636365e-07,0.10404040404040404,,,,,,,,,,,
7.163636363636365e-07,0.10808080808080808,,,,,,,,,,,
7.163636363636365e-07,0.11212121212121212,,,,,,,,,,,
7.163636363636365e-07,0.11616161616161616,,,,,,,,,,,
7.163636363636365e-07,0.1202020202020202,,,,,,,,,,,
7.163636363636365e-07,0.12424242424242425,,,,,,,,,,,
7.163636363636365e-07,0.12828282828282828,,,,,,,,,,,
7.163636363636365e-07,0.13232323232323234,,,,,,,,,,,
7.163636363636365e-07,0.13636363636363635,,,,,,,,,,,
7.163636363636365e-07,0.14040404040404042,,,,,,,,,,,
7.163636363636365e-07,0.14444444444444446,,,,,,,,,,,
7.163636363636365e-07,0.1484848484848485,,,,,,,,,,,
7.163636363636365e-07,0.15252525252525254,,,,,,,,,,,
7.163636363636365e-07,0.15656565656565657,,,,,,,,,,,
7.163636363636365e-07,0.1606060606060606,,,,,,,,,,,
7.163636363636365e-07,0.16464646464646465,,,,,,,,,,,
7.163636363636365e-07,0.1686868686868687,,,,,,,,,,,
7.163636363636365e-07,0.17272727272727273,,,,,,,,,,,
7.163636363636365e-07,0.17676767676767677,,,,,,,,,,,
7.163636363636365e-07,0.1808080808080808,,,,,,,,,,,
7.163636363636365e-07,0.18484848484848487,,,,,,,,,,,
7.163636363636365e-07,0.18888888888888888,,,,,,,,,,,
7.163636363636365e-07,0.19292929292929295,,,,,,,,,,,
7.163636363636365e-07,0.19696969696969696,,,,,,,,,,,
7.163636363636365e-07,0.20101010101010103,,,,,,,,,,,
7.163636363636365e-07,0.20505050505050504,,,,,,,,,,,
7.163636363636365e-07,0.2090909090909091,,,,,,,,,,,
7.163636363636365e-07,0.21313131313131314,,,,,,,,,,,
7.163636363636365e-07,0.21717171717171718,,,,,,,,,,,
7.163636363636365e-07,0.22121212121212122,,,,,,,,,,,
7.163636363636365e-07,0.22525252525252526,,,,,,,,,,,
7.163636363636365e-07,0.2292929292929293,,,,,,,,,,,
7.163636363636365e-07,0.23333333333333334,,,,,,,,,,,
7.163636363636365e-07,0.23737373737373738,,,,,,,,,,,
7.163636363636365e-07,0.24141414141414141,,,,,,,,,,,
7.163636363636365e-07,0.24545454545454545,,,,,,,,,,,
7.163636363636365e-07,0.2494949494949495,,,,,,,,,,,
7.163636363636365e-07,0.2535353535353535,,,,,,,,,,,
7.163636363636365e-07,0.25757575757575757,,,,,,,,,,,
7.163636363636365e-07,0.26161616161616164,,,,,,,,,,,
7.163636363636365e-07,0.2656565656565657,,,,,,,,,,,
7.163636363636365e-07,0.2696969696969697,,,,,,,,,,,
7.163636363636365e-07,0.2737373737373737,,,,,,,,,,,
7.163636363636365e-07,0.2777777777777778,,,,,,,,,,,
7.163636363636365e-07,0.28181818181818186,,,,,,,,,,,
7.163636363636365e-07,0.28585858585858587,,,,,,,,,,,
7.163636363636365e-07,0.2898989898989899,,,,,,,,,,,
7.163636363636365e-07,0.29393939393939394,,,,,,,,,,,
7.163636363636365e-07,0.297979797979798,,,,,,,,,,,
7.163636363636365e-07,0.302020202020202,,,,,,,,,,,
7.163636363636365e-07,0.30606060606060603,,,,,,,,,,,
7.163636363636365e-07,0.3101010101010101,,,,,,,,,,,
7.163636363636365e-07,0.31414141414141417,,,,,,,,,,,
7.163636363636365e-07,0.3181818181818182,,,,,,,,,,,
7.163636363636365e-07,0.3222222222222222,,,,,,,,,,,
7.163636363636365e-07,0.32626262626262625,,,,,,,,,,,
7.163636363636365e-07,0.3303030303030303,,,,,,,,,,,
7.163636363636365e-07,0.3343434343434344,,,,,,,,,,,
7.163636363636365e-07,0.3383838383838384,,,,,,,,,,,
7.163636363636365e-07,0.3424242424242424,,,,,,,,,,,
7.163636363636365e-07,0.3464646464646465,,,,,,,,,,,
7.163636363636365e-07,0.35050505050505054,,,,,,,,,,,
7.163636363636365e-07,0.3545454545454545,,,,,,,,,,,
7.163636363636365e-07,0.35858585858585856,,,,,,,,,,,
7.163636363636365e-07,0.36262626262626263,,,,,,,,,,,
7.163636363636365e-07,0.3666666666666667,,,,,,,,,,,
7.163636363636365e-07,0.37070707070707076,,,,,,,,,,,
7.163636363636365e-07,0.3747474747474747,,,,,,,,,,,
7.163636363636365e-07,0.3787878787878788,,,,,,,,,,,
7.163636363636365e-07,0.38282828282828285,,,,,,,,,,,
7.163636363636365e-07,0.3868686868686869,,,,,,,,,,,
7.163636363636365e-07,0.3909090909090909,,,,,,,,,,,
7.163636363636365e-07,0.39494949494949494,,,,,,,,,,,
7.163636363636365e-07,0.398989898989899,,,,,,,,,,,
7.163636363636365e-07,0.40303030303030307,,,,,,,,,,,
7.163636363636365e-07,0.407070707070707,,,,,,,,,,,
7.163636363636365e-07,0.4111111111111111,,,,,,,,,,,
7.163636363636365e-07,0.41515151515151516,,,,,,,,,,,
7.163636363636365e-07,0.4191919191919192,,,,,,,,,,,
7.163636363636365e-07,0.4232323232323232,,,,,,,,,,,
7.163636363636365e-07,0.42727272727272725,,,,,,,,,,,
7.163636363636365e-07,0.4313131313131313,,,,,,,,,,,
7.163636363636365e-07,0.4353535353535354,,,,,,,,,,,
7.163636363636365e-07,0.43939393939393945,,,,,,,,,,,
7.163636363636365e-07,0.4434343434343434,,,,,,,,,,,
7.163636363636365e-07,0.44747474747474747,,,,,,,,,,,
7.163636363636365e-07,0.45151515151515154,,,,,,,,,,,
7.163636363636365e-07,0.4555555555555556,,,,,,,,,,,
7.163636363636365e-07,0.45959595959595956,,,,,,,,,,,
7.163636363636365e-07,0.4636363636363636,,,,,,,,,,,
7.163636363636365e-07,0.4676767676767677,,,,,,,,,,,
7.163636363636365e-07,0.47171717171717176,,,,,,,,,,,
7.163636363636365e-07,0.4757575757575757,,,,,,,,,,,
7.163636363636365e-07,0.4797979797979798,,,,,,,,,,,
7.163636363636365e-07,0.48383838383838385,,,,,,,,,,,
7.163636363636365e-07,0.4878787878787879,,,,,,,,,,,
7.163636363636365e-07,0.491919191919192,,,,,,,,,,,
7.163636363636365e-07,0.49595959595959593,,,,,,,,,,,
7.163636363636365e-07,0.5,,,,,,,,,,,
8.172727272727274e-07,0.1,,,,,,,,,,,
8.172727272727274e-07,0.10404040404040404,,,,,,,,,,,
8.172727272727274e-07,0.10808080808080808,,,,,,,,,,,
8.172727272727274e-07,0.11212121212121212,,,,,,,,,,,
8.172727272727274e-07,0.11616161616161616,,,,,,,,,,,
8.172727272727274e-07,0.1202020202020202,,,,,,,,,,,
8.172727272727274e-07,0.12424242424242425,,,,,,,,,,,
8.172727272727274e-07,0.12828282828282828,,,,,,,,,,,
8.172727272727274e-07,0.13232323232323234,,,,,,,,,,,
8.172727272727274e-07,0.13636363636363635,,,,,,,,,,,
8.172727272727274e-07,0.14040404040404042,,,,,,,,,,,
8.172727272727274e-07,0.14444444444444446,,,,,,,,,,,
8.172727272727274e-07,0.1484848484848485,,,,,,,,,,,
8.172727272727274e-07,0.15252525252525254,,,,,,,,,,,
8.172727272727274e-07,0.15656565656565657,,,,,,,,,,,
8.172727272727274e-07,0.1606060606060606,,,,,,,,,,,
8.172727272727274e-07,0.16464646464646465,,,,,,,,,,,
8.172727272727274e-07,0.1686868686868687,,,,,,,,,,,
8.172727272727274e-07,0.17272727272727273,,,,,,,,,,,
8.172727272727274e-07,0.17676767676767677,,,,,,,,,,,
8.172727272727274e-07,0.1808080808080808,,,,,,,,,,,
8.172727272727274e-07,0.18484848484848487,,,,,,,,,,,
8.172727272727274e-07,0.18888888888888888,,,,,,,,,,,
8.172727272727274e-07,0.19292929292929295,,,,,,,,,,,
8.172727272727274e-07,0.19696969696969696,,,,,,,,,,,
8.172727272727274e-07,0.20101010101010103,,,,,,,,,,,
8.172727272727274e-07,0.20505050505050504,,,,,,,,,,,
8.172727272727274e-07,0.2090909090909091,,,,,,,,,,,
8.172727272727274e-07,0.21313131313131314,,,,,,,,,,,
8.172727272727274e-07,0.21717171717171718,,,,,,,,,,,
8.172727272727274e-07,0.22121212121212122,,,,,,,,,,,
8.172727272727274e-07,0.22525252525252526,,,,,,,,,,,
8.172727272727274e-07,0.2292929292929293,,,,,,,,,,,
8.172727272727274e-07,0.23333333333333334,,,,,,,,,,,
8.172727272727274e-07,0.23737373737373738,2593748.648237075,1021700.1649723846,6730.856204622953,5265.47623448344,1465.381987939491,4.593243440972938,3.5932448179517706,0.02457247916387171,0.02457247916387171,19.669198112464194,-5.684341886080802e-14
8.172727272727274e-07,0.24141414141414141,2603929.5617151125,1034640.4047075908,6844.771298181745,5375.8911426172035,1468.883832519463,4.659845214880905,3.6598477181114806,0.024938111112475594,0.024938111112475594,19.253046154019746,0.0
8.172727272727274e-07,0.24545454545454545,2614071.923809198,1047522.3508604477,6957.6245459167385,5485.361331598574,1472.269802812169,4.72578092183039,3.725785396889236,0.025303902855822607,0.025303902855822607,18.842518755216478,0.0
8.172727272727274e-07,0.2494949494949495,2624090.92212336,1060236.5544197494,7068.493010625899,5592.987654309381,1475.5170306535513,4.790519434055633,3.790527346087003,0.02566673772409624,0.02566673772409624,18.440819262034175,0.0
8.172727272727274e-07,0.2535353535353535,2634116.9950766284,1072946.4180566492,7178.834788751614,5700.182423986714,1478.6731387323634,4.854916614571009,3.8549306636308853,0.026031295835161065,0.026031295835161065,18.042448208897245,0.0
8.172727272727274e-07,0.25757575757575757,2643931.4181540334,1085372.4100875019,7286.262484983577,5804.62343055581,1481.6755146004778,4.917583109921514,3.9176077173152053,0.026389569239208637,0.026389569239208637,17.655684685362694,0.0
8.172727272727274e-07,0.26161616161616164,2653585.734140668,1097577.0892665058,7391.368540299089,5906.8836425010495,1484.5481335574977,4.978867557892366,3.9789101538567735,0.026743355356551576,0.026743355356551576,17.277847859904586,0.0
8.172727272727274e-07,0.2656565656565657,2663244.4815650634,1109763.7602539756,7495.944757116201,6008.708684566947,1487.3454536981744,5.039814212951059,4.039887754137236,0.027098658688225884,0.027098658688225884,16.90167023673624,5.684341886080802e-14
8.172727272727274e-07,0.2696969696969697,2672692.25896111,1121654.0034636562,7597.652119025898,6107.826344903537,1490.0115796987486,5.0990557540244055,4.099180454784399,0.027447535125516637,0.027447535125516637,16.534326611708924,0.0
8.172727272727274e-07,0.2737373737373737,2682154.9315998354,1133428.8737151353,7697.9982854915015,6205.661991650628,1492.6489489156206,5.15727310904814,4.157482572281256,0.02779558428761243,0.02779558428761243,16.168054754227672,0.0
8.172727272727274e-07,0.2777777777777778,2691447.619590764,1145045.512912371,7796.8660066375,6302.2062882638265,1495.1493300070424,5.214774103266846,4.215101569977724,0.028141549714405967,0.028141549714405967,15.804070818119737,0.0
8.172727272727274e-07,0.28181818181818186,2700661.630186845,1156460.6148477765,7894.005987954798,6397.24477698687,1497.5940462508242,5.271125381218744,4.271681496732813,0.028486206582341578,0.028486206582341578,15.431443691629346,0.0
8.172727272727274e-07,0.28585858585858587,2709722.442475775,1167556.1399729117,7988.533290566283,6489.939433627187,1499.978272886484,5.325766002725856,4.32668896005958,0.02882687221558429,0.02882687221558429,15.049207163146727,0.0
8.172727272727274e-07,0.2898989898989899,2718729.961493947,1178393.1480579393,8081.2138745914,6581.120487972643,1502.3555324211536,5.379028931698973,4.380534664365828,0.029167617483605513,0.029167617483605513,14.64331607404018,0.0
8.172727272727274e-07,0.29393939393939394,2727690.5192074995,1188946.3549443334,8171.974116417988,6670.74788722079,1504.7449286653327,5.430803560618279,4.433141963227987,0.029508876823016242,0.029508876823016242,14.209118259433323,0.0
8.172727272727274e-07,0.297979797979798,2736621.7842778764,1198932.3694737176,8259.520532404773,6757.974555908143,1507.2655542160794,5.47980447725451,4.483599148806216,0.029853066132879708,0.029853066132879708,13.696587409694903,0.0
8.172727272727274e-07,0.302020202020202,2745553.1635313802,1208281.491856653,8343.675953116377,6842.735597549699,1509.9728625411267,5.525712521134215,4.5316944213382016,0.03020201527318947,0.03020201527318947,13.090935768264425,0.0
8.172727272727274e-07,0.30606060606060603,2754619.953879387,1217058.6767381877,8425.376858152727,6926.040598085295,1512.94511830234,5.5688582197923715,4.577853164863596,0.030561636228277726,0.030561636228277726,12.375519986460615,0.0
8.172727272727274e-07,0.3101010101010101,2763767.031634708,1224497.9866810674,8501.176182598005,7005.611796117857,1516.4307825423568,5.606043006028566,4.619803209463124,0.03093806708035699,0.03093806708035699,11.42836917929121,0.0
8.172727272727274e-07,0.31414141414141417,2773267.6678879126,1230681.6196825067,8571.869030724445,7082.091048190777,1520.5973304791123,5.637172221013703,4.657440142920243,0.0313370040688628,0.0313370040688628,10.248494081102658,0.0
8.172727272727274e-07,0.3181818181818182,2783177.006373769,1236073.7327613544,8640.40456278021,7157.8875780369,1525.3063880884677,5.6647009612334145,4.692753950245531,0.0317621948996217,0.0317621948996217,8.894885414507629,0.0
8.172727272727274e-07,0.3222222222222222,2793428.621002173,1239166.412345781,8699.326392207711,7227.447639046801,1531.0463297599424,5.681948496994017,4.720593687181246,0.03222117088924666,0.03222117088924666,7.172889622063425,0.0
8.172727272727274e-07,0.32626262626262625,2804008.723436199,1240780.6553053905,8752.606011509843,7293.3969336470955,1537.4717902687835,5.692856328752345,4.7437598398940715,0.03270953926229365,0.03270953926229365,5.236721419152605,0.0
8.172727272727274e-07,0.3303030303030303,2814545.0266347947,1240204.1522988945,8796.040758287003,7352.137396355878,1544.5222294159819,5.694991364166368,4.760136990152537,0.03322235868408283,0.03322235868408283,3.0588676383729894,0.0
8.172727272727274e-07,0.3343434343434344,,,,,,,,,,,
8.172727272727274e-07,0.3383838383838384,,,,,,,,,,,
8.172727272727274e-07,0.3424242424242424,,,,,,,,,,,
8.172727272727274e-07,0.3464646464646465,,,,,,,,,,,
8.172727272727274e-07,0.35050505050505054,,,,,,,,,,,
8.172727272727274e-07,0.3545454545454545,,,,,,,,,,,
8.172727272727274e-07,0.35858585858585856,,,,,,,,,,,
8.172727272727274e-07,0.36262626262626263,,,,,,,,,,,
8.172727272727274e-07,0.3666666666666667,,,,,,,,,,,
8.172727272727274e-07,0.37070707070707076,,,,,,,,,,,
8.172727272727274e-07,0.3747474747474747,,,,,,,,,,,
8.172727272727274e-07,0.3787878787878788,,,,,,,,,,,
8.172727272727274e-07,0.38282828282828285,,,,,,,,,,,
8.172727272727274e-07,0.3868686868686869,,,,,,,,,,,
8.172727272727274e-07,0.3909090909090909,,,,,,,,,,,
8.172727272727274e-07,0.39494949494949494,,,,,,,,,,,
8.172727272727274e-07,0.398989898989899,,,,,,,,,,,
8.172727272727274e-07,0.40303030303030307,,,,,,,,,,,
8.172727272727274e-07,0.407070707070707,,,,,,,,,,,
8.172727272727274e-07,0.4111111111111111,,,,,,,,,,,
8.172727272727274e-07,0.41515151515151516,,,,,,,,,,,
8.172727272727274e-07,0.4191919191919192,,,,,,,,,,,
8.172727272727274e-07,0.4232323232323232,,,,,,,,,,,
8.172727272727274e-07,0.42727272727272725,,,,,,,,,,,
8.172727272727274e-07,0.4313131313131313,,,,,,,,,,,
8.172727272727274e-07,0.4353535353535354,,,,,,,,,,,
8.172727272727274e-07,0.43939393939393945,,,,,,,,,,,
8.172727272727274e-07,0.4434343434343434,,,,,,,,,,,
8.172727272727274e-07,0.44747474747474747,,,,,,,,,,,
8.172727272727274e-07,0.45151515151515154,,,,,,,,,,,
8.172727272727274e-07,0.4555555555555556,,,,,,,,,,,
8.172727272727274e-07,0.45959595959595956,,,,,,,,,,,
8.172727272727274e-07,0.4636363636363636,,,,,,,,,,,
8.172727272727274e-07,0.4676767676767677,,,,,,,,,,,
8.172727272727274e-07,0.47171717171717176,,,,,,,,,,,
8.172727272727274e-07,0.4757575757575757,,,,,,,,,,,
8.172727272727274e-07,0.4797979797979798,,,,,,,,,,,
8.172727272727274e-07,0.48383838383838385,,,,,,,,,,,
8.172727272727274e-07,0.4878787878787879,,,,,,,,,,,
8.172727272727274e-07,0.491919191919192,,,,,,,,,,,
8.172727272727274e-07,0.49595959595959593,,,,,,,,,,,
8.172727272727274e-07,0.5,,,,,,,,,,,
9.181818181818183e-07,0.1,,,,,,,,,,,
9.181818181818183e-07,0.10404040404040404,,,,,,,,,,,
9.181818181818183e-07,0.10808080808080808,,,,,,,,,,,
9.181818181818183e-07,0.11212121212121212,,,,,,,,,,,
9.181818181818183e-07,0.11616161616161616,,,,,,,,,,,
9.181818181818183e-07,0.1202020202020202,,,,,,,,,,,
9.181818181818183e-07,0.12424242424242425,,,,,,,,,,,
9.181818181818183e-07,0.12828282828282828,,,,,,,,,,,
9.181818181818183e-07,0.13232323232323234,,,,,,,,,,,
9.181818181818183e-07,0.13636363636363635,,,,,,,,,,,
9.181818181818183e-07,0.14040404040404042,,,,,,,,,,,
9.181818181818183e-07,0.14444444444444446,,,,,,,,,,,
9.181818181818183e-07,0.1484848484848485,,,,,,,,,,,
9.181818181818183e-07,0.15252525252525254,,,,,,,,,,,
9.181818181818183e-07,0.15656565656565657,,,,,,,,,,,
9.181818181818183e-07,0.1606060606060606,,,,,,,,,,,
9.181818181818183e-07,0.16464646464646465,,,,,,,,,,,
9.181818181818183e-07,0.1686868686868687,,,,,,,,,,,
9.181818181818183e-07,0.17272727272727273,,,,,,,,,,,
9.181818181818183e-07,0.17676767676767677,,,,,,,,,,,
9.181818181818183e-07,0.1808080808080808,,,,,,,,,,,
9.181818181818183e-07,0.18484848484848487,,,,,,,,,,,
9.181818181818183e-07,0.18888888888888888,,,,,,,,,,,
9.181818181818183e-07,0.19292929292929295,,,,,,,,,,,
9.181818181818183e-07,0.19696969696969696,,,,,,,,,,,
9.181818181818183e-07,0.20101010101010103,,,,,,,,,,,
9.181818181818183e-07,0.20505050505050504,,,,,,,,,,,
9.181818181818183e-07,0.2090909090909091,,,,,,,,,,,
9.181818181818183e-07,0.21313131313131314,,,,,,,,,,,
9.181818181818183e-07,0.21717171717171718,2559053.1473334986,1017867.4811170972,6317.776402629691,4874.106156434555,1443.6711368291058,4.376188067669013,3.376188684592041,0.02446451802901718,0.02446451802901718,19.793288191206372,0.0
9.181818181818183e-07,0.22121212121212122,2570377.5580192,1031855.2267199812,6445.798282790286,4998.261971705989,1447.5380792537599,4.4529386654292695,3.4529398869304435,0.024859240467294166,0.024859240467294166,19.34244951482157,0.0
9.181818181818183e-07,0.22525252525252526,2581522.1259454577,1045619.4305324396,6571.040630873701,5119.816245526809,1451.227720884475,4.527918352378819,3.527920650803481,0.02524971220060341,0.02524971220060341,18.90322348935705,0.0
9.181818181818183e-07,0.2292929292929293,2592512.875411246,1059189.966538187,6693.836313568394,5239.085539805692,1454.756926160512,4.601343491269842,3.601347720428473,0.025636724603806473,0.025636724603806473,18.474292383302647,5.684341886080802e-14
9.181818181818183e-07,0.23333333333333334,2603477.3212087494,1072721.8757655353,6815.634376449196,5357.4723375548265,1458.1733997121578,4.674090459882615,3.6740982510121136,0.02602469405213654,0.02602469405213654,18.050438580823055,0.0
9.181818181818183e-07,0.23737373737373738,2614168.4369138354,1085907.8702811252,6933.723281252106,5472.336139526776,1461.4077632920992,4.744550737593301,3.74456484834821,0.02640478238077932,0.02640478238077932,17.640842845672534,0.0
9.181818181818183e-07,0.24141414141414141,2624761.49910538,1098961.389669761,7050.074337000075,5585.589704340652,1464.5216992397616,4.813909101285282,3.8139344109685447,0.026783114144843512,0.026783114144843512,17.238275464435002,0.0
9.181818181818183e-07,0.24545454545454545,2635206.7988888617,1111817.4615871485,7164.158242465984,5696.716788492652,1467.507083869795,4.881855986394425,3.881900708424856,0.027157848321106348,0.027157848321106348,16.844004962379753,0.0
9.181818181818183e-07,0.2494949494949495,2645606.8629048867,1124599.4815473028,7277.111029550324,5806.8224215707305,1470.398393982215,4.949074386460696,3.9491490505810263,0.02753261195387811,0.02753261195387811,16.453738421370076,0.0
9.181818181818183e-07,0.2535353535353535,2655737.455958196,1137018.2010595957,7386.4659961530515,5913.516460025226,1473.1438878357253,5.014083184368979,4.014215114256823,0.027899311309906815,0.027899311309906815,16.073385334755482,0.0
9.181818181818183e-07,0.25757575757575757,2665785.358966735,1149292.643784387,7494.229935149791,6018.76367526049,1475.8046639356041,5.078063593568368,4.078292894948539,0.028264672739998834,0.028264672739998834,15.694193941667736,0.0
9.181818181818183e-07,0.26161616161616164,2675744.0595868127,1161410.7565520047,7600.339029629454,6122.500335589643,1478.38522013989,5.140973358019829,4.141343035755127,0.02862843533172759,0.02862843533172759,15.315935378069288,5.684341886080802e-14
9.181818181818183e-07,0.2656565656565657,2685486.286547235,1173147.2696617134,7703.116429287612,6223.1851459019,1480.883482766705,5.201703252774509,4.2023462469007,0.028986299088968853,0.028986299088968853,14.931211133898229,0.0
9.181818181818183e-07,0.2696969696969697,2695286.2967464384,1184796.4655687618,7805.3016702364375,6323.542574652236,1483.3885057718542,5.2618054136634225,4.262903851585325,0.029348533009888173,0.029348533009888173,14.523735881114458,0.0
9.181818181818183e-07,0.2737373737373737,2704864.362418011,1195993.9033625121,7903.846752628737,6420.611163074538,1485.846517275452,5.319423413342692,4.321180612145461,0.029704979024098823,0.029704979024098823,14.100681543460464,-5.684341886080802e-14
9.181818181818183e-07,0.2777777777777778,2714424.1375856884,1206719.5139642104,7999.593461118273,6515.579211766609,1488.4137464075181,5.37457644450432,4.377532273867272,0.030064797760311908,0.030064797760311908,13.61084311390517,0.0
9.181818181818183e-07,0.28181818181818186,2723947.4371550735,1216994.738348007,8092.605511745714,6608.411032666159,1491.0791393991017,5.427348084962813,4.4319653183058545,0.03042712555417622,0.03042712555417622,13.065299024261039,0.0
9.181818181818183e-07,0.28585858585858587,2733514.9365807096,1226250.8963694258,8180.458254838744,6697.6155361312185,1494.1263067336818,5.475078122894504,4.48263008685853,0.030799301298258794,0.030799301298258794,12.355962709320545,0.0
9.181818181818183e-07,0.2898989898989899,2743290.4197522337,1234550.4828148508,8264.242618479213,6784.35860533269,1497.6570174905828,5.518114309193746,4.529981515193848,0.031188665653084518,0.031188665653084518,11.464528069435639,0.0
9.181818181818183e-07,0.29393939393939394,2753275.1923217108,1241729.133161639,8343.217968127556,6868.0394859875705,1501.7434034834866,5.555688108084504,4.573377495820039,0.03159683206761961,0.03159683206761961,10.37610811626888,0.0
9.181818181818183e-07,0.297979797979798,2763644.0583331552,1246987.830448909,8414.312191109644,6946.847133784059,1506.815304421311,5.584169583637951,4.610284427959125,0.03203782484590109,0.03203782484590109,8.945068834505916,0.0
9.181818181818183e-07,0.302020202020202,2774250.496945962,1250516.3524779186,8478.584930411473,7021.416334162583,1512.676171377915,5.605023131083124,4.64171808019339,0.03250991578600971,0.03250991578600971,7.234637972968152,-5.684341886080802e-14
9.181818181818183e-07,0.30606060606060603,2785347.1036953935,1252328.3874437402,8536.274775865671,7091.784298293023,1519.4621607756055,5.617958114539919,4.667299049206359,0.033018311674354,0.033018311674354,5.257771024009489,0.0
9.181818181818183e-07,0.3101010101010101,2796653.843579319,1252519.290990322,8587.612722091219,7157.830334467407,1526.883051593616,5.624276668162818,4.68787070954566,0.033558219790743506,0.033558219790743506,3.083244445461082,0.0
9.181818181818183e-07,0.31414141414141417,,,,,,,,,,,
9.181818181818183e-07,0.3181818181818182,,,,,,,,,,,
9.181818181818183e-07,0.3222222222222222,,,,,,,,,,,
9.181818181818183e-07,0.32626262626262625,,,,,,,,,,,
9.181818181818183e-07,0.3303030303030303,,,,,,,,,,,
9.181818181818183e-07,0.3343434343434344,,,,,,,,,,,
9.181818181818183e-07,0.3383838383838384,,,,,,,,,,,
9.181818181818183e-07,0.3424242424242424,,,,,,,,,,,
9.181818181818183e-07,0.3464646464646465,,,,,,,,,,,
9.181818181818183e-07,0.35050505050505054,,,,,,,,,,,
9.181818181818183e-07,0.3545454545454545,,,,,,,,,,,
9.181818181818183e-07,0.35858585858585856,,,,,,,,,,,
9.181818181818183e-07,0.36262626262626263,,,,,,,,,,,
9.181818181818183e-07,0.3666666666666667,,,,,,,,,,,
9.181818181818183e-07,0.37070707070707076,,,,,,,,,,,
9.181818181818183e-07,0.3747474747474747,,,,,,,,,,,
9.181818181818183e-07,0.3787878787878788,,,,,,,,,,,
9.181818181818183e-07,0.38282828282828285,,,,,,,,,,,
9.181818181818183e-07,0.3868686868686869,,,,,,,,,,,
9.181818181818183e-07,0.3909090909090909,,,,,,,,,,,
9.181818181818183e-07,0.39494949494949494,,,,,,,,,,,
9.181818181818183e-07,0.398989898989899,,,,,,,,,,,
9.181818181818183e-07,0.40303030303030307,,,,,,,,,,,
9.181818181818183e-07,0.407070707070707,,,,,,,,,,,
9.181818181818183e-07,0.4111111111111111,,,,,,,,,,,
9.181818181818183e-07,0.41515151515151516,,,,,,,,,,,
9.181818181818183e-07,0.4191919191919192,,,,,,,,,,,
9.181818181818183e-07,0.4232323232323232,,,,,,,,,,,
9.181818181818183e-07,0.42727272727272725,,,,,,,,,,,
9.181818181818183e-07,0.4313131313131313,,,,,,,,,,,
9.181818181818183e-07,0.4353535353535354,,,,,,,,,,,
9.181818181818183e-07,0.43939393939393945,,,,,,,,,,,
9.181818181818183e-07,0.4434343434343434,,,,,,,,,,,
9.181818181818183e-07,0.44747474747474747,,,,,,,,,,,
9.181818181818183e-07,0.45151515151515154,,,,,,,,,,,
9.181818181818183e-07,0.4555555555555556,,,,,,,,,,,
9.181818181818183e-07,0.45959595959595956,,,,,,,,,,,
9.181818181818183e-07,0.4636363636363636,,,,,,,,,,,
9.181818181818183e-07,0.4676767676767677,,,,,,,,,,,
9.181818181818183e-07,0.47171717171717176,,,,,,,,,,,
9.181818181818183e-07,0.4757575757575757,,,,,,,,,,,
9.181818181818183e-07,0.4797979797979798,,,,,,,,,,,
9.181818181818183e-07,0.48383838383838385,,,,,,,,,,,
9.181818181818183e-07,0.4878787878787879,,,,,,,,,,,
9.181818181818183e-07,0.491919191919192,,,,,,,,,,,
9.181818181818183e-07,0.49595959595959593,,,,,,,,,,,
9.181818181818183e-07,0.5,,,,,,,,,,,
1.0190909090909092e-06,0.1,,,,,,,,,,,
1.0190909090909092e-06,0.10404040404040404,,,,,,,,,,,
1.0190909090909092e-06,0.10808080808080808,,,,,,,,,,,
1.0190909090909092e-06,0.11212121212121212,,,,,,,,,,,
1.0190909090909092e-06,0.11616161616161616,,,,,,,,,,,
1.0190909090909092e-06,0.1202020202020202,,,,,,,,,,,
1.0190909090909092e-06,0.12424242424242425,,,,,,,,,,,
1.0190909090909092e-06,0.12828282828282828,,,,,,,,,,,
1.0190909090909092e-06,0.13232323232323234,,,,,,,,,,,
1.0190909090909092e-06,0.13636363636363635,,,,,,,,,,,
1.0190909090909092e-06,0.14040404040404042,,,,,,,,,,,
1.0190909090909092e-06,0.14444444444444446,,,,,,,,,,,
1.0190909090909092e-06,0.1484848484848485,,,,,,,,,,,
1.0190909090909092e-06,0.15252525252525254,,,,,,,,,,,
1.0190909090909092e-06,0.15656565656565657,,,,,,,,,,,
1.0190909090909092e-06,0.1606060606060606,,,,,,,,,,,
1.0190909090909092e-06,0.16464646464646465,,,,,,,,,,,
1.0190909090909092e-06,0.1686868686868687,,,,,,,,,,,
1.0190909090909092e-06,0.17272727272727273,,,,,,,,,,,
1.0190909090909092e-06,0.17676767676767677,,,,,,,,,,,
1.0190909090909092e-06,0.1808080808080808,,,,,,,,,,,
1.0190909090909092e-06,0.18484848484848487,,,,,,,,,,,
1.0190909090909092e-06,0.18888888888888888,,,,,,,,,,,
1.0190909090909092e-06,0.19292929292929295,,,,,,,,,,,
1.0190909090909092e-06,0.19696969696969696,,,,,,,,,,,
1.0190909090909092e-06,0.20101010101010103,2525841.226388329,1017723.1278120206,5918.41762158163,4496.597045735454,1421.8210406772994,4.162561568762781,3.162561895689385,0.02446044927528538,0.02446044927528538,19.79801015902574,0.0
1.0190909090909092e-06,0.20505050505050504,2538215.7338490873,1032592.1506002645,6059.507763036928,4633.529570974422,1425.9791863144496,4.249366204774827,3.2493669020163805,0.024880081560525815,0.024880081560525815,19.318914211810363,0.0
1.0190909090909092e-06,0.2090909090909091,2550393.3575025178,1047231.2035502732,6197.4833783576105,4767.541989146937,1429.9433284841405,4.334076221697164,3.334077577886202,0.02529554613457392,0.02529554613457392,18.85224550726439,0.0
1.0190909090909092e-06,0.21313131313131314,2562384.1299796645,1061649.2622577904,6332.507824319789,4898.785293124477,1433.7261957139528,4.416818108820554,3.4168206647609085,0.025707030198559397,0.025707030198559397,18.397324325429143,0.0
1.0190909090909092e-06,0.21717171717171718,2574318.257281787,1075999.9680509132,6466.081507354027,5028.711564269054,1437.3768888698721,4.498528922666859,3.4985337549310707,0.02611889652722455,0.02611889652722455,17.948971377036035,0.0
1.0190909090909092e-06,0.22121212121212122,2585958.1588295964,1089995.0671049154,6595.589165396724,5154.770061818945,1440.8313769155084,4.577627383099039,3.57763590133228,0.026522814788286577,0.026522814788286577,17.515832153688077,0.0
1.0190909090909092e-06,0.22525252525252526,2597458.842621199,1103817.2327397438,6722.798389220483,5278.676425289937,1444.1453212362223,4.6552090640473835,3.6552252378391294,0.026924025097340896,0.026924025097340896,17.091533229662076,0.0
1.0190909090909092e-06,0.2292929292929293,2608811.3032177775,1117452.226453288,6847.637014911578,5400.3575269001885,1447.323022109549,4.731243067584726,3.7312731466323843,0.027322121112253614,0.027322121112253614,16.6759162239211,0.0
1.0190909090909092e-06,0.23333333333333334,2619901.2601731,1130758.1915590586,6968.878236112441,5518.61607210729,1450.341083989923,4.804992641414316,3.805047056190014,0.027712985675626075,0.027712985675626075,16.272347579907787,-5.684341886080802e-14
1.0190909090909092e-06,0.23737373737373738,2631021.1883022618,1144080.9897339458,7089.731343351919,5636.582128072243,1453.28662386916,4.878412301405873,3.8785068516392722,0.028106871780425428,0.028106871780425428,15.869424627877324,0.0
1.0190909090909092e-06,0.24141414141414141,2641825.904780291,1156989.8246162795,7206.395905732017,5750.564795538534,1456.0801708625254,4.949175223959837,3.949346272693297,0.028491568114037333,0.028491568114037333,15.47664994190147,0.0
1.0190909090909092e-06,0.24545454545454545,2652472.0629606205,1169670.3650087803,7320.610278199393,5862.254294699048,1458.7711756937545,5.018340367685081,4.018624985451272,0.028872532401971334,0.028872532401971334,15.088146707187377,0.0
1.0190909090909092e-06,0.2494949494949495,2663128.6582740964,1182261.8928018976,7433.896873155759,5973.22477380469,1461.4296214023034,5.086729298686735,4.087247641848896,0.029256169090836524,0.029256169090836524,14.687111118054093,0.0
1.0190909090909092e-06,0.2535353535353535,2673447.556077318,1194323.5388023178,7542.446163193191,6079.775082134806,1463.9868133959353,5.151990505773316,4.152889238142701,0.029630068702936697,0.029630068702936697,14.282120647519376,5.684341886080802e-14
1.0190909090909092e-06,0.25757575757575757,2683759.4686021595,1206180.170560451,7649.46706594883,6185.12991907316,1466.556023216278,5.215939210540979,4.21745219491081,0.03000656352939653,0.03000656352939653,13.850411529483319,0.0
1.0190909090909092e-06,0.26161616161616164,2694066.488007401,1217733.3884562808,7754.49585894329,6288.95894199048,1469.1833205050555,5.27809957458376,4.280581500087102,0.030386442621169928,0.030386442621169928,13.376457083687386,0.0
1.0190909090909092e-06,0.2656565656565657,2704099.000898973,1228295.9657431177,7852.893431262878,6387.20091126168,1471.964815214368,5.334973601335186,4.3392347733063765,0.0307624121129881,0.0307624121129881,12.810781912286618,0.0
1.0190909090909092e-06,0.2696969696969697,2714247.0579003748,1238343.5994233643,7948.87399761555,6483.909772621811,1474.9957855610412,5.389082514966002,4.3958835924100885,0.031148770028937987,0.031148770028937987,12.147243284025386,0.0
1.0190909090909092e-06,0.2737373737373737,2724545.921172839,1247034.5598754894,8038.43115406223,6576.284788344486,1478.6549810181332,5.436312904128142,4.447477520291016,0.03155329493915827,0.03155329493915827,11.249023909307756,0.0
1.0190909090909092e-06,0.2777777777777778,2735065.7708666753,1254667.170752292,8123.45267305548,6665.768567813983,1482.8791580159555,5.478162282572234,4.495152913695656,0.031977613840245056,0.031977613840245056,10.161901003769062,0.0
1.0190909090909092e-06,0.28181818181818186,2746033.331532661,1260109.933373503,8199.42431313044,6749.61411909071,1488.2904387449769,5.509290458147891,4.535145791020752,0.03244106794922963,0.03244106794922963,8.679232637959892,-5.684341886080802e-14
1.0190909090909092e-06,0.28585858585858587,2757415.9186864533,1263685.0008278508,8267.932674666477,6828.695032926599,1494.7118214273694,5.531456001178238,4.568569629967577,0.03294126805098074,0.03294126805098074,6.888521193054043,0.0
1.0190909090909092e-06,0.2898989898989899,2769206.242978482,1266010.591877096,8332.830595207733,6906.064945394626,1501.8439683216866,5.548399681306233,4.5983904393957555,0.033480194037237114,0.033480194037237114,4.889672028730463,0.0
1.0190909090909092e-06,0.29393939393939394,2781107.176005514,1265905.3339988824,8386.009062964835,6974.305114102821,1509.8977053142692,5.554024642496808,4.619058025954939,0.03404713017875479,0.03404713017875479,2.6326654977960926,0.0
1.0190909090909092e-06,0.297979797979798,,,,,,,,,,,
1.0190909090909092e-06,0.302020202020202,,,,,,,,,,,
1.0190909090909092e-06,0.30606060606060603,,,,,,,,,,,
1.0190909090909092e-06,0.3101010101010101,,,,,,,,,,,
1.0190909090909092e-06,0.31414141414141417,,,,,,,,,,,
1.0190909090909092e-06,0.3181818181818182,,,,,,,,,,,
1.0190909090909092e-06,0.3222222222222222,,,,,,,,,,,
1.0190909090909092e-06,0.32626262626262625,,,,,,,,,,,
1.0190909090909092e-06,0.3303030303030303,,,,,,,,,,,
1.0190909090909092e-06,0.3343434343434344,,,,,,,,,,,
1.0190909090909092e-06,0.3383838383838384,,,,,,,,,,,
1.0190909090909092e-06,0.3424242424242424,,,,,,,,,,,
1.0190909090909092e-06,0.3464646464646465,,,,,,,,,,,
1.0190909090909092e-06,0.35050505050505054,,,,,,,,,,,
1.0190909090909092e-06,0.3545454545454545,,,,,,,,,,,
1.0190909090909092e-06,0.35858585858585856,,,,,,,,,,,
1.0190909090909092e-06,0.36262626262626263,,,,,,,,,,,
1.0190909090909092e-06,0.3666666666666667,,,,,,,,,,,
1.0190909090909092e-06,0.37070707070707076,,,,,,,,,,,
1.0190909090909092e-06,0.3747474747474747,,,,,,,,,,,
1.0190909090909092e-06,0.3787878787878788,,,,,,,,,,,
1.0190909090909092e-06,0.38282828282828285,,,,,,,,,,,
1.0190909090909092e-06,0.3868686868686869,,,,,,,,,,,
1.0190909090909092e-06,0.3909090909090909,,,,,,,,,,,
1.0190909090909092e-06,0.39494949494949494,,,,,,,,,,,
1.0190909090909092e-06,0.398989898989899,,,,,,,,,,,
1.0190909090909092e-06,0.40303030303030307,,,,,,,,,,,
1.0190909090909092e-06,0.407070707070707,,,,,,,,,,,
1.0190909090909092e-06,0.4111111111111111,,,,,,,,,,,
1.0190909090909092e-06,0.41515151515151516,,,,,,,,,,,
1.0190909090909092e-06,0.4191919191919192,,,,,,,,,,,
1.0190909090909092e-06,0.4232323232323232,,,,,,,,,,,
1.0190909090909092e-06,0.42727272727272725,,,,,,,,,,,
1.0190909090909092e-06,0.4313131313131313,,,,,,,,,,,
1.0190909090909092e-06,0.4353535353535354,,,,,,,,,,,
1.0190909090909092e-06,0.43939393939393945,,,,,,,,,,,
1.0190909090909092e-06,0.4434343434343434,,,,,,,,,,,
1.0190909090909092e-06,0.44747474747474747,,,,,,,,,,,
1.0190909090909092e-06,0.45151515151515154,,,,,,,,,,,
1.0190909090909092e-06,0.4555555555555556,,,,,,,,,,,
1.0190909090909092e-06,0.45959595959595956,,,,,,,,,,,
1.0190909090909092e-06,0.4636363636363636,,,,,,,,,,,
1.0190909090909092e-06,0.4676767676767677,,,,,,,,,,,
1.0190909090909092e-06,0.47171717171717176,,,,,,,,,,,
1.0190909090909092e-06,0.4757575757575757,,,,,,,,,,,
1.0190909090909092e-06,0.4797979797979798,,,,,,,,,,,
1.0190909090909092e-06,0.48383838383838385,,,,,,,,,,,
1.0190909090909092e-06,0.4878787878787879,,,,,,,,,,,
1.0190909090909092e-06,0.491919191919192,,,,,,,,,,,
1.0190909090909092e-06,0.49595959595959593,,,,,,,,,,,
1.0190909090909092e-06,0.5,,,,,,,,,,,
1.12e-06,0.1,,,,,,,,,,,
1.12e-06,0.10404040404040404,,,,,,,,,,,
1.12e-06,0.10808080808080808,,,,,,,,,,,
1.12e-06,0.11212121212121212,,,,,,,,,,,
1.12e-06,0.11616161616161616,,,,,,,,,,,
1.12e-06,0.1202020202020202,,,,,,,,,,,
1.12e-06,0.12424242424242425,,,,,,,,,,,
1.12e-06,0.12828282828282828,,,,,,,,,,,
1.12e-06,0.13232323232323234,,,,,,,,,,,
1.12e-06,0.13636363636363635,,,,,,,,,,,
1.12e-06,0.14040404040404042,,,,,,,,,,,
1.12e-06,0.14444444444444446,,,,,,,,,,,
1.12e-06,0.1484848484848485,,,,,,,,,,,
1.12e-06,0.15252525252525254,,,,,,,,,,,
1.12e-06,0.15656565656565657,,,,,,,,,,,
1.12e-06,0.1606060606060606,,,,,,,,,,,
1.12e-06,0.16464646464646465,,,,,,,,,,,
1.12e-06,0.1686868686868687,,,,,,,,,,,
1.12e-06,0.17272727272727273,,,,,,,,,,,
1.12e-06,0.17676767676767677,,,,,,,,,,,
1.12e-06,0.1808080808080808,,,,,,,,,,,
1.12e-06,0.18484848484848487,,,,,,,,,,,
1.12e-06,0.18888888888888888,2497470.214244924,1024294.6668574043,5570.848999345602,4169.808412434934,1401.0409175038,3.9762214862868146,2.976221722249325,0.024645615087419057,0.024645615087419057,19.58565987680339,0.0
1.12e-06,0.19292929292929295,2510798.138529181,1039908.003773332,5723.670403987921,4318.285584328147,1405.3855422909762,4.072669194146919,3.07266970833408,0.0250874090912995,0.0250874090912995,19.08515709989933,-5.684341886080802e-14
1.12e-06,0.19696969696969696,2523962.677742382,1055343.6689943725,5873.633331503368,4464.094566451636,1409.5401758500707,4.167056343719381,3.1670573446119854,0.025526768274359624,0.025526768274359624,18.595862180309382,0.0
1.12e-06,0.20101010101010103,2536902.4135353602,1070525.7529037236,6020.091675955758,4606.598482952328,1413.4959365747593,4.259008830647145,3.259010771629966,0.025961469307625315,0.025961469307625315,18.1197777914636,0.0
1.12e-06,0.20505050505050504,2549751.7966728024,1085608.405673237,6164.611146779813,4747.313450653752,1417.3030896623143,4.349536236634176,3.349540042126659,0.026395887738366312,0.026395887738366312,17.651694239686595,0.0
1.12e-06,0.2090909090909091,2562305.01548379,1100346.7730464507,6304.926597576109,4884.026697181358,1420.909849194135,4.437246037214768,3.4372530389252494,0.02682290910388746,0.02682290910388746,17.198808743963383,0.0
1.12e-06,0.21313131313131314,2574663.1570899994,1114855.4019384421,6442.220204698535,5017.884425502237,1424.3553618675246,4.522902343872882,3.522916092317794,0.027245798883734046,0.027245798883734046,16.756890515431948,0.0
1.12e-06,0.21717171717171718,2586823.903521265,1129127.7529091972,6576.506245784459,5148.896521748941,1427.647137547056,4.606534817198619,3.606561023612343,0.027664343590756413,0.027664343590756413,16.32550098441668,0.0
1.12e-06,0.22121212121212122,2598880.660649713,1143269.3507110009,6708.844901723596,5278.093973272831,1430.8184765069539,4.688816234818163,3.6888634442002743,0.028081659310365277,0.028081659310365277,15.900793544037137,0.0
1.12e-06,0.22525252525252526,2610596.770168727,1156991.7222989504,6836.642203520253,5402.95083638079,1433.8192015379873,4.768134082865485,3.7682232394330546,0.028489470830433017,0.028489470830433017,15.489213250695284,0.0
1.12e-06,0.2292929292929293,2622180.285081046,1170534.2628009284,6962.206232010259,5525.717792341633,1436.7124179831235,4.845928903283163,3.84608479969757,0.028894892944197056,0.028894892944197056,15.082809948999316,0.0
1.12e-06,0.23333333333333334,2633624.1875913832,1183854.3416933296,7085.321808219728,5646.227475912212,1439.5151953895115,4.92201946246392,3.9223118269233876,0.029297824101360767,0.029297824101360767,14.67592234312366,0.0
1.12e-06,0.23737373737373738,2644799.703898495,1196793.4478447917,7204.610588562007,5763.132007237845,1442.2063721098707,4.995547605313966,3.996052242375473,0.029693675951946812,0.029693675951946812,14.271983461961769,0.0
1.12e-06,0.24141414141414141,2655844.338045704,1209415.6182358253,7321.095978449569,5877.560515958698,1444.8644878796492,5.0669775884611425,4.067897415476012,0.030087890218325336,0.030087890218325336,13.849971495587397,0.0
1.12e-06,0.24545454545454545,2666781.170942002,1221705.2520529823,7434.846675462198,5989.621249470375,1447.5199456814946,5.136265443279858,4.1378505818449725,0.030481553267679578,0.030481553267679578,13.403127814051985,0.0
1.12e-06,0.2494949494949495,2677589.070157322,1233500.453258952,7544.976581014565,6098.614055277192,1450.2340395922179,5.202592392008734,4.205261970676142,0.030874887384256658,0.030874887384256658,12.910735224691742,0.0
1.12e-06,0.2535353535353535,2688361.6020796215,1244470.6827434627,7650.272285312205,6203.912512287258,1453.2247815846522,5.264342022140617,4.269066004725211,0.03127452634187902,0.03127452634187902,12.300078692280666,0.0
1.12e-06,0.25757575757575757,2699089.2497809315,1254548.0997646425,7750.412122207807,6305.20889839982,1456.5283696101285,5.321154248634631,4.328929686476032,0.031680731687726234,0.031680731687726234,11.568735927863678,0.0
1.12e-06,0.26161616161616164,2709900.1492297784,1263120.708121636,7842.943901140784,6401.017228967296,1460.5128139259225,5.369993214957565,4.382718979206407,0.032104164708814234,0.032104164708814234,10.599510327325193,0.0
1.12e-06,0.2656565656565657,2721249.4723302354,1270348.7020318015,7931.396788064866,6495.302225344387,1465.4365379223282,5.412309972364869,4.432332658057864,0.032568626661308074,0.032568626661308074,9.321180894764122,0.0
1.12e-06,0.2696969696969697,2732805.4396925718,1275731.3805423276,8010.964594143458,6583.036597756363,1471.2787461629814,5.4448992857646035,4.474363960551038,0.03305810231395281,0.03305810231395281,7.776122865935176,0.0
1.12e-06,0.2737373737373737,2745009.671234379,1278310.3730831295,8079.411903559438,6663.753219860522,1478.725924089155,5.463765645777856,4.5064153615655105,0.03360488080951692,0.03360488080951692,5.7525356642613374,0.0
1.12e-06,0.2777777777777778,2757449.5665587825,1278891.6684181602,8139.744720237801,6738.79423257757,1487.0689187817072,5.473683578099628,4.5315951046158505,0.03419040891460397,0.03419040891460397,3.4753655990201704,5.684341886080802e-14
1.12e-06,0.28181818181818186,2770236.5731074647,1277728.4153222607,8192.911631060715,6808.478979216857,1496.1974292566863,5.475822555804664,4.5505217734529335,0.034814064932524244,0.034814064932524244,1.0204821687706456,0.0
1.12e-06,0.28585858585858587,,,,,,,,,,,
1.12e-06,0.2898989898989899,,,,,,,,,,,
1.12e-06,0.29393939393939394,,,,,,,,,,,
1.12e-06,0.297979797979798,,,,,,,,,,,
1.12e-06,0.302020202020202,,,,,,,,,,,
1.12e-06,0.30606060606060603,,,,,,,,,,,
1.12e-06,0.3101010101010101,,,,,,,,,,,
1.12e-06,0.31414141414141417,,,,,,,,,,,
1.12e-06,0.3181818181818182,,,,,,,,,,,
1.12e-06,0.3222222222222222,,,,,,,,,,,
1.12e-06,0.32626262626262625,,,,,,,,,,,
1.12e-06,0.3303030303030303,,,,,,,,,,,
1.12e-06,0.3343434343434344,,,,,,,,,,,
1.12e-06,0.3383838383838384,,,,,,,,,,,
1.12e-06,0.3424242424242424,,,,,,,,,,,
1.12e-06,0.3464646464646465,,,,,,,,,,,
1.12e-06,0.35050505050505054,,,,,,,,,,,
1.12e-06,0.3545454545454545,,,,,,,,,,,
1.12e-06,0.35858585858585856,,,,,,,,,,,
1.12e-06,0.36262626262626263,,,,,,,,,,,
1.12e-06,0.3666666666666667,,,,,,,,,,,
1.12e-06,0.37070707070707076,,,,,,,,,,,
1.12e-06,0.3747474747474747,,,,,,,,,,,
1.12e-06,0.3787878787878788,,,,,,,,,,,
1.12e-06,0.38282828282828285,,,,,,,,,,,
1.12e-06,0.3868686868686869,,,,,,,,,,,
1.12e-06,0.3909090909090909,,,,,,,,,,,
1.12e-06,0.39494949494949494,,,,,,,,,,,
1.12e-06,0.398989898989899,,,,,,,,,,,
1.12e-06,0.40303030303030307,,,,,,,,,,,
1.12e-06,0.407070707070707,,,,,,,,,,,
1.12e-06,0.4111111111111111,,,,,,,,,,,
1.12e-06,0.41515151515151516,,,,,,,,,,,
1.12e-06,0.4191919191919192,,,,,,,,,,,
1.12e-06,0.4232323232323232,,,,,,,,,,,
1.12e-06,0.42727272727272725,,,,,,,,,,,
1.12e-06,0.4313131313131313,,,,,,,,,,,
1.12e-06,0.4353535353535354,,,,,,,,,,,
1.12e-06,0.43939393939393945,,,,,,,,,,,
1.12e-06,0.4434343434343434,,,,,,,,,,,
1.12e-06,0.44747474747474747,,,,,,,,,,,
1.12e-06,0.45151515151515154,,,,,,,,,,,
1.12e-06,0.4555555555555556,,,,,,,,,,,
1.12e-06,0.45959595959595956,,,,,,,,,,,
1.12e-06,0.4636363636363636,,,,,,,,,,,
1.12e-06,0.4676767676767677,,,,,,,,,,,
1.12e-06,0.47171717171717176,,,,,,,,,,,
1.12e-06,0.4757575757575757,,,,,,,,,,,
1.12e-06,0.4797979797979798,,,,,,,,,,,
1.12e-06,0.48383838383838385,,,,,,,,,,,
1.12e-06,0.4878787878787879,,,,,,,,,,,
1.12e-06,0.491919191919192,,,,,,,,,,,
1.12e-06,0.49595959595959593,,,,,,,,,,,
1.12e-06,0.5,,,,,,,,,,,
1.220909090909091e-06,0.1,,,,,,,,,,,
1.220909090909091e-06,0.10404040404040404,,,,,,,,,,,
1.220909090909091e-06,0.10808080808080808,,,,,,,,,,,
1.220909090909091e-06,0.11212121212121212,,,,,,,,,,,
1.220909090909091e-06,0.11616161616161616,,,,,,,,,,,
1.220909090909091e-06,0.1202020202020202,,,,,,,,,,,
1.220909090909091e-06,0.12424242424242425,,,,,,,,,,,
1.220909090909091e-06,0.12828282828282828,,,,,,,,,,,
1.220909090909091e-06,0.13232323232323234,,,,,,,,,,,
1.220909090909091e-06,0.13636363636363635,,,,,,,,,,,
1.220909090909091e-06,0.14040404040404042,,,,,,,,,,,
1.220909090909091e-06,0.14444444444444446,,,,,,,,,,,
1.220909090909091e-06,0.1484848484848485,,,,,,,,,,,
1.220909090909091e-06,0.15252525252525254,,,,,,,,,,,
1.220909090909091e-06,0.15656565656565657,,,,,,,,,,,
1.220909090909091e-06,0.1606060606060606,,,,,,,,,,,
1.220909090909091e-06,0.16464646464646465,,,,,,,,,,,
1.220909090909091e-06,0.1686868686868687,,,,,,,,,,,
1.220909090909091e-06,0.17272727272727273,,,,,,,,,,,
1.220909090909091e-06,0.17676767676767677,2462275.240860741,1023416.0142764483,5141.954999891698,3764.4622002936485,1377.4929712579524,3.732835743761341,2.732835868378966,0.024620828224127207,0.024620828224127207,19.614011639419694,-5.684341886080802e-14
1.220909090909091e-06,0.1808080808080808,2476883.9018312525,1040124.1265690725,5310.860360306121,3928.6772237082823,1382.1835466990194,3.8423698306854464,2.842370127390744,0.025093538097241592,0.025093538097241592,19.07830306654611,0.0
1.220909090909091e-06,0.18484848484848487,2491172.48215789,1056489.1644715618,5474.926119311913,4088.3060710076215,1386.6208335182203,3.948394533652427,2.9483950999311888,0.025559466815941227,0.025559466815941227,18.55983915891368,0.0
1.220909090909091e-06,0.18888888888888888,2505198.592610643,1072571.8017378403,5634.8941890433,4244.058858490754,1390.8368554298247,4.051441523888789,3.0514426202627254,0.026020226326454808,0.026020226326454808,18.056156415035158,0.0
1.220909090909091e-06,0.19292929292929295,2519100.341339013,1088525.955268381,5792.395540322355,4397.514735633221,1394.8837623313877,4.152600880980242,3.1526030013305775,0.026480169058422817,0.026480169058422817,17.562029113648375,0.0
1.220909090909091e-06,0.19696969696969696,2532645.3597633294,1104080.5446248986,5944.8598580375165,4546.161137767217,1398.7048122763288,4.250260530928271,3.2502648863905357,0.026931401799313748,0.026931401799313748,17.08533200652294,0.0
1.220909090909091e-06,0.20101010101010103,2545979.400125466,1119398.8010261194,6093.99655289814,4691.656642824364,1402.3520890983584,4.345553873575553,3.3455625582879565,0.027378556028449026,0.027378556028449026,16.620488995182637,0.0
1.220909090909091e-06,0.20505050505050504,2559103.299539377,1134477.7185515682,6239.864190881132,4834.052813747343,1405.8345732477708,4.43854796974138,3.4385644696300743,0.027821496932438378,0.027821496932438378,16.167040458484177,5.684341886080802e-14
1.220909090909091e-06,0.2090909090909091,2571985.3579058996,1149274.8978504364,6382.150348039674,4973.041428011819,1409.1547553883884,4.529062775848661,3.5290953026952385,0.028259006312428947,0.028259006312428947,15.725227901892495,0.0
1.220909090909091e-06,0.21313131313131314,2584627.8071574816,1163787.8247148707,6520.9238949099545,5108.6855073465185,1412.3236922997837,4.617159600496035,3.6172200007688713,0.028691007001756273,0.028691007001756273,15.294257863797597,0.0
1.220909090909091e-06,0.21717171717171718,2597041.831503832,1178015.6142943962,6656.300367288832,5241.107820029183,1415.357422452806,4.702911265871982,3.703027756018246,0.02911780627543937,0.02911780627543937,14.871435623755335,0.0
1.220909090909091e-06,0.22121212121212122,2609198.01066244,1191975.7337941653,6788.715924163583,5370.785380830844,1418.2335307380783,4.78674053111027,3.7869541682855115,0.029540208478951103,0.029540208478951103,14.4540767075325,5.684341886080802e-14
1.220909090909091e-06,0.22525252525252526,2621161.047417086,1205598.9672756488,6917.3642138970845,5496.870147831825,1421.035825814923,4.867832385527772,3.868213628378812,0.029956878853276914,0.029956878853276914,14.03957883026116,0.0
1.220909090909091e-06,0.2292929292929293,2632924.212593093,1218857.1884367727,7042.506508787329,5619.755800789415,1423.7779585514127,4.9463516881189475,3.9470731844360727,0.030369772228289686,0.030369772228289686,13.613505539303237,0.0
1.220909090909091e-06,0.23333333333333334,2644520.586861287,1231743.1867494152,7164.317570336646,5739.657454450205,1426.4960664414848,5.02231848995465,4.023605525087963,0.030780312164407245,0.030780312164407245,13.168124858464095,0.0
1.220909090909091e-06,0.23737373737373738,2656026.6066413424,1244193.608684555,7282.874946881807,5856.836757884981,1429.2816227848384,5.095479316869492,4.097748592382664,0.031192337528530536,0.031192337528530536,12.67703894631955,0.0
1.220909090909091e-06,0.24141414141414141,2667374.9071023045,1255922.6895719746,7396.4352277333155,5969.831784452346,1432.2238929939092,5.164300961543008,4.168225243033097,0.03160514737448703,0.03160514737448703,12.110585626636759,0.0
1.220909090909091e-06,0.24545454545454545,2678696.409358736,1266492.7955124779,7503.414435134608,6077.810565256733,1435.6288957051245,5.226569664055992,4.233552684429322,0.032028242160126966,0.032028242160126966,11.373859163724735,0.0
1.220909090909091e-06,0.2494949494949495,2690198.072257175,1275904.8245736144,7604.86357705023,6182.005333836248,1439.6604266385598,5.2824009303407085,4.2940718654540735,0.03247132309575495,0.03247132309575495,10.43347461352112,0.0
1.220909090909091e-06,0.2535353535353535,2701988.564630073,1283615.5289549585,7698.593775530262,6280.98387969931,1444.6529342838874,5.329026503757766,4.347745905360159,0.03294446826383719,0.03294446826383719,9.196868531543567,0.0
1.220909090909091e-06,0.25757575757575757,2714154.3476031707,1288807.1303261032,7781.440815019085,6372.716872064092,1451.031994766849,5.362694167380783,4.391851382359117,0.03346260144040109,0.03346260144040109,7.5347091988810675,0.0
1.220909090909091e-06,0.26161616161616164,2726783.0775252203,1291973.7857710691,7855.91816666193,6458.746873478316,1458.6029116927018,5.3859197069236435,4.428036459890904,0.0340237015110755,0.0340237015110755,5.558524958008138,0.0
1.220909090909091e-06,0.2656565656565657,2739868.653670799,1292425.4742142626,7919.349011804865,6537.201770091724,1467.8657813025347,5.395145191529365,4.453541906461523,0.034640184868424025,0.034640184868424025,3.194949827703925,0.0
1.220909090909091e-06,0.2696969696969697,,,,,,,,,,,
1.220909090909091e-06,0.2737373737373737,,,,,,,,,,,
1.220909090909091e-06,0.2777777777777778,,,,,,,,,,,
1.220909090909091e-06,0.28181818181818186,,,,,,,,,,,
1.220909090909091e-06,0.28585858585858587,,,,,,,,,,,
1.220909090909091e-06,0.2898989898989899,,,,,,,,,,,
1.220909090909091e-06,0.29393939393939394,,,,,,,,,,,
1.220909090909091e-06,0.297979797979798,,,,,,,,,,,
1.220909090909091e-06,0.302020202020202,,,,,,,,,,,
1.220909090909091e-06,0.30606060606060603,,,,,,,,,,,
1.220909090909091e-06,0.3101010101010101,,,,,,,,,,,
1.220909090909091e-06,0.31414141414141417,,,,,,,,,,,
1.220909090909091e-06,0.3181818181818182,,,,,,,,,,,
1.220909090909091e-06,0.3222222222222222,,,,,,,,,,,
1.220909090909091e-06,0.32626262626262625,,,,,,,,,,,
1.220909090909091e-06,0.3303030303030303,,,,,,,,,,,
1.220909090909091e-06,0.3343434343434344,,,,,,,,,,,
1.220909090909091e-06,0.3383838383838384,,,,,,,,,,,
1.220909090909091e-06,0.3424242424242424,,,,,,,,,,,
1.220909090909091e-06,0.3464646464646465,,,,,,,,,,,
1.220909090909091e-06,0.35050505050505054,,,,,,,,,,,
1.220909090909091e-06,0.3545454545454545,,,,,,,,,,,
1.220909090909091e-06,0.35858585858585856,,,,,,,,,,,
1.220909090909091e-06,0.36262626262626263,,,,,,,,,,,
1.220909090909091e-06,0.3666666666666667,,,,,,,,,,,
1.220909090909091e-06,0.37070707070707076,,,,,,,,,,,
1.220909090909091e-06,0.3747474747474747,,,,,,,,,,,
1.220909090909091e-06,0.3787878787878788,,,,,,,,,,,
1.220909090909091e-06,0.38282828282828285,,,,,,,,,,,
1.220909090909091e-06,0.3868686868686869,,,,,,,,,,,
1.220909090909091e-06,0.3909090909090909,,,,,,,,,,,
1.220909090909091e-06,0.39494949494949494,,,,,,,,,,,
1.220909090909091e-06,0.398989898989899,,,,,,,,,,,
1.220909090909091e-06,0.40303030303030307,,,,,,,,,,,
1.220909090909091e-06,0.407070707070707,,,,,,,,,,,
1.220909090909091e-06,0.4111111111111111,,,,,,,,,,,
1.220909090909091e-06,0.41515151515151516,,,,,,,,,,,
1.220909090909091e-06,0.4191919191919192,,,,,,,,,,,
1.220909090909091e-06,0.4232323232323232,,,,,,,,,,,
1.220909090909091e-06,0.42727272727272725,,,,,,,,,,,
1.220909090909091e-06,0.4313131313131313,,,,,,,,,,,
1.220909090909091e-06,0.4353535353535354,,,,,,,,,,,
1.220909090909091e-06,0.43939393939393945,,,,,,,,,,,
1.220909090909091e-06,0.4434343434343434,,,,,,,,,,,
1.220909090909091e-06,0.44747474747474747,,,,,,,,,,,
1.220909090909091e-06,0.45151515151515154,,,,,,,,,,,
1.220909090909091e-06,0.4555555555555556,,,,,,,,,,,
1.220909090909091e-06,0.45959595959595956,,,,,,,,,,,
1.220909090909091e-06,0.4636363636363636,,,,,,,,,,,
1.220909090909091e-06,0.4676767676767677,,,,,,,,,,,
1.220909090909091e-06,0.47171717171717176,,,,,,,,,,,
1.220909090909091e-06,0.4757575757575757,,,,,,,,,,,
1.220909090909091e-06,0.4797979797979798,,,,,,,,,,,
1.220909090909091e-06,0.48383838383838385,,,,,,,,,,,
1.220909090909091e-06,0.4878787878787879,,,,,,,,,,,
1.220909090909091e-06,0.491919191919192,,,,,,,,,,,
1.220909090909091e-06,0.49595959595959593,,,,,,,,,,,
1.220909090909091e-06,0.5,,,,,,,,,,,
1.321818181818182e-06,0.1,,,,,,,,,,,
1.321818181818182e-06,0.10404040404040404,,,,,,,,,,,
1.321818181818182e-06,0.10808080808080808,,,,,,,,,,,
1.321818181818182e-06,0.11212121212121212,,,,,,,,,,,
1.321818181818182e-06,0.11616161616161616,,,,,,,,,,,
1.321818181818182e-06,0.1202020202020202,,,,,,,,,,,
1.321818181818182e-06,0.12424242424242425,,,,,,,,,,,
1.321818181818182e-06,0.12828282828282828,,,,,,,,,,,
1.321818181818182e-06,0.13232323232323234,,,,,,,,,,,
1.321818181818182e-06,0.13636363636363635,,,,,,,,,,,
1.321818181818182e-06,0.14040404040404042,,,,,,,,,,,
1.321818181818182e-06,0.14444444444444446,,,,,,,,,,,
1.321818181818182e-06,0.1484848484848485,,,,,,,,,,,
1.321818181818182e-06,0.15252525252525254,,,,,,,,,,,
1.321818181818182e-06,0.15656565656565657,,,,,,,,,,,
1.321818181818182e-06,0.1606060606060606,,,,,,,,,,,
1.321818181818182e-06,0.16464646464646465,2420563.6666099182,1015622.4544125283,4633.793016356889,3282.33619844651,1351.4568623827033,3.4287391224513235,2.428739155358274,0.024401348432654787,0.024401348432654787,19.86615918654242,0.0
1.321818181818182e-06,0.1686868686868687,2436447.9977554344,1033375.6630323236,4819.430617742845,3462.884036545297,1356.5467613175254,3.55271985837189,2.5527199911501937,0.024902246723259712,0.024902246723259712,19.29390398504075,0.0
1.321818181818182e-06,0.17272727272727273,2452013.9275344997,1050808.05606545,5000.022454881017,3638.6565509062866,1361.3662589679739,3.6727973988950193,2.6727976596575,0.025397384709307354,0.025397384709307354,18.73916434290785,0.0
1.321818181818182e-06,0.17676767676767677,2467278.7321827416,1067932.2030242172,5175.859474050282,3809.9241359190123,1365.935986325593,3.7892401443888253,2.7892406189310655,0.02588699950126689,0.02588699950126689,18.200943117055257,0.0
1.321818181818182e-06,0.1808080808080808,2482383.170929292,1084900.271007901,5348.632680291521,3978.3231220126127,1370.3107821312522,3.9032260053976677,2.9032268985179437,0.026375369618941474,0.026375369618941474,17.67398910441384,0.0
1.321818181818182e-06,0.18484848484848487,2497058.930457448,1101405.2821020205,5515.354023865785,4140.930530018167,1374.4261454840678,4.012841317074406,3.0128432463424555,0.026853548405524865,0.026853548405524865,17.16726357117178,0.0
1.321818181818182e-06,0.18888888888888888,2511483.9098215713,1117642.1759300802,5678.132827969876,4299.79340779284,1378.3449880986636,4.119529491526274,3.1195335310966836,0.027327040395588833,0.027327040395588833,16.67417223885546,0.0
1.321818181818182e-06,0.19292929292929295,2525595.2415926177,1133594.144161225,5837.096308699539,4455.070451097164,1382.0367673124438,4.2235463243503695,3.2235542182865706,0.027795267747186624,0.027795267747186624,16.19470394455016,0.0
1.321818181818182e-06,0.19696969696969696,2539477.0308434553,1149243.6405394783,5991.842945242853,4606.286634476671,1385.5789413711793,4.324432745285,3.3244490782446903,0.028257672583046962,0.028257672583046962,15.728571673066346,-5.684341886080802e-14
1.321818181818182e-06,0.20101010101010103,2553119.39030917,1164622.7377045455,6142.948744349202,4754.03251846901,1388.9601968968805,4.422696026908011,3.4227276844146743,0.028715155608146064,0.028715155608146064,15.274119519605678,0.0
1.321818181818182e-06,0.20505050505050504,2566474.1725515546,1179667.6938260675,6289.909429572685,4897.817041613051,1392.180908761992,4.51802591889156,3.5180895031583743,0.029165960366517227,0.029165960366517227,14.831452649841715,0.0
1.321818181818182e-06,0.2090909090909091,2579594.872186383,1194429.5187782547,6433.339305472119,5038.243404564283,1395.2655621923923,4.610835012198939,3.610956610043216,0.029611763984602885,0.029611763984602885,14.397363197602123,0.0
1.321818181818182e-06,0.21313131313131314,2592537.591179197,1208952.6375167398,6573.812624964032,5175.890761742203,1398.2416721628017,4.70148526956406,3.701713991785218,0.03005446686651206,0.03005446686651206,13.966957975115184,-5.684341886080802e-14
1.321818181818182e-06,0.21717171717171718,2605091.182664152,1222970.817541138,6708.95481991966,5308.461526056048,1401.0819595571459,4.788409967137274,3.7888301179282524,0.030486895940925882,0.030486895940925882,13.542434050098757,5.684341886080802e-14
1.321818181818182e-06,0.22121212121212122,2617442.1632073014,1236602.8286892916,6840.371846645699,5437.640916856886,1403.8789744081726,4.872479730333853,3.873297496423586,0.030916036141669438,0.030916036141669438,13.102558622982478,-5.684341886080802e-14
1.321818181818182e-06,0.22525252525252526,2629664.5323317708,1249862.6912977109,6968.547737696135,5563.976604828763,1406.6890861621966,4.953864934509512,3.9553705645137955,0.031344948532111616,0.031344948532111616,12.63461902129486,0.0
1.321818181818182e-06,0.2292929292929293,2641706.6262001563,1262495.8004955472,7091.947115227548,5686.199347505194,1409.602422984771,5.031168363211708,4.0339029323352875,0.031773458134819174,0.031773458134819174,12.109427896242982,0.0
1.321818181818182e-06,0.23333333333333334,2653657.2381176357,1274293.8302493882,7209.958196611895,5804.068572570411,1412.794790378337,5.1033301125644135,4.1082177058538845,0.03220733674046199,0.03220733674046199,11.477446499338118,0.0
1.321818181818182e-06,0.23737373737373738,2665593.7969951155,1284882.993952891,7321.060405893096,5916.6115232427,1416.5152736502002,5.168359665496262,4.176878028287163,0.03265347808971592,0.03265347808971592,10.669045480532759,0.0
1.321818181818182e-06,0.24141414141414141,2677677.954502333,1293875.925094192,7424.6689157204555,6024.018629223129,1421.0790102849703,5.2246700302973155,4.239045532039156,0.03312644167184466,0.03312644167184466,9.586741294634322,0.0
1.321818181818182e-06,0.24545454545454545,2690180.043614237,1300816.164598411,7518.86261486987,6124.889865247608,1426.9110197023153,5.269328298017117,4.292411916844958,0.03363806846725023,0.03363806846725023,8.151797342689681,0.0
1.321818181818182e-06,0.2494949494949495,2703306.802442929,1304700.7565582981,7600.043599169714,6217.0294704197595,1434.6143335618824,5.297621403447301,4.333589400981394,0.034211213157037235,0.034211213157037235,6.198472654490116,0.0
1.321818181818182e-06,0.2535353535353535,2716654.2420115178,1306595.448735884,7672.828506301851,6303.080513562566,1443.3230149085048,5.316085468773771,4.36706159914046,0.03482446720593313,0.03482446720593313,3.9909892760480004,0.0
1.321818181818182e-06,0.25757575757575757,2730519.1558852526,1305530.3872210344,7733.36408818839,6380.363265532044,1955.56348497001,3.9545451465141195,3.2626725312524907,0.03550111814673029,0.03550111814673029,1.395374338381838,0.0
1.321818181818182e-06,0.26161616161616164,,,,,,,,,,,
1.321818181818182e-06,0.2656565656565657,,,,,,,,,,,
1.321818181818182e-06,0.2696969696969697,,,,,,,,,,,
1.321818181818182e-06,0.2737373737373737,,,,,,,,,,,
1.321818181818182e-06,0.2777777777777778,,,,,,,,,,,
1.321818181818182e-06,0.28181818181818186,,,,,,,,,,,
1.321818181818182e-06,0.28585858585858587,,,,,,,,,,,
1.321818181818182e-06,0.2898989898989899,,,,,,,,,,,
1.321818181818182e-06,0.29393939393939394,,,,,,,,,,,
1.321818181818182e-06,0.297979797979798,,,,,,,,,,,
1.321818181818182e-06,0.302020202020202,,,,,,,,,,,
1.321818181818182e-06,0.30606060606060603,,,,,,,,,,,
1.321818181818182e-06,0.3101010101010101,,,,,,,,,,,
1.321818181818182e-06,0.31414141414141417,,,,,,,,,,,
1.321818181818182e-06,0.3181818181818182,,,,,,,,,,,
1.321818181818182e-06,0.3222222222222222,,,,,,,,,,,
1.321818181818182e-06,0.32626262626262625,,,,,,,,,,,
1.321818181818182e-06,0.3303030303030303,,,,,,,,,,,
1.321818181818182e-06,0.3343434343434344,,,,,,,,,,,
1.321818181818182e-06,0.3383838383838384,,,,,,,,,,,
1.321818181818182e-06,0.3424242424242424,,,,,,,,,,,
1.321818181818182e-06,0.3464646464646465,,,,,,,,,,,
1.321818181818182e-06,0.35050505050505054,,,,,,,,,,,
1.321818181818182e-06,0.3545454545454545,,,,,,,,,,,
1.321818181818182e-06,0.35858585858585856,,,,,,,,,,,
1.321818181818182e-06,0.36262626262626263,,,,,,,,,,,
1.321818181818182e-06,0.3666666666666667,,,,,,,,,,,
1.321818181818182e-06,0.37070707070707076,,,,,,,,,,,
1.321818181818182e-06,0.3747474747474747,,,,,,,,,,,
1.321818181818182e-06,0.3787878787878788,,,,,,,,,,,
1.321818181818182e-06,0.38282828282828285,,,,,,,,,,,
1.321818181818182e-06,0.3868686868686869,,,,,,,,,,,
1.321818181818182e-06,0.3909090909090909,,,,,,,,,,,
1.321818181818182e-06,0.39494949494949494,,,,,,,,,,,
1.321818181818182e-06,0.398989898989899,,,,,,,,,,,
1.321818181818182e-06,0.40303030303030307,,,,,,,,,,,
1.321818181818182e-06,0.407070707070707,,,,,,,,,,,
1.321818181818182e-06,0.4111111111111111,,,,,,,,,,,
1.321818181818182e-06,0.41515151515151516,,,,,,,,,,,
1.321818181818182e-06,0.4191919191919192,,,,,,,,,,,
1.321818181818182e-06,0.4232323232323232,,,,,,,,,,,
1.321818181818182e-06,0.42727272727272725,,,,,,,,,,,
1.321818181818182e-06,0.4313131313131313,,,,,,,,,,,
1.321818181818182e-06,0.4353535353535354,,,,,,,,,,,
1.321818181818182e-06,0.43939393939393945,,,,,,,,,,,
1.321818181818182e-06,0.4434343434343434,,,,,,,,,,,
1.321818181818182e-06,0.44747474747474747,,,,,,,,,,,
1.321818181818182e-06,0.45151515151515154,,,,,,,,,,,
1.321818181818182e-06,0.4555555555555556,,,,,,,,,,,
1.321818181818182e-06,0.45959595959595956,,,,,,,,,,,
1.321818181818182e-06,0.4636363636363636,,,,,,,,,,,
1.321818181818182e-06,0.4676767676767677,,,,,,,,,,,
1.321818181818182e-06,0.47171717171717176,,,,,,,,,,,
1.321818181818182e-06,0.4757575757575757,,,,,,,,,,,
1.321818181818182e-06,0.4797979797979798,,,,,,,,,,,
1.321818181818182e-06,0.48383838383838385,,,,,,,,,,,
1.321818181818182e-06,0.4878787878787879,,,,,,,,,,,
1.321818181818182e-06,0.491919191919192,,,,,,,,,,,
1.321818181818182e-06,0.49595959595959593,,,,,,,,,,,
1.321818181818182e-06,0.5,,,,,,,,,,,
1.4227272727272729e-06,0.1,,,,,,,,,,,
1.4227272727272729e-06,0.10404040404040404,,,,,,,,,,,
1.4227272727272729e-06,0.10808080808080808,,,,,,,,,,,
1.4227272727272729e-06,0.11212121212121212,,,,,,,,,,,
1.4227272727272729e-06,0.11616161616161616,,,,,,,,,,,
1.4227272727272729e-06,0.1202020202020202,,,,,,,,,,,
1.4227272727272729e-06,0.12424242424242425,,,,,,,,,,,
1.4227272727272729e-06,0.12828282828282828,,,,,,,,,,,
1.4227272727272729e-06,0.13232323232323234,,,,,,,,,,,
1.4227272727272729e-06,0.13636363636363635,,,,,,,,,,,
1.4227272727272729e-06,0.14040404040404042,,,,,,,,,,,
1.4227272727272729e-06,0.14444444444444446,,,,,,,,,,,
1.4227272727272729e-06,0.1484848484848485,,,,,,,,,,,
1.4227272727272729e-06,0.15252525252525254,,,,,,,,,,,
1.4227272727272729e-06,0.15656565656565657,2389217.2801695857,1019510.7076188398,4243.9464241585465,2915.449377911711,1328.4970894521932,3.194547024494078,2.1945470570160595,0.024510766867803558,0.024510766867803558,19.740186118587953,0.0
1.4227272727272729e-06,0.1606060606060606,2406235.642493753,1038178.862528738,4444.248826989424,3110.4409953926506,1333.8079896872814,3.332000453851984,2.332000572377671,0.02503834470414616,0.02503834470414616,19.14036200176097,0.0
1.4227272727272729e-06,0.16464646464646465,2422917.695594733,1056499.8430089152,4638.783856169305,3299.94243767186,1338.841680167591,3.4647740094173347,2.464774204862509,0.025559763749300565,0.025559763749300565,18.559558740657867,0.0
1.4227272727272729e-06,0.1686868686868687,2439283.7820626856,1074510.2322440434,4828.218672744238,3484.6057057079224,1343.6134009310015,3.593458259197715,2.5934585821289136,0.026075936845129065,0.026075936845129065,17.99595916858591,0.0
1.4227272727272729e-06,0.17272727272727273,2455262.7619324992,1092124.4629990067,5011.833409343289,3663.7151592910423,1348.1191515252006,3.7176486986874484,2.7176493673768243,0.02658426960936759,0.02658426960936759,17.45158567420874,0.0
1.4227272727272729e-06,0.17676767676767677,2471069.019390369,1109572.7486564103,5192.173861094221,3839.7434801004056,1352.432216637012,3.8391379599084057,2.839139317198755,0.02709130390249066,0.02709130390249066,16.918789374510265,0.0
1.4227272727272729e-06,0.1808080808080808,2486365.9214524976,1126533.7263962352,5366.273020482275,4009.8273232698684,1356.4497130575862,3.9561164478306443,2.9561194083865288,0.027587580639409057,0.027587580639409057,16.406762490700636,0.0
1.4227272727272729e-06,0.18484848484848487,2501454.755318289,1143237.10634687,5536.266643234269,4175.9689574532895,1360.3057443899456,4.069869340820222,3.069875264936178,0.028079670285501714,0.028079670285501714,15.907963082652945,0.0
1.4227272727272729e-06,0.18888888888888888,2516201.1162311216,1159569.4615904975,5701.287398601636,4337.343622000394,1363.961379702392,4.179947822163133,3.179960728027927,0.028564170458581808,0.028564170458581808,15.424955070049949,0.0
1.4227272727272729e-06,0.19292929292929295,2530676.179400365,1175604.495261129,5862.204874810186,4494.794207132588,1367.446182873012,4.286973007225528,3.2869989791400784,0.029043183712680578,0.029043183712680578,14.954830273036626,0.0
1.4227272727272729e-06,0.19696969696969696,2544838.8310804083,1191287.5748919926,6018.603845519216,4647.914827984162,1370.7626713706875,4.390697216390451,3.3907509484019593,0.029515173123965836,0.029515173123965836,14.497551501651705,0.0
1.4227272727272729e-06,0.20101010101010103,2558676.9094328266,1206595.3188936776,6170.38791064727,4796.612952818388,1373.9207101585714,4.491080063808859,3.491186148773306,0.02997956141738937,0.02997956141738937,14.051968530807558,0.0
1.4227272727272729e-06,0.20505050505050504,2572302.3251049723,1221632.3224125255,6318.758232550999,4942.080827581283,1376.9622163287495,4.588911850753642,3.5891186911125543,0.03044006013665186,0.03044006013665186,13.611362716399904,0.0
1.4227272727272729e-06,0.2090909090909091,2585618.5410197354,1236258.5780298696,6462.556938853909,5083.216437089329,1379.8898920694942,4.683385954194989,3.6837840948785843,0.030893509150165054,0.030893509150165054,13.173423498714842,0.0
1.4227272727272729e-06,0.21313131313131314,2598565.7079688865,1250406.2460556203,6601.659292196771,5220.00745262319,1382.699766042809,4.774470535342798,3.775228419660828,0.03133998386644782,0.03133998386644782,12.728692996311507,0.0
1.4227272727272729e-06,0.21717171717171718,2611404.7738439837,1264143.5278229967,6736.946158376392,5353.373727118355,1385.5640857082408,4.8622407493571504,3.8636781815703176,0.03178606823997656,0.03178606823997656,12.253597938103638,0.0
1.4227272727272729e-06,0.22121212121212122,2624034.987760237,1277206.0829680494,6866.949110573821,5482.144641313725,1388.5463318128711,4.945423104181483,3.948117909869306,0.032231541562518735,0.032231541562518735,11.718743348836574,0.0
1.4227272727272729e-06,0.22525252525252526,2636525.405553472,1289328.0274364967,6990.656983656701,5605.721587134344,1391.8425206924098,5.022591909448929,4.027554485363492,0.03268197417741129,0.03268197417741129,11.070030976662053,0.0
1.4227272727272729e-06,0.2292929292929293,2649030.378457923,1300136.3825001973,7106.910607262707,5723.571493872393,1395.7697759537402,5.091749892926647,4.100655847746404,0.03314803315717997,0.03314803315717997,10.223278075154253,0.0
1.4227272727272729e-06,0.23333333333333334,2661808.4326272407,1309142.2966772115,7214.457343411867,5835.281107720571,1400.7801533598415,5.150313792002,4.1657365673866495,0.033646674816930566,0.033646674816930566,9.064124863244801,0.0
1.4227272727272729e-06,0.23737373737373738,2674892.4822540455,1315721.1670484385,7310.880855517544,5939.201680620592,1407.2091829121052,5.195304965526354,4.220553527322708,0.03418961639196681,0.03418961639196681,7.5036569512568425,0.0
1.4227272727272729e-06,0.24141414141414141,2688532.5877544796,1319663.5572916665,7395.75748116659,6035.003269185768,1415.3182292657077,5.22550853104156,4.2640610036633495,0.03478827939642219,0.03478827939642219,5.5203873881749,0.0
1.4227272727272729e-06,0.24545454545454545,2702764.287134033,1320121.6657020606,7466.076920258317,6120.62933114325,1425.4565644609752,5.23767409432188,4.2938027602810305,0.035461258416049184,0.035461258416049184,3.021110920981325,-5.684341886080802e-14
1.4227272727272729e-06,0.2494949494949495,,,,,,,,,,,
1.4227272727272729e-06,0.2535353535353535,,,,,,,,,,,
1.4227272727272729e-06,0.25757575757575757,,,,,,,,,,,
1.4227272727272729e-06,0.26161616161616164,,,,,,,,,,,
1.4227272727272729e-06,0.2656565656565657,,,,,,,,,,,
1.4227272727272729e-06,0.2696969696969697,,,,,,,,,,,
1.4227272727272729e-06,0.2737373737373737,,,,,,,,,,,
1.4227272727272729e-06,0.2777777777777778,,,,,,,,,,,
1.4227272727272729e-06,0.28181818181818186,,,,,,,,,,,
1.4227272727272729e-06,0.28585858585858587,,,,,,,,,,,
1.4227272727272729e-06,0.2898989898989899,,,,,,,,,,,
1.4227272727272729e-06,0.29393939393939394,,,,,,,,,,,
1.4227272727272729e-06,0.297979797979798,,,,,,,,,,,
1.4227272727272729e-06,0.302020202020202,,,,,,,,,,,
1.4227272727272729e-06,0.30606060606060603,,,,,,,,,,,
1.4227272727272729e-06,0.3101010101010101,,,,,,,,,,,
1.4227272727272729e-06,0.31414141414141417,,,,,,,,,,,
1.4227272727272729e-06,0.3181818181818182,,,,,,,,,,,
1.4227272727272729e-06,0.3222222222222222,,,,,,,,,,,
1.4227272727272729e-06,0.32626262626262625,,,,,,,,,,,
1.4227272727272729e-06,0.3303030303030303,,,,,,,,,,,
1.4227272727272729e-06,0.3343434343434344,,,,,,,,,,,
1.4227272727272729e-06,0.3383838383838384,,,,,,,,,,,
1.4227272727272729e-06,0.3424242424242424,,,,,,,,,,,
1.4227272727272729e-06,0.3464646464646465,,,,,,,,,,,
1.4227272727272729e-06,0.35050505050505054,,,,,,,,,,,
1.4227272727272729e-06,0.3545454545454545,,,,,,,,,,,
1.4227272727272729e-06,0.35858585858585856,,,,,,,,,,,
1.4227272727272729e-06,0.36262626262626263,,,,,,,,,,,
1.4227272727272729e-06,0.3666666666666667,,,,,,,,,,,
1.4227272727272729e-06,0.37070707070707076,,,,,,,,,,,
1.4227272727272729e-06,0.3747474747474747,,,,,,,,,,,
1.4227272727272729e-06,0.3787878787878788,,,,,,,,,,,
1.4227272727272729e-06,0.38282828282828285,,,,,,,,,,,
1.4227272727272729e-06,0.3868686868686869,,,,,,,,,,,
1.4227272727272729e-06,0.3909090909090909,,,,,,,,,,,
1.4227272727272729e-06,0.39494949494949494,,,,,,,,,,,
1.4227272727272729e-06,0.398989898989899,,,,,,,,,,,
1.4227272727272729e-06,0.40303030303030307,,,,,,,,,,,
1.4227272727272729e-06,0.407070707070707,,,,,,,,,,,
1.4227272727272729e-06,0.4111111111111111,,,,,,,,,,,
1.4227272727272729e-06,0.41515151515151516,,,,,,,,,,,
1.4227272727272729e-06,0.4191919191919192,,,,,,,,,,,
1.4227272727272729e-06,0.4232323232323232,,,,,,,,,,,
1.4227272727272729e-06,0.42727272727272725,,,,,,,,,,,
1.4227272727272729e-06,0.4313131313131313,,,,,,,,,,,
1.4227272727272729e-06,0.4353535353535354,,,,,,,,,,,
1.4227272727272729e-06,0.43939393939393945,,,,,,,,,,,
1.4227272727272729e-06,0.4434343434343434,,,,,,,,,,,
1.4227272727272729e-06,0.44747474747474747,,,,,,,,,,,
1.4227272727272729e-06,0.45151515151515154,,,,,,,,,,,
1.4227272727272729e-06,0.4555555555555556,,,,,,,,,,,
1.4227272727272729e-06,0.45959595959595956,,,,,,,,,,,
1.4227272727272729e-06,0.4636363636363636,,,,,,,,,,,
1.4227272727272729e-06,0.4676767676767677,,,,,,,,,,,
1.4227272727272729e-06,0.47171717171717176,,,,,,,,,,,
1.4227272727272729e-06,0.4757575757575757,,,,,,,,,,,
1.4227272727272729e-06,0.4797979797979798,,,,,,,,,,,
1.4227272727272729e-06,0.48383838383838385,,,,,,,,,,,
1.4227272727272729e-06,0.4878787878787879,,,,,,,,,,,
1.4227272727272729e-06,0.491919191919192,,,,,,,,,,,
1.4227272727272729e-06,0.49595959595959593,,,,,,,,,,,
1.4227272727272729e-06,0.5,,,,,,,,,,,
1.5236363636363638e-06,0.1,,,,,,,,,,,
1.5236363636363638e-06,0.10404040404040404,,,,,,,,,,,
1.5236363636363638e-06,0.10808080808080808,,,,,,,,,,,
1.5236363636363638e-06,0.11212121212121212,,,,,,,,,,,
1.5236363636363638e-06,0.11616161616161616,,,,,,,,,,,
1.5236363636363638e-06,0.1202020202020202,,,,,,,,,,,
1.5236363636363638e-06,0.12424242424242425,,,,,,,,,,,
1.5236363636363638e-06,0.12828282828282828,,,,,,,,,,,
1.5236363636363638e-06,0.13232323232323234,,,,,,,,,,,
1.5236363636363638e-06,0.13636363636363635,,,,,,,,,,,
1.5236363636363638e-06,0.14040404040404042,,,,,,,,,,,
1.5236363636363638e-06,0.14444444444444446,,,,,,,,,,,
1.5236363636363638e-06,0.1484848484848485,2353445.86351306,1018382.227731808,3800.9442940197337,2497.0932867993865,1303.8510316657096,2.915167608652279,1.9151676274008647,0.024478993837778424,0.024478993837778424,19.77671162485091,0.0
1.5236363636363638e-06,0.15252525252525254,2371788.337172367,1038079.2274079191,4017.5677091384528,2708.06307100695,1309.5047615454303,3.0680054224446383,2.0680055166893716,0.02503551850914469,0.02503551850914469,19.143545315796892,0.0
1.5236363636363638e-06,0.15656565656565657,2389712.321141501,1057412.9488729616,4228.069735000058,2913.247507938239,1314.822403702754,3.2156964492642697,2.2156965836101206,0.025585845413028344,0.025585845413028344,18.53082099163027,0.0
1.5236363636363638e-06,0.1606060606060606,2407213.0606860644,1076329.8978418515,4431.922556719079,3112.0855343896224,1319.837287838513,3.3579310097968236,2.3579312109648454,0.02612828573817773,0.02612828573817773,17.93943394005071,0.0
1.5236363636363638e-06,0.16464646464646465,2424324.26779746,1094863.468252576,4629.732275670968,3305.156763948971,1324.5760411588387,3.4952559398707908,2.495256339573658,0.02666362369925551,0.02666362369925551,17.36757974808144,0.0
1.5236363636363638e-06,0.1686868686868687,2441229.005035508,1113204.795311148,4823.706372549652,3494.6046168655207,1329.1028712857428,3.6292949754019506,2.629295814766334,0.027197274889235113,0.027197274889235113,16.80877429917211,0.0
1.5236363636363638e-06,0.17272727272727273,2457541.578083921,1130979.1572687712,5010.276684530203,3676.972036356748,1333.3070531038406,3.75778157991938,2.757783383652721,0.02771817515593883,0.02771817515593883,16.27375168411885,0.0
1.5236363636363638e-06,0.17676767676767677,2473617.8504406917,1148483.6211811877,5192.379393325548,3855.051373216603,1337.3331566123088,3.8826371481574,2.8826409890128657,0.028234850717848755,0.028234850717848755,15.75286380058479,0.0
1.5236363636363638e-06,0.1808080808080808,2489350.7674591197,1165627.788933879,5369.3539649466065,4028.2115556778185,1341.153291534471,4.003534867221105,3.003542981331365,0.028744534001048514,0.028744534001048514,15.24816110075318,0.0
1.5236363636363638e-06,0.18484848484848487,2504710.493285279,1182372.4631074893,5540.949077721977,4196.1996061377795,1344.7737418335412,4.12035787534573,3.120375923176818,0.02924597653622779,0.02924597653622779,14.759801265613893,0.0
1.5236363636363638e-06,0.18888888888888888,2519690.6118177,1198704.2388111209,5707.175627201096,4359.020189067997,1348.2056868403674,4.233163888053564,3.2332011588556084,0.029738690252019077,0.029738690252019077,14.287149881544593,0.0
1.5236363636363638e-06,0.19292929292929295,2534401.604019063,1214783.423572258,5870.005029320175,4518.645321999259,1351.4622794520012,4.343447182040759,3.3435230791876083,0.030227643014119863,0.030227643014119863,13.823762611885826,0.0
1.5236363636363638e-06,0.19696969696969696,2548779.488412938,1230438.0568874953,6027.517620690393,4673.135778707339,1354.588245767375,4.449704653443085,3.4498570272621887,0.03070799857458434,0.03070799857458434,13.371591784674475,0.0
1.5236363636363638e-06,0.20101010101010103,2562884.3334118617,1245740.327926867,6180.8081615088695,4823.61905069948,1357.602232478521,4.55273865469771,3.553042957135676,0.03118288740135917,0.03118288740135917,12.92299469691312,0.0
1.5236363636363638e-06,0.20505050505050504,2576578.1781000164,1260488.0187088484,6328.1814965419,4968.487007073618,1360.5102676950776,4.651329465717928,3.651929077676886,0.03164792315948565,0.03164792315948565,12.473799176415204,0.0
1.5236363636363638e-06,0.2090909090909091,2590082.382661419,1274818.2352065425,6471.549319220528,5109.735106973517,1363.4197958428372,4.746556665051172,3.747734280045998,0.03211140694934988,0.03211140694934988,12.000528764396536,5.684341886080802e-14
1.5236363636363638e-06,0.21313131313131314,2603330.2146209157,1288472.568621376,6609.2534792264705,5245.949691274884,1366.4218822215482,4.836905472035512,3.839187413147939,0.032572766860352216,0.032572766860352216,11.476184767100317,0.0
1.5236363636363638e-06,0.21717171717171718,2616427.2650068505,1301231.9347255423,6740.693279664027,5376.919788955055,1369.7229195574528,4.921209379953936,3.925552907220314,0.033038869047756665,0.033038869047756665,10.846642181152362,0.0
1.5236363636363638e-06,0.22121212121212122,2629427.0040014326,1312667.2092737923,6864.3721053068175,5501.82145389447,1373.6017091994543,4.997352623641847,4.0053979381701375,0.03351899701650675,0.03351899701650675,10.028388056318148,0.0
1.5236363636363638e-06,0.22525252525252526,2642608.563561906,1322415.3773372658,6979.040856236289,5619.9195009266205,1378.478017181749,5.062859740414794,4.076901793774233,0.03402616832787831,0.03402616832787831,8.939401971321365,0.0
1.5236363636363638e-06,0.2292929292929293,2656254.266945948,1329474.3252765296,7081.172743588089,5729.170278520117,1385.0933346274317,5.112415579916724,4.136306294522147,0.034586397888345145,0.034586397888345145,7.388457760186261,0.0
1.5236363636363638e-06,0.23333333333333334,2670268.552535204,1333087.8057096198,7167.19937893134,5826.629938015556,1393.7310629870547,5.142455075637438,4.180598461749055,0.03520857096308701,0.03520857096308701,5.314756952708047,0.0
1.5236363636363638e-06,0.23737373737373738,2685225.170200023,1333984.3118365053,7243.322135065041,5917.659999762701,1404.3498442195767,5.15777615163285,4.213807566626145,0.03591160385410701,0.03591160385410701,2.800771086503162,0.0
1.5236363636363638e-06,0.24141414141414141,,,,,,,,,,,
1.5236363636363638e-06,0.24545454545454545,,,,,,,,,,,
1.5236363636363638e-06,0.2494949494949495,,,,,,,,,,,
1.5236363636363638e-06,0.2535353535353535,,,,,,,,,,,
1.5236363636363638e-06,0.25757575757575757,,,,,,,,,,,
1.5236363636363638e-06,0.26161616161616164,,,,,,,,,,,
1.5236363636363638e-06,0.2656565656565657,,,,,,,,,,,
1.5236363636363638e-06,0.2696969696969697,,,,,,,,,,,
1.5236363636363638e-06,0.2737373737373737,,,,,,,,,,,
1.5236363636363638e-06,0.2777777777777778,,,,,,,,,,,
1.5236363636363638e-06,0.28181818181818186,,,,,,,,,,,
1.5236363636363638e-06,0.28585858585858587,,,,,,,,,,,
1.5236363636363638e-06,0.2898989898989899,,,,,,,,,,,
1.5236363636363638e-06,0.29393939393939394,,,,,,,,,,,
1.5236363636363638e-06,0.297979797979798,,,,,,,,,,,
1.5236363636363638e-06,0.302020202020202,,,,,,,,,,,
1.5236363636363638e-06,0.30606060606060603,,,,,,,,,,,
1.5236363636363638e-06,0.3101010101010101,,,,,,,,,,,
1.5236363636363638e-06,0.31414141414141417,,,,,,,,,,,
1.5236363636363638e-06,0.3181818181818182,,,,,,,,,,,
1.5236363636363638e-06,0.3222222222222222,,,,,,,,,,,
1.5236363636363638e-06,0.32626262626262625,,,,,,,,,,,
1.5236363636363638e-06,0.3303030303030303,,,,,,,,,,,
1.5236363636363638e-06,0.3343434343434344,,,,,,,,,,,
1.5236363636363638e-06,0.3383838383838384,,,,,,,,,,,
1.5236363636363638e-06,0.3424242424242424,,,,,,,,,,,
1.5236363636363638e-06,0.3464646464646465,,,,,,,,,,,
1.5236363636363638e-06,0.35050505050505054,,,,,,,,,,,
1.5236363636363638e-06,0.3545454545454545,,,,,,,,,,,
1.5236363636363638e-06,0.35858585858585856,,,,,,,,,,,
1.5236363636363638e-06,0.36262626262626263,,,,,,,,,,,
1.5236363636363638e-06,0.3666666666666667,,,,,,,,,,,
1.5236363636363638e-06,0.37070707070707076,,,,,,,,,,,
1.5236363636363638e-06,0.3747474747474747,,,,,,,,,,,
1.5236363636363638e-06,0.3787878787878788,,,,,,,,,,,
1.5236363636363638e-06,0.38282828282828285,,,,,,,,,,,
1.5236363636363638e-06,0.3868686868686869,,,,,,,,,,,
1.5236363636363638e-06,0.3909090909090909,,,,,,,,,,,
1.5236363636363638e-06,0.39494949494949494,,,,,,,,,,,
1.5236363636363638e-06,0.398989898989899,,,,,,,,,,,
1.5236363636363638e-06,0.40303030303030307,,,,,,,,,,,
1.5236363636363638e-06,0.407070707070707,,,,,,,,,,,
1.5236363636363638e-06,0.4111111111111111,,,,,,,,,,,
1.5236363636363638e-06,0.41515151515151516,,,,,,,,,,,
1.5236363636363638e-06,0.4191919191919192,,,,,,,,,,,
1.5236363636363638e-06,0.4232323232323232,,,,,,,,,,,
1.5236363636363638e-06,0.42727272727272725,,,,,,,,,,,
1.5236363636363638e-06,0.4313131313131313,,,,,,,,,,,
1.5236363636363638e-06,0.4353535353535354,,,,,,,,,,,
1.5236363636363638e-06,0.43939393939393945,,,,,,,,,,,
1.5236363636363638e-06,0.4434343434343434,,,,,,,,,,,
1.5236363636363638e-06,0.44747474747474747,,,,,,,,,,,
1.5236363636363638e-06,0.45151515151515154,,,,,,,,,,,
1.5236363636363638e-06,0.4555555555555556,,,,,,,,,,,
1.5236363636363638e-06,0.45959595959595956,,,,,,,,,,,
1.5236363636363638e-06,0.4636363636363636,,,,,,,,,,,
1.5236363636363638e-06,0.4676767676767677,,,,,,,,,,,
1.5236363636363638e-06,0.47171717171717176,,,,,,,,,,,
1.5236363636363638e-06,0.4757575757575757,,,,,,,,,,,
1.5236363636363638e-06,0.4797979797979798,,,,,,,,,,,
1.5236363636363638e-06,0.48383838383838385,,,,,,,,,,,
1.5236363636363638e-06,0.4878787878787879,,,,,,,,,,,
1.5236363636363638e-06,0.491919191919192,,,,,,,,,,,
1.5236363636363638e-06,0.49595959595959593,,,,,,,,,,,
1.5236363636363638e-06,0.5,,,,,,,,,,,
1.6245454545454547e-06,0.1,,,,,,,,,,,
1.6245454545454547e-06,0.10404040404040404,,,,,,,,,,,
1.6245454545454547e-06,0.10808080808080808,,,,,,,,,,,
1.6245454545454547e-06,0.11212121212121212,,,,,,,,,,,
1.6245454545454547e-06,0.11616161616161616,,,,,,,,,,,
1.6245454545454547e-06,0.1202020202020202,,,,,,,,,,,
1.6245454545454547e-06,0.12424242424242425,,,,,,,,,,,
1.6245454545454547e-06,0.12828282828282828,,,,,,,,,,,
1.6245454545454547e-06,0.13232323232323234,,,,,,,,,,,
1.6245454545454547e-06,0.13636363636363635,,,,,,,,,,,
1.6245454545454547e-06,0.14040404040404042,2313181.6217008973,1012242.835329636,3302.937421491093,2025.3039386258058,1277.6334773249005,2.585199495873229,1.5851994915367842,0.02430637217761091,0.02430637217761091,19.97595544210266,0.0
1.6245454545454547e-06,0.14444444444444446,2333007.7324065985,1033124.1114963999,3538.5221010171267,2254.8082566725957,1283.7139307169393,2.7564724634879543,1.7564725307711753,0.02489512446748994,0.02489512446748994,19.301970266193738,0.0
1.6245454545454547e-06,0.1484848484848485,2352233.023013059,1053468.6267214532,3765.5577544244125,2476.1715198082284,1289.3863722758394,2.920426208459138,1.9204263152228345,0.025473240414556054,0.025473240414556054,18.655136828224183,0.0
1.6245454545454547e-06,0.15252525252525254,2371103.7925661993,1073495.4470767418,3986.61181296498,2691.854733834336,1294.7572365526496,3.0790419241675884,2.0790420457517755,0.026046753335573568,0.026046753335573568,18.027552738457068,0.0
1.6245454545454547e-06,0.15656565656565657,2389437.1768436274,1093041.3822557044,4200.340993593379,2900.563508100382,1299.7777581487985,3.231583989847381,2.231584199618475,0.026610816787355634,0.026610816787355634,17.423499139122846,0.0
1.6245454545454547e-06,0.1606060606060606,2407547.869128028,1112376.3646189976,4409.619197482134,3105.0448439893903,1304.574909075318,3.3801195828667825,2.3801200087392793,0.02717307851834722,0.02717307851834722,16.833919846210176,0.0
1.6245454545454547e-06,0.16464646464646465,2425037.2930218847,1131080.4248973227,4610.187023419829,3301.134614884314,1309.0535821573853,3.5217710613663433,2.521771957908614,0.027721132417096634,0.027721132417096634,16.270851280053236,0.0
1.6245454545454547e-06,0.1686868686868687,2442154.2899940214,1149465.8474984926,4805.868084399439,3492.599968054388,1313.2706886723488,3.6594649723416364,2.6594669310599115,0.028263904170120684,0.028263904170120684,15.724096800609603,0.0
1.6245454545454547e-06,0.17272727272727273,2458935.8067553407,1167479.1008544948,4995.844155654739,3678.5590802411907,1317.2908551139262,3.792514110501945,2.792518498067801,0.028799684216647144,0.028799684216647144,15.194591624695533,0.0
1.6245454545454547e-06,0.17676767676767677,2475302.805839044,1185060.6012967415,5179.81336543292,3858.732453407539,1321.0943988512727,3.9208502964942613,2.9208605053225654,0.02932656379693564,0.02932656379693564,14.683226529298738,0.0
1.6245454545454547e-06,0.1808080808080808,2491256.644329138,1202247.8155585614,5358.524384509228,4033.8802095331125,1324.673375163197,4.045166518009822,3.045188561320746,0.02984554036036006,0.02984554036036006,14.18798676842365,0.0
1.6245454545454547e-06,0.18484848484848487,2506872.540090882,1219045.5746006349,5531.87526111841,4203.845239989142,1328.0917891110066,4.165280823565152,3.165327332384983,0.030356756996815806,0.030356756996815806,13.707317826421137,0.0
1.6245454545454547e-06,0.18888888888888888,2522134.497143965,1235448.644301546,5700.097444559599,4368.876607008555,1331.3499433869392,4.281441910050047,3.2815388836793593,0.030860248758369402,0.030860248758369402,13.239087483655307,0.0
1.6245454545454547e-06,0.19292929292929295,2537035.2714519626,1251427.6782767973,5863.09747224277,4528.897739719198,1334.4667922734625,4.393588140364371,3.393788265051952,0.03135569683330927,0.03135569683330927,12.78004739675342,0.0
1.6245454545454547e-06,0.19696969696969696,2551536.255116652,1266902.006358484,6020.339643605863,4683.420697830733,1337.463966775904,4.5013097871477745,3.501717290463238,0.031841921747663884,0.031841921747663884,12.32497792465963,0.0
1.6245454545454547e-06,0.20101010101010103,2565866.85715957,1282039.2880500255,6173.965868601617,4834.635832357165,1340.4374517479662,4.605933578288641,3.606759738063623,0.03232719607341975,0.03232719607341975,11.854317989564233,0.0
1.6245454545454547e-06,0.20505050505050504,2579710.180980074,1296441.9797168248,6320.811029247312,4979.60362402518,1343.3627551779011,4.705215329875845,3.7068197736103916,0.03280359107608773,0.03280359107608773,11.358366431519801,0.0
1.6245454545454547e-06,0.2090909090909091,2593395.7196421945,1310031.4729272379,6461.284713926011,5119.036857109285,1346.5508594615924,4.798396338709036,3.8015919125075537,0.03328259320955518,0.03328259320955518,10.777178409550164,0.0
1.6245454545454547e-06,0.21313131313131314,2606921.8374073375,1322404.4237353215,6593.624803231966,5251.7159080103265,1350.2345050488789,4.883318252182628,3.889484299484861,0.03377019274989741,0.03377019274989741,10.044053717720026,0.0
1.6245454545454547e-06,0.21717171717171718,2620613.5113612325,1333258.272538441,6717.846316487475,5378.325471482702,1354.845862411724,4.958384199165815,3.969695461820942,0.03428488673072051,0.03428488673072051,9.057988472998467,0.0
1.6245454545454547e-06,0.22121212121212122,2634547.374800799,1341395.1513746262,6828.490324773611,5494.931238573435,1361.106564264109,5.0168667935750335,4.037105824659882,0.0348467358132109,0.0348467358132109,7.6299783472484615,0.0
1.6245454545454547e-06,0.22525252525252526,2649087.2832989525,1346403.175498644,6924.677482105613,5601.089756055149,1369.4999002348115,5.0563548642233,4.089879637884456,0.03547582133003695,0.03547582133003695,5.6878304307154615,0.0
1.6245454545454547e-06,0.2292929292929293,2664134.650972373,1348116.8995092015,7006.378534693695,5696.63643248794,1379.9541463662488,5.0772545980191985,4.128134581492112,0.03617749486740085,0.03617749486740085,3.2694860825416847,0.0
1.6245454545454547e-06,0.23333333333333334,,,,,,,,,,,
1.6245454545454547e-06,0.23737373737373738,,,,,,,,,,,
1.6245454545454547e-06,0.24141414141414141,,,,,,,,,,,
1.6245454545454547e-06,0.24545454545454545,,,,,,,,,,,
1.6245454545454547e-06,0.2494949494949495,,,,,,,,,,,
1.6245454545454547e-06,0.2535353535353535,,,,,,,,,,,
1.6245454545454547e-06,0.25757575757575757,,,,,,,,,,,
1.6245454545454547e-06,0.26161616161616164,,,,,,,,,,,
1.6245454545454547e-06,0.2656565656565657,,,,,,,,,,,
1.6245454545454547e-06,0.2696969696969697,,,,,,,,,,,
1.6245454545454547e-06,0.2737373737373737,,,,,,,,,,,
1.6245454545454547e-06,0.2777777777777778,,,,,,,,,,,
1.6245454545454547e-06,0.28181818181818186,,,,,,,,,,,
1.6245454545454547e-06,0.28585858585858587,,,,,,,,,,,
1.6245454545454547e-06,0.2898989898989899,,,,,,,,,,,
1.6245454545454547e-06,0.29393939393939394,,,,,,,,,,,
1.6245454545454547e-06,0.297979797979798,,,,,,,,,,,
1.6245454545454547e-06,0.302020202020202,,,,,,,,,,,
1.6245454545454547e-06,0.30606060606060603,,,,,,,,,,,
1.6245454545454547e-06,0.3101010101010101,,,,,,,,,,,
1.6245454545454547e-06,0.31414141414141417,,,,,,,,,,,
1.6245454545454547e-06,0.3181818181818182,,,,,,,,,,,
1.6245454545454547e-06,0.3222222222222222,,,,,,,,,,,
1.6245454545454547e-06,0.32626262626262625,,,,,,,,,,,
1.6245454545454547e-06,0.3303030303030303,,,,,,,,,,,
1.6245454545454547e-06,0.3343434343434344,,,,,,,,,,,
1.6245454545454547e-06,0.3383838383838384,,,,,,,,,,,
1.6245454545454547e-06,0.3424242424242424,,,,,,,,,,,
1.6245454545454547e-06,0.3464646464646465,,,,,,,,,,,
1.6245454545454547e-06,0.35050505050505054,,,,,,,,,,,
1.6245454545454547e-06,0.3545454545454545,,,,,,,,,,,
1.6245454545454547e-06,0.35858585858585856,,,,,,,,,,,
1.6245454545454547e-06,0.36262626262626263,,,,,,,,,,,
1.6245454545454547e-06,0.3666666666666667,,,,,,,,,,,
1.6245454545454547e-06,0.37070707070707076,,,,,,,,,,,
1.6245454545454547e-06,0.3747474747474747,,,,,,,,,,,
1.6245454545454547e-06,0.3787878787878788,,,,,,,,,,,
1.6245454545454547e-06,0.38282828282828285,,,,,,,,,,,
1.6245454545454547e-06,0.3868686868686869,,,,,,,,,,,
1.6245454545454547e-06,0.3909090909090909,,,,,,,,,,,
1.6245454545454547e-06,0.39494949494949494,,,,,,,,,,,
1.6245454545454547e-06,0.398989898989899,,,,,,,,,,,
1.6245454545454547e-06,0.40303030303030307,,,,,,,,,,,
1.6245454545454547e-06,0.407070707070707,,,,,,,,,,,
1.6245454545454547e-06,0.4111111111111111,,,,,,,,,,,
1.6245454545454547e-06,0.41515151515151516,,,,,,,,,,,
1.6245454545454547e-06,0.4191919191919192,,,,,,,,,,,
1.6245454545454547e-06,0.4232323232323232,,,,,,,,,,,
1.6245454545454547e-06,0.42727272727272725,,,,,,,,,,,
1.6245454545454547e-06,0.4313131313131313,,,,,,,,,,,
1.6245454545454547e-06,0.4353535353535354,,,,,,,,,,,
1.6245454545454547e-06,0.43939393939393945,,,,,,,,,,,
1.6245454545454547e-06,0.4434343434343434,,,,,,,,,,,
1.6245454545454547e-06,0.44747474747474747,,,,,,,,,,,
1.6245454545454547e-06,0.45151515151515154,,,,,,,,,,,
1.6245454545454547e-06,0.4555555555555556,,,,,,,,,,,
1.6245454545454547e-06,0.45959595959595956,,,,,,,,,,,
1.6245454545454547e-06,0.4636363636363636,,,,,,,,,,,
1.6245454545454547e-06,0.4676767676767677,,,,,,,,,,,
1.6245454545454547e-06,0.47171717171717176,,,,,,,,,,,
1.6245454545454547e-06,0.4757575757575757,,,,,,,,,,,
1.6245454545454547e-06,0.4797979797979798,,,,,,,,,,,
1.6245454545454547e-06,0.48383838383838385,,,,,,,,,,,
1.6245454545454547e-06,0.4878787878787879,,,,,,,,,,,
1.6245454545454547e-06,0.491919191919192,,,,,,,,,,,
1.6245454545454547e-06,0.49595959595959593,,,,,,,,,,,
1.6245454545454547e-06,0.5,,,,,,,,,,,
1.7254545454545456e-06,0.1,,,,,,,,,,,
1.7254545454545456e-06,0.10404040404040404,,,,,,,,,,,
1.7254545454545456e-06,0.10808080808080808,,,,,,,,,,,
1.7254545454545456e-06,0.11212121212121212,,,,,,,,,,,
1.7254545454545456e-06,0.11616161616161616,,,,,,,,,,,
1.7254545454545456e-06,0.1202020202020202,,,,,,,,,,,
1.7254545454545456e-06,0.12424242424242425,,,,,,,,,,,
1.7254545454545456e-06,0.12828282828282828,,,,,,,,,,,
1.7254545454545456e-06,0.13232323232323234,,,,,,,,,,,
1.7254545454545456e-06,0.13636363636363635,,,,,,,,,,,
1.7254545454545456e-06,0.14040404040404042,,,,,,,,,,,
1.7254545454545456e-06,0.14444444444444446,,,,,,,,,,,
1.7254545454545456e-06,0.1484848484848485,,,,,,,,,,,
1.7254545454545456e-06,0.15252525252525254,,,,,,,,,,,
1.7254545454545456e-06,0.15656565656565657,,,,,,,,,,,
1.7254545454545456e-06,0.1606060606060606,,,,,,,,,,,
1.7254545454545456e-06,0.16464646464646465,,,,,,,,,,,
1.7254545454545456e-06,0.1686868686868687,,,,,,,,,,,
1.7254545454545456e-06,0.17272727272727273,,,,,,,,,,,
1.7254545454545456e-06,0.17676767676767677,,,,,,,,,,,
1.7254545454545456e-06,0.1808080808080808,,,,,,,,,,,
1.7254545454545456e-06,0.18484848484848487,,,,,,,,,,,
1.7254545454545456e-06,0.18888888888888888,,,,,,,,,,,
1.7254545454545456e-06,0.19292929292929295,,,,,,,,,,,
1.7254545454545456e-06,0.19696969696969696,,,,,,,,,,,
1.7254545454545456e-06,0.20101010101010103,,,,,,,,,,,
1.7254545454545456e-06,0.20505050505050504,,,,,,,,,,,
1.7254545454545456e-06,0.2090909090909091,,,,,,,,,,,
1.7254545454545456e-06,0.21313131313131314,,,,,,,,,,,
1.7254545454545456e-06,0.21717171717171718,,,,,,,,,,,
1.7254545454545456e-06,0.22121212121212122,,,,,,,,,,,
1.7254545454545456e-06,0.22525252525252526,,,,,,,,,,,
1.7254545454545456e-06,0.2292929292929293,,,,,,,,,,,
1.7254545454545456e-06,0.23333333333333334,,,,,,,,,,,
1.7254545454545456e-06,0.23737373737373738,,,,,,,,,,,
1.7254545454545456e-06,0.24141414141414141,,,,,,,,,,,
1.7254545454545456e-06,0.24545454545454545,,,,,,,,,,,
1.7254545454545456e-06,0.2494949494949495,,,,,,,,,,,
1.7254545454545456e-06,0.2535353535353535,,,,,,,,,,,
1.7254545454545456e-06,0.25757575757575757,,,,,,,,,,,
1.7254545454545456e-06,0.26161616161616164,,,,,,,,,,,
1.7254545454545456e-06,0.2656565656565657,,,,,,,,,,,
1.7254545454545456e-06,0.2696969696969697,,,,,,,,,,,
1.7254545454545456e-06,0.2737373737373737,,,,,,,,,,,
1.7254545454545456e-06,0.2777777777777778,,,,,,,,,,,
1.7254545454545456e-06,0.28181818181818186,,,,,,,,,,,
1.7254545454545456e-06,0.28585858585858587,,,,,,,,,,,
1.7254545454545456e-06,0.2898989898989899,,,,,,,,,,,
1.7254545454545456e-06,0.29393939393939394,,,,,,,,,,,
1.7254545454545456e-06,0.297979797979798,,,,,,,,,,,
1.7254545454545456e-06,0.302020202020202,,,,,,,,,,,
1.7254545454545456e-06,0.30606060606060603,,,,,,,,,,,
1.7254545454545456e-06,0.3101010101010101,,,,,,,,,,,
1.7254545454545456e-06,0.31414141414141417,,,,,,,,,,,
1.7254545454545456e-06,0.3181818181818182,,,,,,,,,,,
1.7254545454545456e-06,0.3222222222222222,,,,,,,,,,,
1.7254545454545456e-06,0.32626262626262625,,,,,,,,,,,
1.7254545454545456e-06,0.3303030303030303,,,,,,,,,,,
1.7254545454545456e-06,0.3343434343434344,,,,,,,,,,,
1.7254545454545456e-06,0.3383838383838384,,,,,,,,,,,
1.7254545454545456e-06,0.3424242424242424,,,,,,,,,,,
1.7254545454545456e-06,0.3464646464646465,,,,,,,,,,,
1.7254545454545456e-06,0.35050505050505054,,,,,,,,,,,
1.7254545454545456e-06,0.3545454545454545,,,,,,,,,,,
1.7254545454545456e-06,0.35858585858585856,,,,,,,,,,,
1.7254545454545456e-06,0.36262626262626263,,,,,,,,,,,
1.7254545454545456e-06,0.3666666666666667,,,,,,,,,,,
1.7254545454545456e-06,0.37070707070707076,,,,,,,,,,,
1.7254545454545456e-06,0.3747474747474747,,,,,,,,,,,
1.7254545454545456e-06,0.3787878787878788,,,,,,,,,,,
1.7254545454545456e-06,0.38282828282828285,,,,,,,,,,,
1.7254545454545456e-06,0.3868686868686869,,,,,,,,,,,
1.7254545454545456e-06,0.3909090909090909,,,,,,,,,,,
1.7254545454545456e-06,0.39494949494949494,,,,,,,,,,,
1.7254545454545456e-06,0.398989898989899,,,,,,,,,,,
1.7254545454545456e-06,0.40303030303030307,,,,,,,,,,,
1.7254545454545456e-06,0.407070707070707,,,,,,,,,,,
1.7254545454545456e-06,0.4111111111111111,,,,,,,,,,,
1.7254545454545456e-06,0.41515151515151516,,,,,,,,,,,
1.7254545454545456e-06,0.4191919191919192,,,,,,,,,,,
1.7254545454545456e-06,0.4232323232323232,,,,,,,,,,,
1.7254545454545456e-06,0.42727272727272725,,,,,,,,,,,
1.7254545454545456e-06,0.4313131313131313,,,,,,,,,,,
1.7254545454545456e-06,0.4353535353535354,,,,,,,,,,,
1.7254545454545456e-06,0.43939393939393945,,,,,,,,,,,
1.7254545454545456e-06,0.4434343434343434,,,,,,,,,,,
1.7254545454545456e-06,0.44747474747474747,,,,,,,,,,,
1.7254545454545456e-06,0.45151515151515154,,,,,,,,,,,
1.7254545454545456e-06,0.4555555555555556,,,,,,,,,,,
1.7254545454545456e-06,0.45959595959595956,,,,,,,,,,,
1.7254545454545456e-06,0.4636363636363636,,,,,,,,,,,
1.7254545454545456e-06,0.4676767676767677,,,,,,,,,,,
1.7254545454545456e-06,0.47171717171717176,,,,,,,,,,,
1.7254545454545456e-06,0.4757575757575757,,,,,,,,,,,
1.7254545454545456e-06,0.4797979797979798,,,,,,,,,,,
1.7254545454545456e-06,0.48383838383838385,,,,,,,,,,,
1.7254545454545456e-06,0.4878787878787879,,,,,,,,,,,
1.7254545454545456e-06,0.491919191919192,,,,,,,,,,,
1.7254545454545456e-06,0.49595959595959593,,,,,,,,,,,
1.7254545454545456e-06,0.5,,,,,,,,,,,
1.8263636363636365e-06,0.1,,,,,,,,,,,
1.8263636363636365e-06,0.10404040404040404,,,,,,,,,,,
1.8263636363636365e-06,0.10808080808080808,,,,,,,,,,,
1.8263636363636365e-06,0.11212121212121212,,,,,,,,,,,
1.8263636363636365e-06,0.11616161616161616,,,,,,,,,,,
1.8263636363636365e-06,0.1202020202020202,,,,,,,,,,,
1.8263636363636365e-06,0.12424242424242425,,,,,,,,,,,
1.8263636363636365e-06,0.12828282828282828,,,,,,,,,,,
1.8263636363636365e-06,0.13232323232323234,,,,,,,,,,,
1.8263636363636365e-06,0.13636363636363635,,,,,,,,,,,
1.8263636363636365e-06,0.14040404040404042,,,,,,,,,,,
1.8263636363636365e-06,0.14444444444444446,,,,,,,,,,,
1.8263636363636365e-06,0.1484848484848485,,,,,,,,,,,
1.8263636363636365e-06,0.15252525252525254,,,,,,,,,,,
1.8263636363636365e-06,0.15656565656565657,,,,,,,,,,,
1.8263636363636365e-06,0.1606060606060606,,,,,,,,,,,
1.8263636363636365e-06,0.16464646464646465,,,,,,,,,,,
1.8263636363636365e-06,0.1686868686868687,,,,,,,,,,,
1.8263636363636365e-06,0.17272727272727273,,,,,,,,,,,
1.8263636363636365e-06,0.17676767676767677,,,,,,,,,,,
1.8263636363636365e-06,0.1808080808080808,,,,,,,,,,,
1.8263636363636365e-06,0.18484848484848487,,,,,,,,,,,
1.8263636363636365e-06,0.18888888888888888,,,,,,,,,,,
1.8263636363636365e-06,0.19292929292929295,,,,,,,,,,,
1.8263636363636365e-06,0.19696969696969696,,,,,,,,,,,
1.8263636363636365e-06,0.20101010101010103,,,,,,,,,,,
1.8263636363636365e-06,0.20505050505050504,,,,,,,,,,,
1.8263636363636365e-06,0.2090909090909091,,,,,,,,,,,
1.8263636363636365e-06,0.21313131313131314,,,,,,,,,,,
1.8263636363636365e-06,0.21717171717171718,,,,,,,,,,,
1.8263636363636365e-06,0.22121212121212122,,,,,,,,,,,
1.8263636363636365e-06,0.22525252525252526,,,,,,,,,,,
1.8263636363636365e-06,0.2292929292929293,,,,,,,,,,,
1.8263636363636365e-06,0.23333333333333334,,,,,,,,,,,
1.8263636363636365e-06,0.23737373737373738,,,,,,,,,,,
1.8263636363636365e-06,0.24141414141414141,,,,,,,,,,,
1.8263636363636365e-06,0.24545454545454545,,,,,,,,,,,
1.8263636363636365e-06,0.2494949494949495,,,,,,,,,,,
1.8263636363636365e-06,0.2535353535353535,,,,,,,,,,,
1.8263636363636365e-06,0.25757575757575757,,,,,,,,,,,
1.8263636363636365e-06,0.26161616161616164,,,,,,,,,,,
1.8263636363636365e-06,0.2656565656565657,,,,,,,,,,,
1.8263636363636365e-06,0.2696969696969697,,,,,,,,,,,
1.8263636363636365e-06,0.2737373737373737,,,,,,,,,,,
1.8263636363636365e-06,0.2777777777777778,,,,,,,,,,,
1.8263636363636365e-06,0.28181818181818186,,,,,,,,,,,
1.8263636363636365e-06,0.28585858585858587,,,,,,,,,,,
1.8263636363636365e-06,0.2898989898989899,,,,,,,,,,,
1.8263636363636365e-06,0.29393939393939394,,,,,,,,,,,
1.8263636363636365e-06,0.297979797979798,,,,,,,,,,,
1.8263636363636365e-06,0.302020202020202,,,,,,,,,,,
1.8263636363636365e-06,0.30606060606060603,,,,,,,,,,,
1.8263636363636365e-06,0.3101010101010101,,,,,,,,,,,
1.8263636363636365e-06,0.31414141414141417,,,,,,,,,,,
1.8263636363636365e-06,0.3181818181818182,,,,,,,,,,,
1.8263636363636365e-06,0.3222222222222222,,,,,,,,,,,
1.8263636363636365e-06,0.32626262626262625,,,,,,,,,,,
1.8263636363636365e-06,0.3303030303030303,,,,,,,,,,,
1.8263636363636365e-06,0.3343434343434344,,,,,,,,,,,
1.8263636363636365e-06,0.3383838383838384,,,,,,,,,,,
1.8263636363636365e-06,0.3424242424242424,,,,,,,,,,,
1.8263636363636365e-06,0.3464646464646465,,,,,,,,,,,
1.8263636363636365e-06,0.35050505050505054,,,,,,,,,,,
1.8263636363636365e-06,0.3545454545454545,,,,,,,,,,,
1.8263636363636365e-06,0.35858585858585856,,,,,,,,,,,
1.8263636363636365e-06,0.36262626262626263,,,,,,,,,,,
1.8263636363636365e-06,0.3666666666666667,,,,,,,,,,,
1.8263636363636365e-06,0.37070707070707076,,,,,,,,,,,
1.8263636363636365e-06,0.3747474747474747,,,,,,,,,,,
1.8263636363636365e-06,0.3787878787878788,,,,,,,,,,,
1.8263636363636365e-06,0.38282828282828285,,,,,,,,,,,
1.8263636363636365e-06,0.3868686868686869,,,,,,,,,,,
1.8263636363636365e-06,0.3909090909090909,,,,,,,,,,,
1.8263636363636365e-06,0.39494949494949494,,,,,,,,,,,
1.8263636363636365e-06,0.398989898989899,,,,,,,,,,,
1.8263636363636365e-06,0.40303030303030307,,,,,,,,,,,
1.8263636363636365e-06,0.407070707070707,,,,,,,,,,,
1.8263636363636365e-06,0.4111111111111111,,,,,,,,,,,
1.8263636363636365e-06,0.41515151515151516,,,,,,,,,,,
1.8263636363636365e-06,0.4191919191919192,,,,,,,,,,,
1.8263636363636365e-06,0.4232323232323232,,,,,,,,,,,
1.8263636363636365e-06,0.42727272727272725,,,,,,,,,,,
1.8263636363636365e-06,0.4313131313131313,,,,,,,,,,,
1.8263636363636365e-06,0.4353535353535354,,,,,,,,,,,
1.8263636363636365e-06,0.43939393939393945,,,,,,,,,,,
1.8263636363636365e-06,0.4434343434343434,,,,,,,,,,,
1.8263636363636365e-06,0.44747474747474747,,,,,,,,,,,
1.8263636363636365e-06,0.45151515151515154,,,,,,,,,,,
1.8263636363636365e-06,0.4555555555555556,,,,,,,,,,,
1.8263636363636365e-06,0.45959595959595956,,,,,,,,,,,
1.8263636363636365e-06,0.4636363636363636,,,,,,,,,,,
1.8263636363636365e-06,0.4676767676767677,,,,,,,,,,,
1.8263636363636365e-06,0.47171717171717176,,,,,,,,,,,
1.8263636363636365e-06,0.4757575757575757,,,,,,,,,,,
1.8263636363636365e-06,0.4797979797979798,,,,,,,,,,,
1.8263636363636365e-06,0.48383838383838385,,,,,,,,,,,
1.8263636363636365e-06,0.4878787878787879,,,,,,,,,,,
1.8263636363636365e-06,0.491919191919192,,,,,,,,,,,
1.8263636363636365e-06,0.49595959595959593,,,,,,,,,,,
1.8263636363636365e-06,0.5,,,,,,,,,,,
1.9272727272727277e-06,0.1,,,,,,,,,,,
1.9272727272727277e-06,0.10404040404040404,,,,,,,,,,,
1.9272727272727277e-06,0.10808080808080808,,,,,,,,,,,
1.9272727272727277e-06,0.11212121212121212,,,,,,,,,,,
1.9272727272727277e-06,0.11616161616161616,,,,,,,,,,,
1.9272727272727277e-06,0.1202020202020202,,,,,,,,,,,
1.9272727272727277e-06,0.12424242424242425,,,,,,,,,,,
1.9272727272727277e-06,0.12828282828282828,,,,,,,,,,,
1.9272727272727277e-06,0.13232323232323234,,,,,,,,,,,
1.9272727272727277e-06,0.13636363636363635,,,,,,,,,,,
1.9272727272727277e-06,0.14040404040404042,,,,,,,,,,,
1.9272727272727277e-06,0.14444444444444446,,,,,,,,,,,
1.9272727272727277e-06,0.1484848484848485,,,,,,,,,,,
1.9272727272727277e-06,0.15252525252525254,,,,,,,,,,,
1.9272727272727277e-06,0.15656565656565657,,,,,,,,,,,
1.9272727272727277e-06,0.1606060606060606,,,,,,,,,,,
1.9272727272727277e-06,0.16464646464646465,,,,,,,,,,,
1.9272727272727277e-06,0.1686868686868687,,,,,,,,,,,
1.9272727272727277e-06,0.17272727272727273,,,,,,,,,,,
1.9272727272727277e-06,0.17676767676767677,,,,,,,,,,,
1.9272727272727277e-06,0.1808080808080808,,,,,,,,,,,
1.9272727272727277e-06,0.18484848484848487,,,,,,,,,,,
1.9272727272727277e-06,0.18888888888888888,,,,,,,,,,,
1.9272727272727277e-06,0.19292929292929295,,,,,,,,,,,
1.9272727272727277e-06,0.19696969696969696,,,,,,,,,,,
1.9272727272727277e-06,0.20101010101010103,,,,,,,,,,,
1.9272727272727277e-06,0.20505050505050504,,,,,,,,,,,
1.9272727272727277e-06,0.2090909090909091,,,,,,,,,,,
1.9272727272727277e-06,0.21313131313131314,,,,,,,,,,,
1.9272727272727277e-06,0.21717171717171718,,,,,,,,,,,
1.9272727272727277e-06,0.22121212121212122,,,,,,,,,,,
1.9272727272727277e-06,0.22525252525252526,,,,,,,,,,,
1.9272727272727277e-06,0.2292929292929293,,,,,,,,,,,
1.9272727272727277e-06,0.23333333333333334,,,,,,,,,,,
1.9272727272727277e-06,0.23737373737373738,,,,,,,,,,,
1.9272727272727277e-06,0.24141414141414141,,,,,,,,,,,
1.9272727272727277e-06,0.24545454545454545,,,,,,,,,,,
1.9272727272727277e-06,0.2494949494949495,,,,,,,,,,,
1.9272727272727277e-06,0.2535353535353535,,,,,,,,,,,
1.9272727272727277e-06,0.25757575757575757,,,,,,,,,,,
1.9272727272727277e-06,0.26161616161616164,,,,,,,,,,,
1.9272727272727277e-06,0.2656565656565657,,,,,,,,,,,
1.9272727272727277e-06,0.2696969696969697,,,,,,,,,,,
1.9272727272727277e-06,0.2737373737373737,,,,,,,,,,,
1.9272727272727277e-06,0.2777777777777778,,,,,,,,,,,
1.9272727272727277e-06,0.28181818181818186,,,,,,,,,,,
1.9272727272727277e-06,0.28585858585858587,,,,,,,,,,,
1.9272727272727277e-06,0.2898989898989899,,,,,,,,,,,
1.9272727272727277e-06,0.29393939393939394,,,,,,,,,,,
1.9272727272727277e-06,0.297979797979798,,,,,,,,,,,
1.9272727272727277e-06,0.302020202020202,,,,,,,,,,,
1.9272727272727277e-06,0.30606060606060603,,,,,,,,,,,
1.9272727272727277e-06,0.3101010101010101,,,,,,,,,,,
1.9272727272727277e-06,0.31414141414141417,,,,,,,,,,,
1.9272727272727277e-06,0.3181818181818182,,,,,,,,,,,
1.9272727272727277e-06,0.3222222222222222,,,,,,,,,,,
1.9272727272727277e-06,0.32626262626262625,,,,,,,,,,,
1.9272727272727277e-06,0.3303030303030303,,,,,,,,,,,
1.9272727272727277e-06,0.3343434343434344,,,,,,,,,,,
1.9272727272727277e-06,0.3383838383838384,,,,,,,,,,,
1.9272727272727277e-06,0.3424242424242424,,,,,,,,,,,
1.9272727272727277e-06,0.3464646464646465,,,,,,,,,,,
1.9272727272727277e-06,0.35050505050505054,,,,,,,,,,,
1.9272727272727277e-06,0.3545454545454545,,,,,,,,,,,
1.9272727272727277e-06,0.35858585858585856,,,,,,,,,,,
1.9272727272727277e-06,0.36262626262626263,,,,,,,,,,,
1.9272727272727277e-06,0.3666666666666667,,,,,,,,,,,
1.9272727272727277e-06,0.37070707070707076,,,,,,,,,,,
1.9272727272727277e-06,0.3747474747474747,,,,,,,,,,,
1.9272727272727277e-06,0.3787878787878788,,,,,,,,,,,
1.9272727272727277e-06,0.38282828282828285,,,,,,,,,,,
1.9272727272727277e-06,0.3868686868686869,,,,,,,,,,,
1.9272727272727277e-06,0.3909090909090909,,,,,,,,,,,
1.9272727272727277e-06,0.39494949494949494,,,,,,,,,,,
1.9272727272727277e-06,0.398989898989899,,,,,,,,,,,
1.9272727272727277e-06,0.40303030303030307,,,,,,,,,,,
1.9272727272727277e-06,0.407070707070707,,,,,,,,,,,
1.9272727272727277e-06,0.4111111111111111,,,,,,,,,,,
1.9272727272727277e-06,0.41515151515151516,,,,,,,,,,,
1.9272727272727277e-06,0.4191919191919192,,,,,,,,,,,
1.9272727272727277e-06,0.4232323232323232,,,,,,,,,,,
1.9272727272727277e-06,0.42727272727272725,,,,,,,,,,,
1.9272727272727277e-06,0.4313131313131313,,,,,,,,,,,
1.9272727272727277e-06,0.4353535353535354,,,,,,,,,,,
1.9272727272727277e-06,0.43939393939393945,,,,,,,,,,,
1.9272727272727277e-06,0.4434343434343434,,,,,,,,,,,
1.9272727272727277e-06,0.44747474747474747,,,,,,,,,,,
1.9272727272727277e-06,0.45151515151515154,,,,,,,,,,,
1.9272727272727277e-06,0.4555555555555556,,,,,,,,,,,
1.9272727272727277e-06,0.45959595959595956,,,,,,,,,,,
1.9272727272727277e-06,0.4636363636363636,,,,,,,,,,,
1.9272727272727277e-06,0.4676767676767677,,,,,,,,,,,
1.9272727272727277e-06,0.47171717171717176,,,,,,,,,,,
1.9272727272727277e-06,0.4757575757575757,,,,,,,,,,,
1.9272727272727277e-06,0.4797979797979798,,,,,,,,,,,
1.9272727272727277e-06,0.48383838383838385,,,,,,,,,,,
1.9272727272727277e-06,0.4878787878787879,,,,,,,,,,,
1.9272727272727277e-06,0.491919191919192,,,,,,,,,,,
1.9272727272727277e-06,0.49595959595959593,,,,,,,,,,,
1.9272727272727277e-06,0.5,,,,,,,,,,,
2.0281818181818184e-06,0.1,,,,,,,,,,,
2.0281818181818184e-06,0.10404040404040404,,,,,,,,,,,
2.0281818181818184e-06,0.10808080808080808,,,,,,,,,,,
2.0281818181818184e-06,0.11212121212121212,,,,,,,,,,,
2.0281818181818184e-06,0.11616161616161616,,,,,,,,,,,
2.0281818181818184e-06,0.1202020202020202,,,,,,,,,,,
2.0281818181818184e-06,0.12424242424242425,,,,,,,,,,,
2.0281818181818184e-06,0.12828282828282828,,,,,,,,,,,
2.0281818181818184e-06,0.13232323232323234,,,,,,,,,,,
2.0281818181818184e-06,0.13636363636363635,,,,,,,,,,,
2.0281818181818184e-06,0.14040404040404042,,,,,,,,,,,
2.0281818181818184e-06,0.14444444444444446,,,,,,,,,,,
2.0281818181818184e-06,0.1484848484848485,,,,,,,,,,,
2.0281818181818184e-06,0.15252525252525254,,,,,,,,,,,
2.0281818181818184e-06,0.15656565656565657,,,,,,,,,,,
2.0281818181818184e-06,0.1606060606060606,,,,,,,,,,,
2.0281818181818184e-06,0.16464646464646465,,,,,,,,,,,
2.0281818181818184e-06,0.1686868686868687,,,,,,,,,,,
2.0281818181818184e-06,0.17272727272727273,,,,,,,,,,,
2.0281818181818184e-06,0.17676767676767677,,,,,,,,,,,
2.0281818181818184e-06,0.1808080808080808,,,,,,,,,,,
2.0281818181818184e-06,0.18484848484848487,,,,,,,,,,,
2.0281818181818184e-06,0.18888888888888888,,,,,,,,,,,
2.0281818181818184e-06,0.19292929292929295,,,,,,,,,,,
2.0281818181818184e-06,0.19696969696969696,,,,,,,,,,,
2.0281818181818184e-06,0.20101010101010103,,,,,,,,,,,
2.0281818181818184e-06,0.20505050505050504,,,,,,,,,,,
2.0281818181818184e-06,0.2090909090909091,,,,,,,,,,,
2.0281818181818184e-06,0.21313131313131314,,,,,,,,,,,
2.0281818181818184e-06,0.21717171717171718,,,,,,,,,,,
2.0281818181818184e-06,0.22121212121212122,,,,,,,,,,,
2.0281818181818184e-06,0.22525252525252526,,,,,,,,,,,
2.0281818181818184e-06,0.2292929292929293,,,,,,,,,,,
2.0281818181818184e-06,0.23333333333333334,,,,,,,,,,,
2.0281818181818184e-06,0.23737373737373738,,,,,,,,,,,
2.0281818181818184e-06,0.24141414141414141,,,,,,,,,,,
2.0281818181818184e-06,0.24545454545454545,,,,,,,,,,,
2.0281818181818184e-06,0.2494949494949495,,,,,,,,,,,
2.0281818181818184e-06,0.2535353535353535,,,,,,,,,,,
2.0281818181818184e-06,0.25757575757575757,,,,,,,,,,,
2.0281818181818184e-06,0.26161616161616164,,,,,,,,,,,
2.0281818181818184e-06,0.2656565656565657,,,,,,,,,,,
2.0281818181818184e-06,0.2696969696969697,,,,,,,,,,,
2.0281818181818184e-06,0.2737373737373737,,,,,,,,,,,
2.0281818181818184e-06,0.2777777777777778,,,,,,,,,,,
2.0281818181818184e-06,0.28181818181818186,,,,,,,,,,,
2.0281818181818184e-06,0.28585858585858587,,,,,,,,,,,
2.0281818181818184e-06,0.2898989898989899,,,,,,,,,,,
2.0281818181818184e-06,0.29393939393939394,,,,,,,,,,,
2.0281818181818184e-06,0.297979797979798,,,,,,,,,,,
2.0281818181818184e-06,0.302020202020202,,,,,,,,,,,
2.0281818181818184e-06,0.30606060606060603,,,,,,,,,,,
2.0281818181818184e-06,0.3101010101010101,,,,,,,,,,,
2.0281818181818184e-06,0.31414141414141417,,,,,,,,,,,
2.0281818181818184e-06,0.3181818181818182,,,,,,,,,,,
2.0281818181818184e-06,0.3222222222222222,,,,,,,,,,,
2.0281818181818184e-06,0.32626262626262625,,,,,,,,,,,
2.0281818181818184e-06,0.3303030303030303,,,,,,,,,,,
2.0281818181818184e-06,0.3343434343434344,,,,,,,,,,,
2.0281818181818184e-06,0.3383838383838384,,,,,,,,,,,
2.0281818181818184e-06,0.3424242424242424,,,,,,,,,,,
2.0281818181818184e-06,0.3464646464646465,,,,,,,,,,,
2.0281818181818184e-06,0.35050505050505054,,,,,,,,,,,
2.0281818181818184e-06,0.3545454545454545,,,,,,,,,,,
2.0281818181818184e-06,0.35858585858585856,,,,,,,,,,,
2.0281818181818184e-06,0.36262626262626263,,,,,,,,,,,
2.0281818181818184e-06,0.3666666666666667,,,,,,,,,,,
2.0281818181818184e-06,0.37070707070707076,,,,,,,,,,,
2.0281818181818184e-06,0.3747474747474747,,,,,,,,,,,
2.0281818181818184e-06,0.3787878787878788,,,,,,,,,,,
2.0281818181818184e-06,0.38282828282828285,,,,,,,,,,,
2.0281818181818184e-06,0.3868686868686869,,,,,,,,,,,
2.0281818181818184e-06,0.3909090909090909,,,,,,,,,,,
2.0281818181818184e-06,0.39494949494949494,,,,,,,,,,,
2.0281818181818184e-06,0.398989898989899,,,,,,,,,,,
2.0281818181818184e-06,0.40303030303030307,,,,,,,,,,,
2.0281818181818184e-06,0.407070707070707,,,,,,,,,,,
2.0281818181818184e-06,0.4111111111111111,,,,,,,,,,,
2.0281818181818184e-06,0.41515151515151516,,,,,,,,,,,
2.0281818181818184e-06,0.4191919191919192,,,,,,,,,,,
2.0281818181818184e-06,0.4232323232323232,,,,,,,,,,,
2.0281818181818184e-06,0.42727272727272725,,,,,,,,,,,
2.0281818181818184e-06,0.4313131313131313,,,,,,,,,,,
2.0281818181818184e-06,0.4353535353535354,,,,,,,,,,,
2.0281818181818184e-06,0.43939393939393945,,,,,,,,,,,
2.0281818181818184e-06,0.4434343434343434,,,,,,,,,,,
2.0281818181818184e-06,0.44747474747474747,,,,,,,,,,,
2.0281818181818184e-06,0.45151515151515154,,,,,,,,,,,
2.0281818181818184e-06,0.4555555555555556,,,,,,,,,,,
2.0281818181818184e-06,0.45959595959595956,,,,,,,,,,,
2.0281818181818184e-06,0.4636363636363636,,,,,,,,,,,
2.0281818181818184e-06,0.4676767676767677,,,,,,,,,,,
2.0281818181818184e-06,0.47171717171717176,,,,,,,,,,,
2.0281818181818184e-06,0.4757575757575757,,,,,,,,,,,
2.0281818181818184e-06,0.4797979797979798,,,,,,,,,,,
2.0281818181818184e-06,0.48383838383838385,,,,,,,,,,,
2.0281818181818184e-06,0.4878787878787879,,,,,,,,,,,
2.0281818181818184e-06,0.491919191919192,,,,,,,,,,,
2.0281818181818184e-06,0.49595959595959593,,,,,,,,,,,
2.0281818181818184e-06,0.5,,,,,,,,,,,
2.129090909090909e-06,0.1,,,,,,,,,,,
2.129090909090909e-06,0.10404040404040404,,,,,,,,,,,
2.129090909090909e-06,0.10808080808080808,,,,,,,,,,,
2.129090909090909e-06,0.11212121212121212,,,,,,,,,,,
2.129090909090909e-06,0.11616161616161616,,,,,,,,,,,
2.129090909090909e-06,0.1202020202020202,,,,,,,,,,,
2.129090909090909e-06,0.12424242424242425,,,,,,,,,,,
2.129090909090909e-06,0.12828282828282828,,,,,,,,,,,
2.129090909090909e-06,0.13232323232323234,,,,,,,,,,,
2.129090909090909e-06,0.13636363636363635,,,,,,,,,,,
2.129090909090909e-06,0.14040404040404042,,,,,,,,,,,
2.129090909090909e-06,0.14444444444444446,,,,,,,,,,,
2.129090909090909e-06,0.1484848484848485,,,,,,,,,,,
2.129090909090909e-06,0.15252525252525254,,,,,,,,,,,
2.129090909090909e-06,0.15656565656565657,,,,,,,,,,,
2.129090909090909e-06,0.1606060606060606,,,,,,,,,,,
2.129090909090909e-06,0.16464646464646465,,,,,,,,,,,
2.129090909090909e-06,0.1686868686868687,,,,,,,,,,,
2.129090909090909e-06,0.17272727272727273,,,,,,,,,,,
2.129090909090909e-06,0.17676767676767677,,,,,,,,,,,
2.129090909090909e-06,0.1808080808080808,,,,,,,,,,,
2.129090909090909e-06,0.18484848484848487,,,,,,,,,,,
2.129090909090909e-06,0.18888888888888888,,,,,,,,,,,
2.129090909090909e-06,0.19292929292929295,,,,,,,,,,,
2.129090909090909e-06,0.19696969696969696,,,,,,,,,,,
2.129090909090909e-06,0.20101010101010103,,,,,,,,,,,
2.129090909090909e-06,0.20505050505050504,,,,,,,,,,,
2.129090909090909e-06,0.2090909090909091,,,,,,,,,,,
2.129090909090909e-06,0.21313131313131314,,,,,,,,,,,
2.129090909090909e-06,0.21717171717171718,,,,,,,,,,,
2.129090909090909e-06,0.22121212121212122,,,,,,,,,,,
2.129090909090909e-06,0.22525252525252526,,,,,,,,,,,
2.129090909090909e-06,0.2292929292929293,,,,,,,,,,,
2.129090909090909e-06,0.23333333333333334,,,,,,,,,,,
2.129090909090909e-06,0.23737373737373738,,,,,,,,,,,
2.129090909090909e-06,0.24141414141414141,,,,,,,,,,,
2.129090909090909e-06,0.24545454545454545,,,,,,,,,,,
2.129090909090909e-06,0.2494949494949495,,,,,,,,,,,
2.129090909090909e-06,0.2535353535353535,,,,,,,,,,,
2.129090909090909e-06,0.25757575757575757,,,,,,,,,,,
2.129090909090909e-06,0.26161616161616164,,,,,,,,,,,
2.129090909090909e-06,0.2656565656565657,,,,,,,,,,,
2.129090909090909e-06,0.2696969696969697,,,,,,,,,,,
2.129090909090909e-06,0.2737373737373737,,,,,,,,,,,
2.129090909090909e-06,0.2777777777777778,,,,,,,,,,,
2.129090909090909e-06,0.28181818181818186,,,,,,,,,,,
2.129090909090909e-06,0.28585858585858587,,,,,,,,,,,
2.129090909090909e-06,0.2898989898989899,,,,,,,,,,,
2.129090909090909e-06,0.29393939393939394,,,,,,,,,,,
2.129090909090909e-06,0.297979797979798,,,,,,,,,,,
2.129090909090909e-06,0.302020202020202,,,,,,,,,,,
2.129090909090909e-06,0.30606060606060603,,,,,,,,,,,
2.129090909090909e-06,0.3101010101010101,,,,,,,,,,,
2.129090909090909e-06,0.31414141414141417,,,,,,,,,,,
2.129090909090909e-06,0.3181818181818182,,,,,,,,,,,
2.129090909090909e-06,0.3222222222222222,,,,,,,,,,,
2.129090909090909e-06,0.32626262626262625,,,,,,,,,,,
2.129090909090909e-06,0.3303030303030303,,,,,,,,,,,
2.129090909090909e-06,0.3343434343434344,,,,,,,,,,,
2.129090909090909e-06,0.3383838383838384,,,,,,,,,,,
2.129090909090909e-06,0.3424242424242424,,,,,,,,,,,
2.129090909090909e-06,0.3464646464646465,,,,,,,,,,,
2.129090909090909e-06,0.35050505050505054,,,,,,,,,,,
2.129090909090909e-06,0.3545454545454545,,,,,,,,,,,
2.129090909090909e-06,0.35858585858585856,,,,,,,,,,,
2.129090909090909e-06,0.36262626262626263,,,,,,,,,,,
2.129090909090909e-06,0.3666666666666667,,,,,,,,,,,
2.129090909090909e-06,0.37070707070707076,,,,,,,,,,,
2.129090909090909e-06,0.3747474747474747,,,,,,,,,,,
2.129090909090909e-06,0.3787878787878788,,,,,,,,,,,
2.129090909090909e-06,0.38282828282828285,,,,,,,,,,,
2.129090909090909e-06,0.3868686868686869,,,,,,,,,,,
2.129090909090909e-06,0.3909090909090909,,,,,,,,,,,
2.129090909090909e-06,0.39494949494949494,,,,,,,,,,,
2.129090909090909e-06,0.398989898989899,,,,,,,,,,,
2.129090909090909e-06,0.40303030303030307,,,,,,,,,,,
2.129090909090909e-06,0.407070707070707,,,,,,,,,,,
2.129090909090909e-06,0.4111111111111111,,,,,,,,,,,
2.129090909090909e-06,0.41515151515151516,,,,,,,,,,,
2.129090909090909e-06,0.4191919191919192,,,,,,,,,,,
2.129090909090909e-06,0.4232323232323232,,,,,,,,,,,
2.129090909090909e-06,0.42727272727272725,,,,,,,,,,,
2.129090909090909e-06,0.4313131313131313,,,,,,,,,,,
2.129090909090909e-06,0.4353535353535354,,,,,,,,,,,
2.129090909090909e-06,0.43939393939393945,,,,,,,,,,,
2.129090909090909e-06,0.4434343434343434,,,,,,,,,,,
2.129090909090909e-06,0.44747474747474747,,,,,,,,,,,
2.129090909090909e-06,0.45151515151515154,,,,,,,,,,,
2.129090909090909e-06,0.4555555555555556,,,,,,,,,,,
2.129090909090909e-06,0.45959595959595956,,,,,,,,,,,
2.129090909090909e-06,0.4636363636363636,,,,,,,,,,,
2.129090909090909e-06,0.4676767676767677,,,,,,,,,,,
2.129090909090909e-06,0.47171717171717176,,,,,,,,,,,
2.129090909090909e-06,0.4757575757575757,,,,,,,,,,,
2.129090909090909e-06,0.4797979797979798,,,,,,,,,,,
2.129090909090909e-06,0.48383838383838385,,,,,,,,,,,
2.129090909090909e-06,0.4878787878787879,,,,,,,,,,,
2.129090909090909e-06,0.491919191919192,,,,,,,,,,,
2.129090909090909e-06,0.49595959595959593,,,,,,,,,,,
2.129090909090909e-06,0.5,,,,,,,,,,,
2.2300000000000002e-06,0.1,,,,,,,,,,,
2.2300000000000002e-06,0.10404040404040404,,,,,,,,,,,
2.2300000000000002e-06,0.10808080808080808,,,,,,,,,,,
2.2300000000000002e-06,0.11212121212121212,,,,,,,,,,,
2.2300000000000002e-06,0.11616161616161616,,,,,,,,,,,
2.2300000000000002e-06,0.1202020202020202,,,,,,,,,,,
2.2300000000000002e-06,0.12424242424242425,,,,,,,,,,,
2.2300000000000002e-06,0.12828282828282828,,,,,,,,,,,
2.2300000000000002e-06,0.13232323232323234,,,,,,,,,,,
2.2300000000000002e-06,0.13636363636363635,,,,,,,,,,,
2.2300000000000002e-06,0.14040404040404042,,,,,,,,,,,
2.2300000000000002e-06,0.14444444444444446,,,,,,,,,,,
2.2300000000000002e-06,0.1484848484848485,,,,,,,,,,,
2.2300000000000002e-06,0.15252525252525254,,,,,,,,,,,
2.2300000000000002e-06,0.15656565656565657,,,,,,,,,,,
2.2300000000000002e-06,0.1606060606060606,,,,,,,,,,,
2.2300000000000002e-06,0.16464646464646465,,,,,,,,,,,
2.2300000000000002e-06,0.1686868686868687,,,,,,,,,,,
2.2300000000000002e-06,0.17272727272727273,,,,,,,,,,,
2.2300000000000002e-06,0.17676767676767677,,,,,,,,,,,
2.2300000000000002e-06,0.1808080808080808,,,,,,,,,,,
2.2300000000000002e-06,0.18484848484848487,,,,,,,,,,,
2.2300000000000002e-06,0.18888888888888888,,,,,,,,,,,
2.2300000000000002e-06,0.19292929292929295,,,,,,,,,,,
2.2300000000000002e-06,0.19696969696969696,,,,,,,,,,,
2.2300000000000002e-06,0.20101010101010103,,,,,,,,,,,
2.2300000000000002e-06,0.20505050505050504,,,,,,,,,,,
2.2300000000000002e-06,0.2090909090909091,,,,,,,,,,,
2.2300000000000002e-06,0.21313131313131314,,,,,,,,,,,
2.2300000000000002e-06,0.21717171717171718,,,,,,,,,,,
2.2300000000000002e-06,0.22121212121212122,,,,,,,,,,,
2.2300000000000002e-06,0.22525252525252526,,,,,,,,,,,
2.2300000000000002e-06,0.2292929292929293,,,,,,,,,,,
2.2300000000000002e-06,0.23333333333333334,,,,,,,,,,,
2.2300000000000002e-06,0.23737373737373738,,,,,,,,,,,
2.2300000000000002e-06,0.24141414141414141,,,,,,,,,,,
2.2300000000000002e-06,0.24545454545454545,,,,,,,,,,,
2.2300000000000002e-06,0.2494949494949495,,,,,,,,,,,
2.2300000000000002e-06,0.2535353535353535,,,,,,,,,,,
2.2300000000000002e-06,0.25757575757575757,,,,,,,,,,,
2.2300000000000002e-06,0.26161616161616164,,,,,,,,,,,
2.2300000000000002e-06,0.2656565656565657,,,,,,,,,,,
2.2300000000000002e-06,0.2696969696969697,,,,,,,,,,,
2.2300000000000002e-06,0.2737373737373737,,,,,,,,,,,
2.2300000000000002e-06,0.2777777777777778,,,,,,,,,,,
2.2300000000000002e-06,0.28181818181818186,,,,,,,,,,,
2.2300000000000002e-06,0.28585858585858587,,,,,,,,,,,
2.2300000000000002e-06,0.2898989898989899,,,,,,,,,,,
2.2300000000000002e-06,0.29393939393939394,,,,,,,,,,,
2.2300000000000002e-06,0.297979797979798,,,,,,,,,,,
2.2300000000000002e-06,0.302020202020202,,,,,,,,,,,
2.2300000000000002e-06,0.30606060606060603,,,,,,,,,,,
2.2300000000000002e-06,0.3101010101010101,,,,,,,,,,,
2.2300000000000002e-06,0.31414141414141417,,,,,,,,,,,
2.2300000000000002e-06,0.3181818181818182,,,,,,,,,,,
2.2300000000000002e-06,0.3222222222222222,,,,,,,,,,,
2.2300000000000002e-06,0.32626262626262625,,,,,,,,,,,
2.2300000000000002e-06,0.3303030303030303,,,,,,,,,,,
2.2300000000000002e-06,0.3343434343434344,,,,,,,,,,,
2.2300000000000002e-06,0.3383838383838384,,,,,,,,,,,
2.2300000000000002e-06,0.3424242424242424,,,,,,,,,,,
2.2300000000000002e-06,0.3464646464646465,,,,,,,,,,,
2.2300000000000002e-06,0.35050505050505054,,,,,,,,,,,
2.2300000000000002e-06,0.3545454545454545,,,,,,,,,,,
2.2300000000000002e-06,0.35858585858585856,,,,,,,,,,,
2.2300000000000002e-06,0.36262626262626263,,,,,,,,,,,
2.2300000000000002e-06,0.3666666666666667,,,,,,,,,,,
2.2300000000000002e-06,0.37070707070707076,,,,,,,,,,,
2.2300000000000002e-06,0.3747474747474747,,,,,,,,,,,
2.2300000000000002e-06,0.3787878787878788,,,,,,,,,,,
2.2300000000000002e-06,0.38282828282828285,,,,,,,,,,,
2.2300000000000002e-06,0.3868686868686869,,,,,,,,,,,
2.2300000000000002e-06,0.3909090909090909,,,,,,,,,,,
2.2300000000000002e-06,0.39494949494949494,,,,,,,,,,,
2.2300000000000002e-06,0.398989898989899,,,,,,,,,,,
2.2300000000000002e-06,0.40303030303030307,,,,,,,,,,,
2.2300000000000002e-06,0.407070707070707,,,,,,,,,,,
2.2300000000000002e-06,0.4111111111111111,,,,,,,,,,,
2.2300000000000002e-06,0.41515151515151516,,,,,,,,,,,
2.2300000000000002e-06,0.4191919191919192,,,,,,,,,,,
2.2300000000000002e-06,0.4232323232323232,,,,,,,,,,,
2.2300000000000002e-06,0.42727272727272725,,,,,,,,,,,
2.2300000000000002e-06,0.4313131313131313,,,,,,,,,,,
2.2300000000000002e-06,0.4353535353535354,,,,,,,,,,,
2.2300000000000002e-06,0.43939393939393945,,,,,,,,,,,
2.2300000000000002e-06,0.4434343434343434,,,,,,,,,,,
2.2300000000000002e-06,0.44747474747474747,,,,,,,,,,,
2.2300000000000002e-06,0.45151515151515154,,,,,,,,,,,
2.2300000000000002e-06,0.4555555555555556,,,,,,,,,,,
2.2300000000000002e-06,0.45959595959595956,,,,,,,,,,,
2.2300000000000002e-06,0.4636363636363636,,,,,,,,,,,
2.2300000000000002e-06,0.4676767676767677,,,,,,,,,,,
2.2300000000000002e-06,0.47171717171717176,,,,,,,,,,,
2.2300000000000002e-06,0.4757575757575757,,,,,,,,,,,
2.2300000000000002e-06,0.4797979797979798,,,,,,,,,,,
2.2300000000000002e-06,0.48383838383838385,,,,,,,,,,,
2.2300000000000002e-06,0.4878787878787879,,,,,,,,,,,
2.2300000000000002e-06,0.491919191919192,,,,,,,,,,,
2.2300000000000002e-06,0.49595959595959593,,,,,,,,,,,
2.2300000000000002e-06,0.5,,,,,,,,,,,
2.3309090909090914e-06,0.1,,,,,,,,,,,
2.3309090909090914e-06,0.10404040404040404,,,,,,,,,,,
2.3309090909090914e-06,0.10808080808080808,,,,,,,,,,,
2.3309090909090914e-06,0.11212121212121212,,,,,,,,,,,
2.3309090909090914e-06,0.11616161616161616,,,,,,,,,,,
2.3309090909090914e-06,0.1202020202020202,,,,,,,,,,,
2.3309090909090914e-06,0.12424242424242425,,,,,,,,,,,
2.3309090909090914e-06,0.12828282828282828,,,,,,,,,,,
2.3309090909090914e-06,0.13232323232323234,,,,,,,,,,,
2.3309090909090914e-06,0.13636363636363635,,,,,,,,,,,
2.3309090909090914e-06,0.14040404040404042,,,,,,,,,,,
2.3309090909090914e-06,0.14444444444444446,,,,,,,,,,,
2.3309090909090914e-06,0.1484848484848485,,,,,,,,,,,
2.3309090909090914e-06,0.15252525252525254,,,,,,,,,,,
2.3309090909090914e-06,0.15656565656565657,,,,,,,,,,,
2.3309090909090914e-06,0.1606060606060606,,,,,,,,,,,
2.3309090909090914e-06,0.16464646464646465,,,,,,,,,,,
2.3309090909090914e-06,0.1686868686868687,,,,,,,,,,,
2.3309090909090914e-06,0.17272727272727273,,,,,,,,,,,
2.3309090909090914e-06,0.17676767676767677,,,,,,,,,,,
2.3309090909090914e-06,0.1808080808080808,,,,,,,,,,,
2.3309090909090914e-06,0.18484848484848487,,,,,,,,,,,
2.3309090909090914e-06,0.18888888888888888,,,,,,,,,,,
2.3309090909090914e-06,0.19292929292929295,,,,,,,,,,,
2.3309090909090914e-06,0.19696969696969696,,,,,,,,,,,
2.3309090909090914e-06,0.20101010101010103,,,,,,,,,,,
2.3309090909090914e-06,0.20505050505050504,,,,,,,,,,,
2.3309090909090914e-06,0.2090909090909091,,,,,,,,,,,
2.3309090909090914e-06,0.21313131313131314,,,,,,,,,,,
2.3309090909090914e-06,0.21717171717171718,,,,,,,,,,,
2.3309090909090914e-06,0.22121212121212122,,,,,,,,,,,
2.3309090909090914e-06,0.22525252525252526,,,,,,,,,,,
2.3309090909090914e-06,0.2292929292929293,,,,,,,,,,,
2.3309090909090914e-06,0.23333333333333334,,,,,,,,,,,
2.3309090909090914e-06,0.23737373737373738,,,,,,,,,,,
2.3309090909090914e-06,0.24141414141414141,,,,,,,,,,,
2.3309090909090914e-06,0.24545454545454545,,,,,,,,,,,
2.3309090909090914e-06,0.2494949494949495,,,,,,,,,,,
2.3309090909090914e-06,0.2535353535353535,,,,,,,,,,,
2.3309090909090914e-06,0.25757575757575757,,,,,,,,,,,
2.3309090909090914e-06,0.26161616161616164,,,,,,,,,,,
2.3309090909090914e-06,0.2656565656565657,,,,,,,,,,,
2.3309090909090914e-06,0.2696969696969697,,,,,,,,,,,
2.3309090909090914e-06,0.2737373737373737,,,,,,,,,,,
2.3309090909090914e-06,0.2777777777777778,,,,,,,,,,,
2.3309090909090914e-06,0.28181818181818186,,,,,,,,,,,
2.3309090909090914e-06,0.28585858585858587,,,,,,,,,,,
2.3309090909090914e-06,0.2898989898989899,,,,,,,,,,,
2.3309090909090914e-06,0.29393939393939394,,,,,,,,,,,
2.3309090909090914e-06,0.297979797979798,,,,,,,,,,,
2.3309090909090914e-06,0.302020202020202,,,,,,,,,,,
2.3309090909090914e-06,0.30606060606060603,,,,,,,,,,,
2.3309090909090914e-06,0.3101010101010101,,,,,,,,,,,
2.3309090909090914e-06,0.31414141414141417,,,,,,,,,,,
2.3309090909090914e-06,0.3181818181818182,,,,,,,,,,,
2.3309090909090914e-06,0.3222222222222222,,,,,,,,,,,
2.3309090909090914e-06,0.32626262626262625,,,,,,,,,,,
2.3309090909090914e-06,0.3303030303030303,,,,,,,,,,,
2.3309090909090914e-06,0.3343434343434344,,,,,,,,,,,
2.3309090909090914e-06,0.3383838383838384,,,,,,,,,,,
2.3309090909090914e-06,0.3424242424242424,,,,,,,,,,,
2.3309090909090914e-06,0.3464646464646465,,,,,,,,,,,
2.3309090909090914e-06,0.35050505050505054,,,,,,,,,,,
2.3309090909090914e-06,0.3545454545454545,,,,,,,,,,,
2.3309090909090914e-06,0.35858585858585856,,,,,,,,,,,
2.3309090909090914e-06,0.36262626262626263,,,,,,,,,,,
2.3309090909090914e-06,0.3666666666666667,,,,,,,,,,,
2.3309090909090914e-06,0.37070707070707076,,,,,,,,,,,
2.3309090909090914e-06,0.3747474747474747,,,,,,,,,,,
2.3309090909090914e-06,0.3787878787878788,,,,,,,,,,,
2.3309090909090914e-06,0.38282828282828285,,,,,,,,,,,
2.3309090909090914e-06,0.3868686868686869,,,,,,,,,,,
2.3309090909090914e-06,0.3909090909090909,,,,,,,,,,,
2.3309090909090914e-06,0.39494949494949494,,,,,,,,,,,
2.3309090909090914e-06,0.398989898989899,,,,,,,,,,,
2.3309090909090914e-06,0.40303030303030307,,,,,,,,,,,
2.3309090909090914e-06,0.407070707070707,,,,,,,,,,,
2.3309090909090914e-06,0.4111111111111111,,,,,,,,,,,
2.3309090909090914e-06,0.41515151515151516,,,,,,,,,,,
2.3309090909090914e-06,0.4191919191919192,,,,,,,,,,,
2.3309090909090914e-06,0.4232323232323232,,,,,,,,,,,
2.3309090909090914e-06,0.42727272727272725,,,,,,,,,,,
2.3309090909090914e-06,0.4313131313131313,,,,,,,,,,,
2.3309090909090914e-06,0.4353535353535354,,,,,,,,,,,
2.3309090909090914e-06,0.43939393939393945,,,,,,,,,,,
2.3309090909090914e-06,0.4434343434343434,,,,,,,,,,,
2.3309090909090914e-06,0.44747474747474747,,,,,,,,,,,
2.3309090909090914e-06,0.45151515151515154,,,,,,,,,,,
2.3309090909090914e-06,0.4555555555555556,,,,,,,,,,,
2.3309090909090914e-06,0.45959595959595956,,,,,,,,,,,
2.3309090909090914e-06,0.4636363636363636,,,,,,,,,,,
2.3309090909090914e-06,0.4676767676767677,,,,,,,,,,,
2.3309090909090914e-06,0.47171717171717176,,,,,,,,,,,
2.3309090909090914e-06,0.4757575757575757,,,,,,,,,,,
2.3309090909090914e-06,0.4797979797979798,,,,,,,,,,,
2.3309090909090914e-06,0.48383838383838385,,,,,,,,,,,
2.3309090909090914e-06,0.4878787878787879,,,,,,,,,,,
2.3309090909090914e-06,0.491919191919192,,,,,,,,,,,
2.3309090909090914e-06,0.49595959595959593,,,,,,,,,,,
2.3309090909090914e-06,0.5,,,,,,,,,,,
2.431818181818182e-06,0.1,,,,,,,,,,,
2.431818181818182e-06,0.10404040404040404,,,,,,,,,,,
2.431818181818182e-06,0.10808080808080808,,,,,,,,,,,
2.431818181818182e-06,0.11212121212121212,,,,,,,,,,,
2.431818181818182e-06,0.11616161616161616,,,,,,,,,,,
2.431818181818182e-06,0.1202020202020202,,,,,,,,,,,
2.431818181818182e-06,0.12424242424242425,,,,,,,,,,,
2.431818181818182e-06,0.12828282828282828,,,,,,,,,,,
2.431818181818182e-06,0.13232323232323234,,,,,,,,,,,
2.431818181818182e-06,0.13636363636363635,,,,,,,,,,,
2.431818181818182e-06,0.14040404040404042,,,,,,,,,,,
2.431818181818182e-06,0.14444444444444446,,,,,,,,,,,
2.431818181818182e-06,0.1484848484848485,,,,,,,,,,,
2.431818181818182e-06,0.15252525252525254,,,,,,,,,,,
2.431818181818182e-06,0.15656565656565657,,,,,,,,,,,
2.431818181818182e-06,0.1606060606060606,,,,,,,,,,,
2.431818181818182e-06,0.16464646464646465,,,,,,,,,,,
2.431818181818182e-06,0.1686868686868687,,,,,,,,,,,
2.431818181818182e-06,0.17272727272727273,,,,,,,,,,,
2.431818181818182e-06,0.17676767676767677,,,,,,,,,,,
2.431818181818182e-06,0.1808080808080808,,,,,,,,,,,
2.431818181818182e-06,0.18484848484848487,,,,,,,,,,,
2.431818181818182e-06,0.18888888888888888,,,,,,,,,,,
2.431818181818182e-06,0.19292929292929295,,,,,,,,,,,
2.431818181818182e-06,0.19696969696969696,,,,,,,,,,,
2.431818181818182e-06,0.20101010101010103,,,,,,,,,,,
2.431818181818182e-06,0.20505050505050504,,,,,,,,,,,
2.431818181818182e-06,0.2090909090909091,,,,,,,,,,,
2.431818181818182e-06,0.21313131313131314,,,,,,,,,,,
2.431818181818182e-06,0.21717171717171718,,,,,,,,,,,
2.431818181818182e-06,0.22121212121212122,,,,,,,,,,,
2.431818181818182e-06,0.22525252525252526,,,,,,,,,,,
2.431818181818182e-06,0.2292929292929293,,,,,,,,,,,
2.431818181818182e-06,0.23333333333333334,,,,,,,,,,,
2.431818181818182e-06,0.23737373737373738,,,,,,,,,,,
2.431818181818182e-06,0.24141414141414141,,,,,,,,,,,
2.431818181818182e-06,0.24545454545454545,,,,,,,,,,,
2.431818181818182e-06,0.2494949494949495,,,,,,,,,,,
2.431818181818182e-06,0.2535353535353535,,,,,,,,,,,
2.431818181818182e-06,0.25757575757575757,,,,,,,,,,,
2.431818181818182e-06,0.26161616161616164,,,,,,,,,,,
2.431818181818182e-06,0.2656565656565657,,,,,,,,,,,
2.431818181818182e-06,0.2696969696969697,,,,,,,,,,,
2.431818181818182e-06,0.2737373737373737,,,,,,,,,,,
2.431818181818182e-06,0.2777777777777778,,,,,,,,,,,
2.431818181818182e-06,0.28181818181818186,,,,,,,,,,,
2.431818181818182e-06,0.28585858585858587,,,,,,,,,,,
2.431818181818182e-06,0.2898989898989899,,,,,,,,,,,
2.431818181818182e-06,0.29393939393939394,,,,,,,,,,,
2.431818181818182e-06,0.297979797979798,,,,,,,,,,,
2.431818181818182e-06,0.302020202020202,,,,,,,,,,,
2.431818181818182e-06,0.30606060606060603,,,,,,,,,,,
2.431818181818182e-06,0.3101010101010101,,,,,,,,,,,
2.431818181818182e-06,0.31414141414141417,,,,,,,,,,,
2.431818181818182e-06,0.3181818181818182,,,,,,,,,,,
2.431818181818182e-06,0.3222222222222222,,,,,,,,,,,
2.431818181818182e-06,0.32626262626262625,,,,,,,,,,,
2.431818181818182e-06,0.3303030303030303,,,,,,,,,,,
2.431818181818182e-06,0.3343434343434344,,,,,,,,,,,
2.431818181818182e-06,0.3383838383838384,,,,,,,,,,,
2.431818181818182e-06,0.3424242424242424,,,,,,,,,,,
2.431818181818182e-06,0.3464646464646465,,,,,,,,,,,
2.431818181818182e-06,0.35050505050505054,,,,,,,,,,,
2.431818181818182e-06,0.3545454545454545,,,,,,,,,,,
2.431818181818182e-06,0.35858585858585856,,,,,,,,,,,
2.431818181818182e-06,0.36262626262626263,,,,,,,,,,,
2.431818181818182e-06,0.3666666666666667,,,,,,,,,,,
2.431818181818182e-06,0.37070707070707076,,,,,,,,,,,
2.431818181818182e-06,0.3747474747474747,,,,,,,,,,,
2.431818181818182e-06,0.3787878787878788,,,,,,,,,,,
2.431818181818182e-06,0.38282828282828285,,,,,,,,,,,
2.431818181818182e-06,0.3868686868686869,,,,,,,,,,,
2.431818181818182e-06,0.3909090909090909,,,,,,,,,,,
2.431818181818182e-06,0.39494949494949494,,,,,,,,,,,
2.431818181818182e-06,0.398989898989899,,,,,,,,,,,
2.431818181818182e-06,0.40303030303030307,,,,,,,,,,,
2.431818181818182e-06,0.407070707070707,,,,,,,,,,,
2.431818181818182e-06,0.4111111111111111,,,,,,,,,,,
2.431818181818182e-06,0.41515151515151516,,,,,,,,,,,
2.431818181818182e-06,0.4191919191919192,,,,,,,,,,,
2.431818181818182e-06,0.4232323232323232,,,,,,,,,,,
2.431818181818182e-06,0.42727272727272725,,,,,,,,,,,
2.431818181818182e-06,0.4313131313131313,,,,,,,,,,,
2.431818181818182e-06,0.4353535353535354,,,,,,,,,,,
2.431818181818182e-06,0.43939393939393945,,,,,,,,,,,
2.431818181818182e-06,0.4434343434343434,,,,,,,,,,,
2.431818181818182e-06,0.44747474747474747,,,,,,,,,,,
2.431818181818182e-06,0.45151515151515154,,,,,,,,,,,
2.431818181818182e-06,0.4555555555555556,,,,,,,,,,,
2.431818181818182e-06,0.45959595959595956,,,,,,,,,,,
2.431818181818182e-06,0.4636363636363636,,,,,,,,,,,
2.431818181818182e-06,0.4676767676767677,,,,,,,,,,,
2.431818181818182e-06,0.47171717171717176,,,,,,,,,,,
2.431818181818182e-06,0.4757575757575757,,,,,,,,,,,
2.431818181818182e-06,0.4797979797979798,,,,,,,,,,,
2.431818181818182e-06,0.48383838383838385,,,,,,,,,,,
2.431818181818182e-06,0.4878787878787879,,,,,,,,,,,
2.431818181818182e-06,0.491919191919192,,,,,,,,,,,
2.431818181818182e-06,0.49595959595959593,,,,,,,,,,,
2.431818181818182e-06,0.5,,,,,,,,,,,
2.532727272727273e-06,0.1,,,,,,,,,,,
2.532727272727273e-06,0.10404040404040404,,,,,,,,,,,
2.532727272727273e-06,0.10808080808080808,,,,,,,,,,,
2.532727272727273e-06,0.11212121212121212,,,,,,,,,,,
2.532727272727273e-06,0.11616161616161616,,,,,,,,,,,
2.532727272727273e-06,0.1202020202020202,,,,,,,,,,,
2.532727272727273e-06,0.12424242424242425,,,,,,,,,,,
2.532727272727273e-06,0.12828282828282828,,,,,,,,,,,
2.532727272727273e-06,0.13232323232323234,,,,,,,,,,,
2.532727272727273e-06,0.13636363636363635,,,,,,,,,,,
2.532727272727273e-06,0.14040404040404042,,,,,,,,,,,
2.532727272727273e-06,0.14444444444444446,,,,,,,,,,,
2.532727272727273e-06,0.1484848484848485,,,,,,,,,,,
2.532727272727273e-06,0.15252525252525254,,,,,,,,,,,
2.532727272727273e-06,0.15656565656565657,,,,,,,,,,,
2.532727272727273e-06,0.1606060606060606,,,,,,,,,,,
2.532727272727273e-06,0.16464646464646465,,,,,,,,,,,
2.532727272727273e-06,0.1686868686868687,,,,,,,,,,,
2.532727272727273e-06,0.17272727272727273,,,,,,,,,,,
2.532727272727273e-06,0.17676767676767677,,,,,,,,,,,
2.532727272727273e-06,0.1808080808080808,,,,,,,,,,,
2.532727272727273e-06,0.18484848484848487,,,,,,,,,,,
2.532727272727273e-06,0.18888888888888888,,,,,,,,,,,
2.532727272727273e-06,0.19292929292929295,,,,,,,,,,,
2.532727272727273e-06,0.19696969696969696,,,,,,,,,,,
2.532727272727273e-06,0.20101010101010103,,,,,,,,,,,
2.532727272727273e-06,0.20505050505050504,,,,,,,,,,,
2.532727272727273e-06,0.2090909090909091,,,,,,,,,,,
2.532727272727273e-06,0.21313131313131314,,,,,,,,,,,
2.532727272727273e-06,0.21717171717171718,,,,,,,,,,,
2.532727272727273e-06,0.22121212121212122,,,,,,,,,,,
2.532727272727273e-06,0.22525252525252526,,,,,,,,,,,
2.532727272727273e-06,0.2292929292929293,,,,,,,,,,,
2.532727272727273e-06,0.23333333333333334,,,,,,,,,,,
2.532727272727273e-06,0.23737373737373738,,,,,,,,,,,
2.532727272727273e-06,0.24141414141414141,,,,,,,,,,,
2.532727272727273e-06,0.24545454545454545,,,,,,,,,,,
2.532727272727273e-06,0.2494949494949495,,,,,,,,,,,
2.532727272727273e-06,0.2535353535353535,,,,,,,,,,,
2.532727272727273e-06,0.25757575757575757,,,,,,,,,,,
2.532727272727273e-06,0.26161616161616164,,,,,,,,,,,
2.532727272727273e-06,0.2656565656565657,,,,,,,,,,,
2.532727272727273e-06,0.2696969696969697,,,,,,,,,,,
2.532727272727273e-06,0.2737373737373737,,,,,,,,,,,
2.532727272727273e-06,0.2777777777777778,,,,,,,,,,,
2.532727272727273e-06,0.28181818181818186,,,,,,,,,,,
2.532727272727273e-06,0.28585858585858587,,,,,,,,,,,
2.532727272727273e-06,0.2898989898989899,,,,,,,,,,,
2.532727272727273e-06,0.29393939393939394,,,,,,,,,,,
2.532727272727273e-06,0.297979797979798,,,,,,,,,,,
2.532727272727273e-06,0.302020202020202,,,,,,,,,,,
2.532727272727273e-06,0.30606060606060603,,,,,,,,,,,
2.532727272727273e-06,0.3101010101010101,,,,,,,,,,,
2.532727272727273e-06,0.31414141414141417,,,,,,,,,,,
2.532727272727273e-06,0.3181818181818182,,,,,,,,,,,
2.532727272727273e-06,0.3222222222222222,,,,,,,,,,,
2.532727272727273e-06,0.32626262626262625,,,,,,,,,,,
2.532727272727273e-06,0.3303030303030303,,,,,,,,,,,
2.532727272727273e-06,0.3343434343434344,,,,,,,,,,,
2.532727272727273e-06,0.3383838383838384,,,,,,,,,,,
2.532727272727273e-06,0.3424242424242424,,,,,,,,,,,
2.532727272727273e-06,0.3464646464646465,,,,,,,,,,,
2.532727272727273e-06,0.35050505050505054,,,,,,,,,,,
2.532727272727273e-06,0.3545454545454545,,,,,,,,,,,
2.532727272727273e-06,0.35858585858585856,,,,,,,,,,,
2.532727272727273e-06,0.36262626262626263,,,,,,,,,,,
2.532727272727273e-06,0.3666666666666667,,,,,,,,,,,
2.532727272727273e-06,0.37070707070707076,,,,,,,,,,,
2.532727272727273e-06,0.3747474747474747,,,,,,,,,,,
2.532727272727273e-06,0.3787878787878788,,,,,,,,,,,
2.532727272727273e-06,0.38282828282828285,,,,,,,,,,,
2.532727272727273e-06,0.3868686868686869,,,,,,,,,,,
2.532727272727273e-06,0.3909090909090909,,,,,,,,,,,
2.532727272727273e-06,0.39494949494949494,,,,,,,,,,,
2.532727272727273e-06,0.398989898989899,,,,,,,,,,,
2.532727272727273e-06,0.40303030303030307,,,,,,,,,,,
2.532727272727273e-06,0.407070707070707,,,,,,,,,,,
2.532727272727273e-06,0.4111111111111111,,,,,,,,,,,
2.532727272727273e-06,0.41515151515151516,,,,,,,,,,,
2.532727272727273e-06,0.4191919191919192,,,,,,,,,,,
2.532727272727273e-06,0.4232323232323232,,,,,,,,,,,
2.532727272727273e-06,0.42727272727272725,,,,,,,,,,,
2.532727272727273e-06,0.4313131313131313,,,,,,,,,,,
2.532727272727273e-06,0.4353535353535354,,,,,,,,,,,
2.532727272727273e-06,0.43939393939393945,,,,,,,,,,,
2.532727272727273e-06,0.4434343434343434,,,,,,,,,,,
2.532727272727273e-06,0.44747474747474747,,,,,,,,,,,
2.532727272727273e-06,0.45151515151515154,,,,,,,,,,,
2.532727272727273e-06,0.4555555555555556,,,,,,,,,,,
2.532727272727273e-06,0.45959595959595956,,,,,,,,,,,
2.532727272727273e-06,0.4636363636363636,,,,,,,,,,,
2.532727272727273e-06,0.4676767676767677,,,,,,,,,,,
2.532727272727273e-06,0.47171717171717176,,,,,,,,,,,
2.532727272727273e-06,0.4757575757575757,,,,,,,,,,,
2.532727272727273e-06,0.4797979797979798,,,,,,,,,,,
2.532727272727273e-06,0.48383838383838385,,,,,,,,,,,
2.532727272727273e-06,0.4878787878787879,,,,,,,,,,,
2.532727272727273e-06,0.491919191919192,,,,,,,,,,,
2.532727272727273e-06,0.49595959595959593,,,,,,,,,,,
2.532727272727273e-06,0.5,,,,,,,,,,,
2.633636363636364e-06,0.1,,,,,,,,,,,
2.633636363636364e-06,0.10404040404040404,,,,,,,,,,,
2.633636363636364e-06,0.10808080808080808,,,,,,,,,,,
2.633636363636364e-06,0.11212121212121212,,,,,,,,,,,
2.633636363636364e-06,0.11616161616161616,,,,,,,,,,,
2.633636363636364e-06,0.1202020202020202,,,,,,,,,,,
2.633636363636364e-06,0.12424242424242425,,,,,,,,,,,
2.633636363636364e-06,0.12828282828282828,,,,,,,,,,,
2.633636363636364e-06,0.13232323232323234,,,,,,,,,,,
2.633636363636364e-06,0.13636363636363635,,,,,,,,,,,
2.633636363636364e-06,0.14040404040404042,,,,,,,,,,,
2.633636363636364e-06,0.14444444444444446,,,,,,,,,,,
2.633636363636364e-06,0.1484848484848485,,,,,,,,,,,
2.633636363636364e-06,0.15252525252525254,,,,,,,,,,,
2.633636363636364e-06,0.15656565656565657,,,,,,,,,,,
2.633636363636364e-06,0.1606060606060606,,,,,,,,,,,
2.633636363636364e-06,0.16464646464646465,,,,,,,,,,,
2.633636363636364e-06,0.1686868686868687,,,,,,,,,,,
2.633636363636364e-06,0.17272727272727273,,,,,,,,,,,
2.633636363636364e-06,0.17676767676767677,,,,,,,,,,,
2.633636363636364e-06,0.1808080808080808,,,,,,,,,,,
2.633636363636364e-06,0.18484848484848487,,,,,,,,,,,
2.633636363636364e-06,0.18888888888888888,,,,,,,,,,,
2.633636363636364e-06,0.19292929292929295,,,,,,,,,,,
2.633636363636364e-06,0.19696969696969696,,,,,,,,,,,
2.633636363636364e-06,0.20101010101010103,,,,,,,,,,,
2.633636363636364e-06,0.20505050505050504,,,,,,,,,,,
2.633636363636364e-06,0.2090909090909091,,,,,,,,,,,
2.633636363636364e-06,0.21313131313131314,,,,,,,,,,,
2.633636363636364e-06,0.21717171717171718,,,,,,,,,,,
2.633636363636364e-06,0.22121212121212122,,,,,,,,,,,
2.633636363636364e-06,0.22525252525252526,,,,,,,,,,,
2.633636363636364e-06,0.2292929292929293,,,,,,,,,,,
2.633636363636364e-06,0.23333333333333334,,,,,,,,,,,
2.633636363636364e-06,0.23737373737373738,,,,,,,,,,,
2.633636363636364e-06,0.24141414141414141,,,,,,,,,,,
2.633636363636364e-06,0.24545454545454545,,,,,,,,,,,
2.633636363636364e-06,0.2494949494949495,,,,,,,,,,,
2.633636363636364e-06,0.2535353535353535,,,,,,,,,,,
2.633636363636364e-06,0.25757575757575757,,,,,,,,,,,
2.633636363636364e-06,0.26161616161616164,,,,,,,,,,,
2.633636363636364e-06,0.2656565656565657,,,,,,,,,,,
2.633636363636364e-06,0.2696969696969697,,,,,,,,,,,
2.633636363636364e-06,0.2737373737373737,,,,,,,,,,,
2.633636363636364e-06,0.2777777777777778,,,,,,,,,,,
2.633636363636364e-06,0.28181818181818186,,,,,,,,,,,
2.633636363636364e-06,0.28585858585858587,,,,,,,,,,,
2.633636363636364e-06,0.2898989898989899,,,,,,,,,,,
2.633636363636364e-06,0.29393939393939394,,,,,,,,,,,
2.633636363636364e-06,0.297979797979798,,,,,,,,,,,
2.633636363636364e-06,0.302020202020202,,,,,,,,,,,
2.633636363636364e-06,0.30606060606060603,,,,,,,,,,,
2.633636363636364e-06,0.3101010101010101,,,,,,,,,,,
2.633636363636364e-06,0.31414141414141417,,,,,,,,,,,
2.633636363636364e-06,0.3181818181818182,,,,,,,,,,,
2.633636363636364e-06,0.3222222222222222,,,,,,,,,,,
2.633636363636364e-06,0.32626262626262625,,,,,,,,,,,
2.633636363636364e-06,0.3303030303030303,,,,,,,,,,,
2.633636363636364e-06,0.3343434343434344,,,,,,,,,,,
2.633636363636364e-06,0.3383838383838384,,,,,,,,,,,
2.633636363636364e-06,0.3424242424242424,,,,,,,,,,,
2.633636363636364e-06,0.3464646464646465,,,,,,,,,,,
2.633636363636364e-06,0.35050505050505054,,,,,,,,,,,
2.633636363636364e-06,0.3545454545454545,,,,,,,,,,,
2.633636363636364e-06,0.35858585858585856,,,,,,,,,,,
2.633636363636364e-06,0.36262626262626263,,,,,,,,,,,
2.633636363636364e-06,0.3666666666666667,,,,,,,,,,,
2.633636363636364e-06,0.37070707070707076,,,,,,,,,,,
2.633636363636364e-06,0.3747474747474747,,,,,,,,,,,
2.633636363636364e-06,0.3787878787878788,,,,,,,,,,,
2.633636363636364e-06,0.38282828282828285,,,,,,,,,,,
2.633636363636364e-06,0.3868686868686869,,,,,,,,,,,
2.633636363636364e-06,0.3909090909090909,,,,,,,,,,,
2.633636363636364e-06,0.39494949494949494,,,,,,,,,,,
2.633636363636364e-06,0.398989898989899,,,,,,,,,,,
2.633636363636364e-06,0.40303030303030307,,,,,,,,,,,
2.633636363636364e-06,0.407070707070707,,,,,,,,,,,
2.633636363636364e-06,0.4111111111111111,,,,,,,,,,,
2.633636363636364e-06,0.41515151515151516,,,,,,,,,,,
2.633636363636364e-06,0.4191919191919192,,,,,,,,,,,
2.633636363636364e-06,0.4232323232323232,,,,,,,,,,,
2.633636363636364e-06,0.42727272727272725,,,,,,,,,,,
2.633636363636364e-06,0.4313131313131313,,,,,,,,,,,
2.633636363636364e-06,0.4353535353535354,,,,,,,,,,,
2.633636363636364e-06,0.43939393939393945,,,,,,,,,,,
2.633636363636364e-06,0.4434343434343434,,,,,,,,,,,
2.633636363636364e-06,0.44747474747474747,,,,,,,,,,,
2.633636363636364e-06,0.45151515151515154,,,,,,,,,,,
2.633636363636364e-06,0.4555555555555556,,,,,,,,,,,
2.633636363636364e-06,0.45959595959595956,,,,,,,,,,,
2.633636363636364e-06,0.4636363636363636,,,,,,,,,,,
2.633636363636364e-06,0.4676767676767677,,,,,,,,,,,
2.633636363636364e-06,0.47171717171717176,,,,,,,,,,,
2.633636363636364e-06,0.4757575757575757,,,,,,,,,,,
2.633636363636364e-06,0.4797979797979798,,,,,,,,,,,
2.633636363636364e-06,0.48383838383838385,,,,,,,,,,,
2.633636363636364e-06,0.4878787878787879,,,,,,,,,,,
2.633636363636364e-06,0.491919191919192,,,,,,,,,,,
2.633636363636364e-06,0.49595959595959593,,,,,,,,,,,
2.633636363636364e-06,0.5,,,,,,,,,,,
2.734545454545455e-06,0.1,,,,,,,,,,,
2.734545454545455e-06,0.10404040404040404,,,,,,,,,,,
2.734545454545455e-06,0.10808080808080808,,,,,,,,,,,
2.734545454545455e-06,0.11212121212121212,,,,,,,,,,,
2.734545454545455e-06,0.11616161616161616,,,,,,,,,,,
2.734545454545455e-06,0.1202020202020202,,,,,,,,,,,
2.734545454545455e-06,0.12424242424242425,,,,,,,,,,,
2.734545454545455e-06,0.12828282828282828,,,,,,,,,,,
2.734545454545455e-06,0.13232323232323234,,,,,,,,,,,
2.734545454545455e-06,0.13636363636363635,,,,,,,,,,,
2.734545454545455e-06,0.14040404040404042,,,,,,,,,,,
2.734545454545455e-06,0.14444444444444446,,,,,,,,,,,
2.734545454545455e-06,0.1484848484848485,,,,,,,,,,,
2.734545454545455e-06,0.15252525252525254,,,,,,,,,,,
2.734545454545455e-06,0.15656565656565657,,,,,,,,,,,
2.734545454545455e-06,0.1606060606060606,,,,,,,,,,,
2.734545454545455e-06,0.16464646464646465,,,,,,,,,,,
2.734545454545455e-06,0.1686868686868687,,,,,,,,,,,
2.734545454545455e-06,0.17272727272727273,,,,,,,,,,,
2.734545454545455e-06,0.17676767676767677,,,,,,,,,,,
2.734545454545455e-06,0.1808080808080808,,,,,,,,,,,
2.734545454545455e-06,0.18484848484848487,,,,,,,,,,,
2.734545454545455e-06,0.18888888888888888,,,,,,,,,,,
2.734545454545455e-06,0.19292929292929295,,,,,,,,,,,
2.734545454545455e-06,0.19696969696969696,,,,,,,,,,,
2.734545454545455e-06,0.20101010101010103,,,,,,,,,,,
2.734545454545455e-06,0.20505050505050504,,,,,,,,,,,
2.734545454545455e-06,0.2090909090909091,,,,,,,,,,,
2.734545454545455e-06,0.21313131313131314,,,,,,,,,,,
2.734545454545455e-06,0.21717171717171718,,,,,,,,,,,
2.734545454545455e-06,0.22121212121212122,,,,,,,,,,,
2.734545454545455e-06,0.22525252525252526,,,,,,,,,,,
2.734545454545455e-06,0.2292929292929293,,,,,,,,,,,
2.734545454545455e-06,0.23333333333333334,,,,,,,,,,,
2.734545454545455e-06,0.23737373737373738,,,,,,,,,,,
2.734545454545455e-06,0.24141414141414141,,,,,,,,,,,
2.734545454545455e-06,0.24545454545454545,,,,,,,,,,,
2.734545454545455e-06,0.2494949494949495,,,,,,,,,,,
2.734545454545455e-06,0.2535353535353535,,,,,,,,,,,
2.734545454545455e-06,0.25757575757575757,,,,,,,,,,,
2.734545454545455e-06,0.26161616161616164,,,,,,,,,,,
2.734545454545455e-06,0.2656565656565657,,,,,,,,,,,
2.734545454545455e-06,0.2696969696969697,,,,,,,,,,,
2.734545454545455e-06,0.2737373737373737,,,,,,,,,,,
2.734545454545455e-06,0.2777777777777778,,,,,,,,,,,
2.734545454545455e-06,0.28181818181818186,,,,,,,,,,,
2.734545454545455e-06,0.28585858585858587,,,,,,,,,,,
2.734545454545455e-06,0.2898989898989899,,,,,,,,,,,
2.734545454545455e-06,0.29393939393939394,,,,,,,,,,,
2.734545454545455e-06,0.297979797979798,,,,,,,,,,,
2.734545454545455e-06,0.302020202020202,,,,,,,,,,,
2.734545454545455e-06,0.30606060606060603,,,,,,,,,,,
2.734545454545455e-06,0.3101010101010101,,,,,,,,,,,
2.734545454545455e-06,0.31414141414141417,,,,,,,,,,,
2.734545454545455e-06,0.3181818181818182,,,,,,,,,,,
2.734545454545455e-06,0.3222222222222222,,,,,,,,,,,
2.734545454545455e-06,0.32626262626262625,,,,,,,,,,,
2.734545454545455e-06,0.3303030303030303,,,,,,,,,,,
2.734545454545455e-06,0.3343434343434344,,,,,,,,,,,
2.734545454545455e-06,0.3383838383838384,,,,,,,,,,,
2.734545454545455e-06,0.3424242424242424,,,,,,,,,,,
2.734545454545455e-06,0.3464646464646465,,,,,,,,,,,
2.734545454545455e-06,0.35050505050505054,,,,,,,,,,,
2.734545454545455e-06,0.3545454545454545,,,,,,,,,,,
2.734545454545455e-06,0.35858585858585856,,,,,,,,,,,
2.734545454545455e-06,0.36262626262626263,,,,,,,,,,,
2.734545454545455e-06,0.3666666666666667,,,,,,,,,,,
2.734545454545455e-06,0.37070707070707076,,,,,,,,,,,
2.734545454545455e-06,0.3747474747474747,,,,,,,,,,,
2.734545454545455e-06,0.3787878787878788,,,,,,,,,,,
2.734545454545455e-06,0.38282828282828285,,,,,,,,,,,
2.734545454545455e-06,0.3868686868686869,,,,,,,,,,,
2.734545454545455e-06,0.3909090909090909,,,,,,,,,,,
2.734545454545455e-06,0.39494949494949494,,,,,,,,,,,
2.734545454545455e-06,0.398989898989899,,,,,,,,,,,
2.734545454545455e-06,0.40303030303030307,,,,,,,,,,,
2.734545454545455e-06,0.407070707070707,,,,,,,,,,,
2.734545454545455e-06,0.4111111111111111,,,,,,,,,,,
2.734545454545455e-06,0.41515151515151516,,,,,,,,,,,
2.734545454545455e-06,0.4191919191919192,,,,,,,,,,,
2.734545454545455e-06,0.4232323232323232,,,,,,,,,,,
2.734545454545455e-06,0.42727272727272725,,,,,,,,,,,
2.734545454545455e-06,0.4313131313131313,,,,,,,,,,,
2.734545454545455e-06,0.4353535353535354,,,,,,,,,,,
2.734545454545455e-06,0.43939393939393945,,,,,,,,,,,
2.734545454545455e-06,0.4434343434343434,,,,,,,,,,,
2.734545454545455e-06,0.44747474747474747,,,,,,,,,,,
2.734545454545455e-06,0.45151515151515154,,,,,,,,,,,
2.734545454545455e-06,0.4555555555555556,,,,,,,,,,,
2.734545454545455e-06,0.45959595959595956,,,,,,,,,,,
2.734545454545455e-06,0.4636363636363636,,,,,,,,,,,
2.734545454545455e-06,0.4676767676767677,,,,,,,,,,,
2.734545454545455e-06,0.47171717171717176,,,,,,,,,,,
2.734545454545455e-06,0.4757575757575757,,,,,,,,,,,
2.734545454545455e-06,0.4797979797979798,,,,,,,,,,,
2.734545454545455e-06,0.48383838383838385,,,,,,,,,,,
2.734545454545455e-06,0.4878787878787879,,,,,,,,,,,
2.734545454545455e-06,0.491919191919192,,,,,,,,,,,
2.734545454545455e-06,0.49595959595959593,,,,,,,,,,,
2.734545454545455e-06,0.5,,,,,,,,,,,
2.835454545454546e-06,0.1,,,,,,,,,,,
2.835454545454546e-06,0.10404040404040404,,,,,,,,,,,
2.835454545454546e-06,0.10808080808080808,,,,,,,,,,,
2.835454545454546e-06,0.11212121212121212,,,,,,,,,,,
2.835454545454546e-06,0.11616161616161616,,,,,,,,,,,
2.835454545454546e-06,0.1202020202020202,,,,,,,,,,,
2.835454545454546e-06,0.12424242424242425,,,,,,,,,,,
2.835454545454546e-06,0.12828282828282828,,,,,,,,,,,
2.835454545454546e-06,0.13232323232323234,,,,,,,,,,,
2.835454545454546e-06,0.13636363636363635,,,,,,,,,,,
2.835454545454546e-06,0.14040404040404042,,,,,,,,,,,
2.835454545454546e-06,0.14444444444444446,,,,,,,,,,,
2.835454545454546e-06,0.1484848484848485,,,,,,,,,,,
2.835454545454546e-06,0.15252525252525254,,,,,,,,,,,
2.835454545454546e-06,0.15656565656565657,,,,,,,,,,,
2.835454545454546e-06,0.1606060606060606,,,,,,,,,,,
2.835454545454546e-06,0.16464646464646465,,,,,,,,,,,
2.835454545454546e-06,0.1686868686868687,,,,,,,,,,,
2.835454545454546e-06,0.17272727272727273,,,,,,,,,,,
2.835454545454546e-06,0.17676767676767677,,,,,,,,,,,
2.835454545454546e-06,0.1808080808080808,,,,,,,,,,,
2.835454545454546e-06,0.18484848484848487,,,,,,,,,,,
2.835454545454546e-06,0.18888888888888888,,,,,,,,,,,
2.835454545454546e-06,0.19292929292929295,,,,,,,,,,,
2.835454545454546e-06,0.19696969696969696,,,,,,,,,,,
2.835454545454546e-06,0.20101010101010103,,,,,,,,,,,
2.835454545454546e-06,0.20505050505050504,,,,,,,,,,,
2.835454545454546e-06,0.2090909090909091,,,,,,,,,,,
2.835454545454546e-06,0.21313131313131314,,,,,,,,,,,
2.835454545454546e-06,0.21717171717171718,,,,,,,,,,,
2.835454545454546e-06,0.22121212121212122,,,,,,,,,,,
2.835454545454546e-06,0.22525252525252526,,,,,,,,,,,
2.835454545454546e-06,0.2292929292929293,,,,,,,,,,,
2.835454545454546e-06,0.23333333333333334,,,,,,,,,,,
2.835454545454546e-06,0.23737373737373738,,,,,,,,,,,
2.835454545454546e-06,0.24141414141414141,,,,,,,,,,,
2.835454545454546e-06,0.24545454545454545,,,,,,,,,,,
2.835454545454546e-06,0.2494949494949495,,,,,,,,,,,
2.835454545454546e-06,0.2535353535353535,,,,,,,,,,,
2.835454545454546e-06,0.25757575757575757,,,,,,,,,,,
2.835454545454546e-06,0.26161616161616164,,,,,,,,,,,
2.835454545454546e-06,0.2656565656565657,,,,,,,,,,,
2.835454545454546e-06,0.2696969696969697,,,,,,,,,,,
2.835454545454546e-06,0.2737373737373737,,,,,,,,,,,
2.835454545454546e-06,0.2777777777777778,,,,,,,,,,,
2.835454545454546e-06,0.28181818181818186,,,,,,,,,,,
2.835454545454546e-06,0.28585858585858587,,,,,,,,,,,
2.835454545454546e-06,0.2898989898989899,,,,,,,,,,,
2.835454545454546e-06,0.29393939393939394,,,,,,,,,,,
2.835454545454546e-06,0.297979797979798,,,,,,,,,,,
2.835454545454546e-06,0.302020202020202,,,,,,,,,,,
2.835454545454546e-06,0.30606060606060603,,,,,,,,,,,
2.835454545454546e-06,0.3101010101010101,,,,,,,,,,,
2.835454545454546e-06,0.31414141414141417,,,,,,,,,,,
2.835454545454546e-06,0.3181818181818182,,,,,,,,,,,
2.835454545454546e-06,0.3222222222222222,,,,,,,,,,,
2.835454545454546e-06,0.32626262626262625,,,,,,,,,,,
2.835454545454546e-06,0.3303030303030303,,,,,,,,,,,
2.835454545454546e-06,0.3343434343434344,,,,,,,,,,,
2.835454545454546e-06,0.3383838383838384,,,,,,,,,,,
2.835454545454546e-06,0.3424242424242424,,,,,,,,,,,
2.835454545454546e-06,0.3464646464646465,,,,,,,,,,,
2.835454545454546e-06,0.35050505050505054,,,,,,,,,,,
2.835454545454546e-06,0.3545454545454545,,,,,,,,,,,
2.835454545454546e-06,0.35858585858585856,,,,,,,,,,,
2.835454545454546e-06,0.36262626262626263,,,,,,,,,,,
2.835454545454546e-06,0.3666666666666667,,,,,,,,,,,
2.835454545454546e-06,0.37070707070707076,,,,,,,,,,,
2.835454545454546e-06,0.3747474747474747,,,,,,,,,,,
2.835454545454546e-06,0.3787878787878788,,,,,,,,,,,
2.835454545454546e-06,0.38282828282828285,,,,,,,,,,,
2.835454545454546e-06,0.3868686868686869,,,,,,,,,,,
2.835454545454546e-06,0.3909090909090909,,,,,,,,,,,
2.835454545454546e-06,0.39494949494949494,,,,,,,,,,,
2.835454545454546e-06,0.398989898989899,,,,,,,,,,,
2.835454545454546e-06,0.40303030303030307,,,,,,,,,,,
2.835454545454546e-06,0.407070707070707,,,,,,,,,,,
2.835454545454546e-06,0.4111111111111111,,,,,,,,,,,
2.835454545454546e-06,0.41515151515151516,,,,,,,,,,,
2.835454545454546e-06,0.4191919191919192,,,,,,,,,,,
2.835454545454546e-06,0.4232323232323232,,,,,,,,,,,
2.835454545454546e-06,0.42727272727272725,,,,,,,,,,,
2.835454545454546e-06,0.4313131313131313,,,,,,,,,,,
2.835454545454546e-06,0.4353535353535354,,,,,,,,,,,
2.835454545454546e-06,0.43939393939393945,,,,,,,,,,,
2.835454545454546e-06,0.4434343434343434,,,,,,,,,,,
2.835454545454546e-06,0.44747474747474747,,,,,,,,,,,
2.835454545454546e-06,0.45151515151515154,,,,,,,,,,,
2.835454545454546e-06,0.4555555555555556,,,,,,,,,,,
2.835454545454546e-06,0.45959595959595956,,,,,,,,,,,
2.835454545454546e-06,0.4636363636363636,,,,,,,,,,,
2.835454545454546e-06,0.4676767676767677,,,,,,,,,,,
2.835454545454546e-06,0.47171717171717176,,,,,,,,,,,
2.835454545454546e-06,0.4757575757575757,,,,,,,,,,,
2.835454545454546e-06,0.4797979797979798,,,,,,,,,,,
2.835454545454546e-06,0.48383838383838385,,,,,,,,,,,
2.835454545454546e-06,0.4878787878787879,,,,,,,,,,,
2.835454545454546e-06,0.491919191919192,,,,,,,,,,,
2.835454545454546e-06,0.49595959595959593,,,,,,,,,,,
2.835454545454546e-06,0.5,,,,,,,,,,,
2.9363636363636365e-06,0.1,,,,,,,,,,,
2.9363636363636365e-06,0.10404040404040404,,,,,,,,,,,
2.9363636363636365e-06,0.10808080808080808,,,,,,,,,,,
2.9363636363636365e-06,0.11212121212121212,,,,,,,,,,,
2.9363636363636365e-06,0.11616161616161616,,,,,,,,,,,
2.9363636363636365e-06,0.1202020202020202,,,,,,,,,,,
2.9363636363636365e-06,0.12424242424242425,,,,,,,,,,,
2.9363636363636365e-06,0.12828282828282828,,,,,,,,,,,
2.9363636363636365e-06,0.13232323232323234,,,,,,,,,,,
2.9363636363636365e-06,0.13636363636363635,,,,,,,,,,,
2.9363636363636365e-06,0.14040404040404042,,,,,,,,,,,
2.9363636363636365e-06,0.14444444444444446,,,,,,,,,,,
2.9363636363636365e-06,0.1484848484848485,,,,,,,,,,,
2.9363636363636365e-06,0.15252525252525254,,,,,,,,,,,
2.9363636363636365e-06,0.15656565656565657,,,,,,,,,,,
2.9363636363636365e-06,0.1606060606060606,,,,,,,,,,,
2.9363636363636365e-06,0.16464646464646465,,,,,,,,,,,
2.9363636363636365e-06,0.1686868686868687,,,,,,,,,,,
2.9363636363636365e-06,0.17272727272727273,,,,,,,,,,,
2.9363636363636365e-06,0.17676767676767677,,,,,,,,,,,
2.9363636363636365e-06,0.1808080808080808,,,,,,,,,,,
2.9363636363636365e-06,0.18484848484848487,,,,,,,,,,,
2.9363636363636365e-06,0.18888888888888888,,,,,,,,,,,
2.9363636363636365e-06,0.19292929292929295,,,,,,,,,,,
2.9363636363636365e-06,0.19696969696969696,,,,,,,,,,,
2.9363636363636365e-06,0.20101010101010103,,,,,,,,,,,
2.9363636363636365e-06,0.20505050505050504,,,,,,,,,,,
2.9363636363636365e-06,0.2090909090909091,,,,,,,,,,,
2.9363636363636365e-06,0.21313131313131314,,,,,,,,,,,
2.9363636363636365e-06,0.21717171717171718,,,,,,,,,,,
2.9363636363636365e-06,0.22121212121212122,,,,,,,,,,,
2.9363636363636365e-06,0.22525252525252526,,,,,,,,,,,
2.9363636363636365e-06,0.2292929292929293,,,,,,,,,,,
2.9363636363636365e-06,0.23333333333333334,,,,,,,,,,,
2.9363636363636365e-06,0.23737373737373738,,,,,,,,,,,
2.9363636363636365e-06,0.24141414141414141,,,,,,,,,,,
2.9363636363636365e-06,0.24545454545454545,,,,,,,,,,,
2.9363636363636365e-06,0.2494949494949495,,,,,,,,,,,
2.9363636363636365e-06,0.2535353535353535,,,,,,,,,,,
2.9363636363636365e-06,0.25757575757575757,,,,,,,,,,,
2.9363636363636365e-06,0.26161616161616164,,,,,,,,,,,
2.9363636363636365e-06,0.2656565656565657,,,,,,,,,,,
2.9363636363636365e-06,0.2696969696969697,,,,,,,,,,,
2.9363636363636365e-06,0.2737373737373737,,,,,,,,,,,
2.9363636363636365e-06,0.2777777777777778,,,,,,,,,,,
2.9363636363636365e-06,0.28181818181818186,,,,,,,,,,,
2.9363636363636365e-06,0.28585858585858587,,,,,,,,,,,
2.9363636363636365e-06,0.2898989898989899,,,,,,,,,,,
2.9363636363636365e-06,0.29393939393939394,,,,,,,,,,,
2.9363636363636365e-06,0.297979797979798,,,,,,,,,,,
2.9363636363636365e-06,0.302020202020202,,,,,,,,,,,
2.9363636363636365e-06,0.30606060606060603,,,,,,,,,,,
2.9363636363636365e-06,0.3101010101010101,,,,,,,,,,,
2.9363636363636365e-06,0.31414141414141417,,,,,,,,,,,
2.9363636363636365e-06,0.3181818181818182,,,,,,,,,,,
2.9363636363636365e-06,0.3222222222222222,,,,,,,,,,,
2.9363636363636365e-06,0.32626262626262625,,,,,,,,,,,
2.9363636363636365e-06,0.3303030303030303,,,,,,,,,,,
2.9363636363636365e-06,0.3343434343434344,,,,,,,,,,,
2.9363636363636365e-06,0.3383838383838384,,,,,,,,,,,
2.9363636363636365e-06,0.3424242424242424,,,,,,,,,,,
2.9363636363636365e-06,0.3464646464646465,,,,,,,,,,,
2.9363636363636365e-06,0.35050505050505054,,,,,,,,,,,
2.9363636363636365e-06,0.3545454545454545,,,,,,,,,,,
2.9363636363636365e-06,0.35858585858585856,,,,,,,,,,,
2.9363636363636365e-06,0.36262626262626263,,,,,,,,,,,
2.9363636363636365e-06,0.3666666666666667,,,,,,,,,,,
2.9363636363636365e-06,0.37070707070707076,,,,,,,,,,,
2.9363636363636365e-06,0.3747474747474747,,,,,,,,,,,
2.9363636363636365e-06,0.3787878787878788,,,,,,,,,,,
2.9363636363636365e-06,0.38282828282828285,,,,,,,,,,,
2.9363636363636365e-06,0.3868686868686869,,,,,,,,,,,
2.9363636363636365e-06,0.3909090909090909,,,,,,,,,,,
2.9363636363636365e-06,0.39494949494949494,,,,,,,,,,,
2.9363636363636365e-06,0.398989898989899,,,,,,,,,,,
2.9363636363636365e-06,0.40303030303030307,,,,,,,,,,,
2.9363636363636365e-06,0.407070707070707,,,,,,,,,,,
2.9363636363636365e-06,0.4111111111111111,,,,,,,,,,,
2.9363636363636365e-06,0.41515151515151516,,,,,,,,,,,
2.9363636363636365e-06,0.4191919191919192,,,,,,,,,,,
2.9363636363636365e-06,0.4232323232323232,,,,,,,,,,,
2.9363636363636365e-06,0.42727272727272725,,,,,,,,,,,
2.9363636363636365e-06,0.4313131313131313,,,,,,,,,,,
2.9363636363636365e-06,0.4353535353535354,,,,,,,,,,,
2.9363636363636365e-06,0.43939393939393945,,,,,,,,,,,
2.9363636363636365e-06,0.4434343434343434,,,,,,,,,,,
2.9363636363636365e-06,0.44747474747474747,,,,,,,,,,,
2.9363636363636365e-06,0.45151515151515154,,,,,,,,,,,
2.9363636363636365e-06,0.4555555555555556,,,,,,,,,,,
2.9363636363636365e-06,0.45959595959595956,,,,,,,,,,,
2.9363636363636365e-06,0.4636363636363636,,,,,,,,,,,
2.9363636363636365e-06,0.4676767676767677,,,,,,,,,,,
2.9363636363636365e-06,0.47171717171717176,,,,,,,,,,,
2.9363636363636365e-06,0.4757575757575757,,,,,,,,,,,
2.9363636363636365e-06,0.4797979797979798,,,,,,,,,,,
2.9363636363636365e-06,0.48383838383838385,,,,,,,,,,,
2.9363636363636365e-06,0.4878787878787879,,,,,,,,,,,
2.9363636363636365e-06,0.491919191919192,,,,,,,,,,,
2.9363636363636365e-06,0.49595959595959593,,,,,,,,,,,
2.9363636363636365e-06,0.5,,,,,,,,,,,
3.0372727272727276e-06,0.1,,,,,,,,,,,
3.0372727272727276e-06,0.10404040404040404,,,,,,,,,,,
3.0372727272727276e-06,0.10808080808080808,,,,,,,,,,,
3.0372727272727276e-06,0.11212121212121212,,,,,,,,,,,
3.0372727272727276e-06,0.11616161616161616,,,,,,,,,,,
3.0372727272727276e-06,0.1202020202020202,,,,,,,,,,,
3.0372727272727276e-06,0.12424242424242425,,,,,,,,,,,
3.0372727272727276e-06,0.12828282828282828,,,,,,,,,,,
3.0372727272727276e-06,0.13232323232323234,,,,,,,,,,,
3.0372727272727276e-06,0.13636363636363635,,,,,,,,,,,
3.0372727272727276e-06,0.14040404040404042,,,,,,,,,,,
3.0372727272727276e-06,0.14444444444444446,,,,,,,,,,,
3.0372727272727276e-06,0.1484848484848485,,,,,,,,,,,
3.0372727272727276e-06,0.15252525252525254,,,,,,,,,,,
3.0372727272727276e-06,0.15656565656565657,,,,,,,,,,,
3.0372727272727276e-06,0.1606060606060606,,,,,,,,,,,
3.0372727272727276e-06,0.16464646464646465,,,,,,,,,,,
3.0372727272727276e-06,0.1686868686868687,,,,,,,,,,,
3.0372727272727276e-06,0.17272727272727273,,,,,,,,,,,
3.0372727272727276e-06,0.17676767676767677,,,,,,,,,,,
3.0372727272727276e-06,0.1808080808080808,,,,,,,,,,,
3.0372727272727276e-06,0.18484848484848487,,,,,,,,,,,
3.0372727272727276e-06,0.18888888888888888,,,,,,,,,,,
3.0372727272727276e-06,0.19292929292929295,,,,,,,,,,,
3.0372727272727276e-06,0.19696969696969696,,,,,,,,,,,
3.0372727272727276e-06,0.20101010101010103,,,,,,,,,,,
3.0372727272727276e-06,0.20505050505050504,,,,,,,,,,,
3.0372727272727276e-06,0.2090909090909091,,,,,,,,,,,
3.0372727272727276e-06,0.21313131313131314,,,,,,,,,,,
3.0372727272727276e-06,0.21717171717171718,,,,,,,,,,,
3.0372727272727276e-06,0.22121212121212122,,,,,,,,,,,
3.0372727272727276e-06,0.22525252525252526,,,,,,,,,,,
3.0372727272727276e-06,0.2292929292929293,,,,,,,,,,,
3.0372727272727276e-06,0.23333333333333334,,,,,,,,,,,
3.0372727272727276e-06,0.23737373737373738,,,,,,,,,,,
3.0372727272727276e-06,0.24141414141414141,,,,,,,,,,,
3.0372727272727276e-06,0.24545454545454545,,,,,,,,,,,
3.0372727272727276e-06,0.2494949494949495,,,,,,,,,,,
3.0372727272727276e-06,0.2535353535353535,,,,,,,,,,,
3.0372727272727276e-06,0.25757575757575757,,,,,,,,,,,
3.0372727272727276e-06,0.26161616161616164,,,,,,,,,,,
3.0372727272727276e-06,0.2656565656565657,,,,,,,,,,,
3.0372727272727276e-06,0.2696969696969697,,,,,,,,,,,
3.0372727272727276e-06,0.2737373737373737,,,,,,,,,,,
3.0372727272727276e-06,0.2777777777777778,,,,,,,,,,,
3.0372727272727276e-06,0.28181818181818186,,,,,,,,,,,
3.0372727272727276e-06,0.28585858585858587,,,,,,,,,,,
3.0372727272727276e-06,0.2898989898989899,,,,,,,,,,,
3.0372727272727276e-06,0.29393939393939394,,,,,,,,,,,
3.0372727272727276e-06,0.297979797979798,,,,,,,,,,,
3.0372727272727276e-06,0.302020202020202,,,,,,,,,,,
3.0372727272727276e-06,0.30606060606060603,,,,,,,,,,,
3.0372727272727276e-06,0.3101010101010101,,,,,,,,,,,
3.0372727272727276e-06,0.31414141414141417,,,,,,,,,,,
3.0372727272727276e-06,0.3181818181818182,,,,,,,,,,,
3.0372727272727276e-06,0.3222222222222222,,,,,,,,,,,
3.0372727272727276e-06,0.32626262626262625,,,,,,,,,,,
3.0372727272727276e-06,0.3303030303030303,,,,,,,,,,,
3.0372727272727276e-06,0.3343434343434344,,,,,,,,,,,
3.0372727272727276e-06,0.3383838383838384,,,,,,,,,,,
3.0372727272727276e-06,0.3424242424242424,,,,,,,,,,,
3.0372727272727276e-06,0.3464646464646465,,,,,,,,,,,
3.0372727272727276e-06,0.35050505050505054,,,,,,,,,,,
3.0372727272727276e-06,0.3545454545454545,,,,,,,,,,,
3.0372727272727276e-06,0.35858585858585856,,,,,,,,,,,
3.0372727272727276e-06,0.36262626262626263,,,,,,,,,,,
3.0372727272727276e-06,0.3666666666666667,,,,,,,,,,,
3.0372727272727276e-06,0.37070707070707076,,,,,,,,,,,
3.0372727272727276e-06,0.3747474747474747,,,,,,,,,,,
3.0372727272727276e-06,0.3787878787878788,,,,,,,,,,,
3.0372727272727276e-06,0.38282828282828285,,,,,,,,,,,
3.0372727272727276e-06,0.3868686868686869,,,,,,,,,,,
3.0372727272727276e-06,0.3909090909090909,,,,,,,,,,,
3.0372727272727276e-06,0.39494949494949494,,,,,,,,,,,
3.0372727272727276e-06,0.398989898989899,,,,,,,,,,,
3.0372727272727276e-06,0.40303030303030307,,,,,,,,,,,
3.0372727272727276e-06,0.407070707070707,,,,,,,,,,,
3.0372727272727276e-06,0.4111111111111111,,,,,,,,,,,
3.0372727272727276e-06,0.41515151515151516,,,,,,,,,,,
3.0372727272727276e-06,0.4191919191919192,,,,,,,,,,,
3.0372727272727276e-06,0.4232323232323232,,,,,,,,,,,
3.0372727272727276e-06,0.42727272727272725,,,,,,,,,,,
3.0372727272727276e-06,0.4313131313131313,,,,,,,,,,,
3.0372727272727276e-06,0.4353535353535354,,,,,,,,,,,
3.0372727272727276e-06,0.43939393939393945,,,,,,,,,,,
3.0372727272727276e-06,0.4434343434343434,,,,,,,,,,,
3.0372727272727276e-06,0.44747474747474747,,,,,,,,,,,
3.0372727272727276e-06,0.45151515151515154,,,,,,,,,,,
3.0372727272727276e-06,0.4555555555555556,,,,,,,,,,,
3.0372727272727276e-06,0.45959595959595956,,,,,,,,,,,
3.0372727272727276e-06,0.4636363636363636,,,,,,,,,,,
3.0372727272727276e-06,0.4676767676767677,,,,,,,,,,,
3.0372727272727276e-06,0.47171717171717176,,,,,,,,,,,
3.0372727272727276e-06,0.4757575757575757,,,,,,,,,,,
3.0372727272727276e-06,0.4797979797979798,,,,,,,,,,,
3.0372727272727276e-06,0.48383838383838385,,,,,,,,,,,
3.0372727272727276e-06,0.4878787878787879,,,,,,,,,,,
3.0372727272727276e-06,0.491919191919192,,,,,,,,,,,
3.0372727272727276e-06,0.49595959595959593,,,,,,,,,,,
3.0372727272727276e-06,0.5,,,,,,,,,,,
3.1381818181818188e-06,0.1,,,,,,,,,,,
3.1381818181818188e-06,0.10404040404040404,,,,,,,,,,,
3.1381818181818188e-06,0.10808080808080808,,,,,,,,,,,
3.1381818181818188e-06,0.11212121212121212,,,,,,,,,,,
3.1381818181818188e-06,0.11616161616161616,,,,,,,,,,,
3.1381818181818188e-06,0.1202020202020202,,,,,,,,,,,
3.1381818181818188e-06,0.12424242424242425,,,,,,,,,,,
3.1381818181818188e-06,0.12828282828282828,,,,,,,,,,,
3.1381818181818188e-06,0.13232323232323234,,,,,,,,,,,
3.1381818181818188e-06,0.13636363636363635,,,,,,,,,,,
3.1381818181818188e-06,0.14040404040404042,,,,,,,,,,,
3.1381818181818188e-06,0.14444444444444446,,,,,,,,,,,
3.1381818181818188e-06,0.1484848484848485,,,,,,,,,,,
3.1381818181818188e-06,0.15252525252525254,,,,,,,,,,,
3.1381818181818188e-06,0.15656565656565657,,,,,,,,,,,
3.1381818181818188e-06,0.1606060606060606,,,,,,,,,,,
3.1381818181818188e-06,0.16464646464646465,,,,,,,,,,,
3.1381818181818188e-06,0.1686868686868687,,,,,,,,,,,
3.1381818181818188e-06,0.17272727272727273,,,,,,,,,,,
3.1381818181818188e-06,0.17676767676767677,,,,,,,,,,,
3.1381818181818188e-06,0.1808080808080808,,,,,,,,,,,
3.1381818181818188e-06,0.18484848484848487,,,,,,,,,,,
3.1381818181818188e-06,0.18888888888888888,,,,,,,,,,,
3.1381818181818188e-06,0.19292929292929295,,,,,,,,,,,
3.1381818181818188e-06,0.19696969696969696,,,,,,,,,,,
3.1381818181818188e-06,0.20101010101010103,,,,,,,,,,,
3.1381818181818188e-06,0.20505050505050504,,,,,,,,,,,
3.1381818181818188e-06,0.2090909090909091,,,,,,,,,,,
3.1381818181818188e-06,0.21313131313131314,,,,,,,,,,,
3.1381818181818188e-06,0.21717171717171718,,,,,,,,,,,
3.1381818181818188e-06,0.22121212121212122,,,,,,,,,,,
3.1381818181818188e-06,0.22525252525252526,,,,,,,,,,,
3.1381818181818188e-06,0.2292929292929293,,,,,,,,,,,
3.1381818181818188e-06,0.23333333333333334,,,,,,,,,,,
3.1381818181818188e-06,0.23737373737373738,,,,,,,,,,,
3.1381818181818188e-06,0.24141414141414141,,,,,,,,,,,
3.1381818181818188e-06,0.24545454545454545,,,,,,,,,,,
3.1381818181818188e-06,0.2494949494949495,,,,,,,,,,,
3.1381818181818188e-06,0.2535353535353535,,,,,,,,,,,
3.1381818181818188e-06,0.25757575757575757,,,,,,,,,,,
3.1381818181818188e-06,0.26161616161616164,,,,,,,,,,,
3.1381818181818188e-06,0.2656565656565657,,,,,,,,,,,
3.1381818181818188e-06,0.2696969696969697,,,,,,,,,,,
3.1381818181818188e-06,0.2737373737373737,,,,,,,,,,,
3.1381818181818188e-06,0.2777777777777778,,,,,,,,,,,
3.1381818181818188e-06,0.28181818181818186,,,,,,,,,,,
3.1381818181818188e-06,0.28585858585858587,,,,,,,,,,,
3.1381818181818188e-06,0.2898989898989899,,,,,,,,,,,
3.1381818181818188e-06,0.29393939393939394,,,,,,,,,,,
3.1381818181818188e-06,0.297979797979798,,,,,,,,,,,
3.1381818181818188e-06,0.302020202020202,,,,,,,,,,,
3.1381818181818188e-06,0.30606060606060603,,,,,,,,,,,
3.1381818181818188e-06,0.3101010101010101,,,,,,,,,,,
3.1381818181818188e-06,0.31414141414141417,,,,,,,,,,,
3.1381818181818188e-06,0.3181818181818182,,,,,,,,,,,
3.1381818181818188e-06,0.3222222222222222,,,,,,,,,,,
3.1381818181818188e-06,0.32626262626262625,,,,,,,,,,,
3.1381818181818188e-06,0.3303030303030303,,,,,,,,,,,
3.1381818181818188e-06,0.3343434343434344,,,,,,,,,,,
3.1381818181818188e-06,0.3383838383838384,,,,,,,,,,,
3.1381818181818188e-06,0.3424242424242424,,,,,,,,,,,
3.1381818181818188e-06,0.3464646464646465,,,,,,,,,,,
3.1381818181818188e-06,0.35050505050505054,,,,,,,,,,,
3.1381818181818188e-06,0.3545454545454545,,,,,,,,,,,
3.1381818181818188e-06,0.35858585858585856,,,,,,,,,,,
3.1381818181818188e-06,0.36262626262626263,,,,,,,,,,,
3.1381818181818188e-06,0.3666666666666667,,,,,,,,,,,
3.1381818181818188e-06,0.37070707070707076,,,,,,,,,,,
3.1381818181818188e-06,0.3747474747474747,,,,,,,,,,,
3.1381818181818188e-06,0.3787878787878788,,,,,,,,,,,
3.1381818181818188e-06,0.38282828282828285,,,,,,,,,,,
3.1381818181818188e-06,0.3868686868686869,,,,,,,,,,,
3.1381818181818188e-06,0.3909090909090909,,,,,,,,,,,
3.1381818181818188e-06,0.39494949494949494,,,,,,,,,,,
3.1381818181818188e-06,0.398989898989899,,,,,,,,,,,
3.1381818181818188e-06,0.40303030303030307,,,,,,,,,,,
3.1381818181818188e-06,0.407070707070707,,,,,,,,,,,
3.1381818181818188e-06,0.4111111111111111,,,,,,,,,,,
3.1381818181818188e-06,0.41515151515151516,,,,,,,,,,,
3.1381818181818188e-06,0.4191919191919192,,,,,,,,,,,
3.1381818181818188e-06,0.4232323232323232,,,,,,,,,,,
3.1381818181818188e-06,0.42727272727272725,,,,,,,,,,,
3.1381818181818188e-06,0.4313131313131313,,,,,,,,,,,
3.1381818181818188e-06,0.4353535353535354,,,,,,,,,,,
3.1381818181818188e-06,0.43939393939393945,,,,,,,,,,,
3.1381818181818188e-06,0.4434343434343434,,,,,,,,,,,
3.1381818181818188e-06,0.44747474747474747,,,,,,,,,,,
3.1381818181818188e-06,0.45151515151515154,,,,,,,,,,,
3.1381818181818188e-06,0.4555555555555556,,,,,,,,,,,
3.1381818181818188e-06,0.45959595959595956,,,,,,,,,,,
3.1381818181818188e-06,0.4636363636363636,,,,,,,,,,,
3.1381818181818188e-06,0.4676767676767677,,,,,,,,,,,
3.1381818181818188e-06,0.47171717171717176,,,,,,,,,,,
3.1381818181818188e-06,0.4757575757575757,,,,,,,,,,,
3.1381818181818188e-06,0.4797979797979798,,,,,,,,,,,
3.1381818181818188e-06,0.48383838383838385,,,,,,,,,,,
3.1381818181818188e-06,0.4878787878787879,,,,,,,,,,,
3.1381818181818188e-06,0.491919191919192,,,,,,,,,,,
3.1381818181818188e-06,0.49595959595959593,,,,,,,,,,,
3.1381818181818188e-06,0.5,,,,,,,,,,,
3.2390909090909095e-06,0.1,,,,,,,,,,,
3.2390909090909095e-06,0.10404040404040404,,,,,,,,,,,
3.2390909090909095e-06,0.10808080808080808,,,,,,,,,,,
3.2390909090909095e-06,0.11212121212121212,,,,,,,,,,,
3.2390909090909095e-06,0.11616161616161616,,,,,,,,,,,
3.2390909090909095e-06,0.1202020202020202,,,,,,,,,,,
3.2390909090909095e-06,0.12424242424242425,,,,,,,,,,,
3.2390909090909095e-06,0.12828282828282828,,,,,,,,,,,
3.2390909090909095e-06,0.13232323232323234,,,,,,,,,,,
3.2390909090909095e-06,0.13636363636363635,,,,,,,,,,,
3.2390909090909095e-06,0.14040404040404042,,,,,,,,,,,
3.2390909090909095e-06,0.14444444444444446,,,,,,,,,,,
3.2390909090909095e-06,0.1484848484848485,,,,,,,,,,,
3.2390909090909095e-06,0.15252525252525254,,,,,,,,,,,
3.2390909090909095e-06,0.15656565656565657,,,,,,,,,,,
3.2390909090909095e-06,0.1606060606060606,,,,,,,,,,,
3.2390909090909095e-06,0.16464646464646465,,,,,,,,,,,
3.2390909090909095e-06,0.1686868686868687,,,,,,,,,,,
3.2390909090909095e-06,0.17272727272727273,,,,,,,,,,,
3.2390909090909095e-06,0.17676767676767677,,,,,,,,,,,
3.2390909090909095e-06,0.1808080808080808,,,,,,,,,,,
3.2390909090909095e-06,0.18484848484848487,,,,,,,,,,,
3.2390909090909095e-06,0.18888888888888888,,,,,,,,,,,
3.2390909090909095e-06,0.19292929292929295,,,,,,,,,,,
3.2390909090909095e-06,0.19696969696969696,,,,,,,,,,,
3.2390909090909095e-06,0.20101010101010103,,,,,,,,,,,
3.2390909090909095e-06,0.20505050505050504,,,,,,,,,,,
3.2390909090909095e-06,0.2090909090909091,,,,,,,,,,,
3.2390909090909095e-06,0.21313131313131314,,,,,,,,,,,
3.2390909090909095e-06,0.21717171717171718,,,,,,,,,,,
3.2390909090909095e-06,0.22121212121212122,,,,,,,,,,,
3.2390909090909095e-06,0.22525252525252526,,,,,,,,,,,
3.2390909090909095e-06,0.2292929292929293,,,,,,,,,,,
3.2390909090909095e-06,0.23333333333333334,,,,,,,,,,,
3.2390909090909095e-06,0.23737373737373738,,,,,,,,,,,
3.2390909090909095e-06,0.24141414141414141,,,,,,,,,,,
3.2390909090909095e-06,0.24545454545454545,,,,,,,,,,,
3.2390909090909095e-06,0.2494949494949495,,,,,,,,,,,
3.2390909090909095e-06,0.2535353535353535,,,,,,,,,,,
3.2390909090909095e-06,0.25757575757575757,,,,,,,,,,,
3.2390909090909095e-06,0.26161616161616164,,,,,,,,,,,
3.2390909090909095e-06,0.2656565656565657,,,,,,,,,,,
3.2390909090909095e-06,0.2696969696969697,,,,,,,,,,,
3.2390909090909095e-06,0.2737373737373737,,,,,,,,,,,
3.2390909090909095e-06,0.2777777777777778,,,,,,,,,,,
3.2390909090909095e-06,0.28181818181818186,,,,,,,,,,,
3.2390909090909095e-06,0.28585858585858587,,,,,,,,,,,
3.2390909090909095e-06,0.2898989898989899,,,,,,,,,,,
3.2390909090909095e-06,0.29393939393939394,,,,,,,,,,,
3.2390909090909095e-06,0.297979797979798,,,,,,,,,,,
3.2390909090909095e-06,0.302020202020202,,,,,,,,,,,
3.2390909090909095e-06,0.30606060606060603,,,,,,,,,,,
3.2390909090909095e-06,0.3101010101010101,,,,,,,,,,,
3.2390909090909095e-06,0.31414141414141417,,,,,,,,,,,
3.2390909090909095e-06,0.3181818181818182,,,,,,,,,,,
3.2390909090909095e-06,0.3222222222222222,,,,,,,,,,,
3.2390909090909095e-06,0.32626262626262625,,,,,,,,,,,
3.2390909090909095e-06,0.3303030303030303,,,,,,,,,,,
3.2390909090909095e-06,0.3343434343434344,,,,,,,,,,,
3.2390909090909095e-06,0.3383838383838384,,,,,,,,,,,
3.2390909090909095e-06,0.3424242424242424,,,,,,,,,,,
3.2390909090909095e-06,0.3464646464646465,,,,,,,,,,,
3.2390909090909095e-06,0.35050505050505054,,,,,,,,,,,
3.2390909090909095e-06,0.3545454545454545,,,,,,,,,,,
3.2390909090909095e-06,0.35858585858585856,,,,,,,,,,,
3.2390909090909095e-06,0.36262626262626263,,,,,,,,,,,
3.2390909090909095e-06,0.3666666666666667,,,,,,,,,,,
3.2390909090909095e-06,0.37070707070707076,,,,,,,,,,,
3.2390909090909095e-06,0.3747474747474747,,,,,,,,,,,
3.2390909090909095e-06,0.3787878787878788,,,,,,,,,,,
3.2390909090909095e-06,0.38282828282828285,,,,,,,,,,,
3.2390909090909095e-06,0.3868686868686869,,,,,,,,,,,
3.2390909090909095e-06,0.3909090909090909,,,,,,,,,,,
3.2390909090909095e-06,0.39494949494949494,,,,,,,,,,,
3.2390909090909095e-06,0.398989898989899,,,,,,,,,,,
3.2390909090909095e-06,0.40303030303030307,,,,,,,,,,,
3.2390909090909095e-06,0.407070707070707,,,,,,,,,,,
3.2390909090909095e-06,0.4111111111111111,,,,,,,,,,,
3.2390909090909095e-06,0.41515151515151516,,,,,,,,,,,
3.2390909090909095e-06,0.4191919191919192,,,,,,,,,,,
3.2390909090909095e-06,0.4232323232323232,,,,,,,,,,,
3.2390909090909095e-06,0.42727272727272725,,,,,,,,,,,
3.2390909090909095e-06,0.4313131313131313,,,,,,,,,,,
3.2390909090909095e-06,0.4353535353535354,,,,,,,,,,,
3.2390909090909095e-06,0.43939393939393945,,,,,,,,,,,
3.2390909090909095e-06,0.4434343434343434,,,,,,,,,,,
3.2390909090909095e-06,0.44747474747474747,,,,,,,,,,,
3.2390909090909095e-06,0.45151515151515154,,,,,,,,,,,
3.2390909090909095e-06,0.4555555555555556,,,,,,,,,,,
3.2390909090909095e-06,0.45959595959595956,,,,,,,,,,,
3.2390909090909095e-06,0.4636363636363636,,,,,,,,,,,
3.2390909090909095e-06,0.4676767676767677,,,,,,,,,,,
3.2390909090909095e-06,0.47171717171717176,,,,,,,,,,,
3.2390909090909095e-06,0.4757575757575757,,,,,,,,,,,
3.2390909090909095e-06,0.4797979797979798,,,,,,,,,,,
3.2390909090909095e-06,0.48383838383838385,,,,,,,,,,,
3.2390909090909095e-06,0.4878787878787879,,,,,,,,,,,
3.2390909090909095e-06,0.491919191919192,,,,,,,,,,,
3.2390909090909095e-06,0.49595959595959593,,,,,,,,,,,
3.2390909090909095e-06,0.5,,,,,,,,,,,
3.34e-06,0.1,,,,,,,,,,,
3.34e-06,0.10404040404040404,,,,,,,,,,,
3.34e-06,0.10808080808080808,,,,,,,,,,,
3.34e-06,0.11212121212121212,,,,,,,,,,,
3.34e-06,0.11616161616161616,,,,,,,,,,,
3.34e-06,0.1202020202020202,,,,,,,,,,,
3.34e-06,0.12424242424242425,,,,,,,,,,,
3.34e-06,0.12828282828282828,,,,,,,,,,,
3.34e-06,0.13232323232323234,,,,,,,,,,,
3.34e-06,0.13636363636363635,,,,,,,,,,,
3.34e-06,0.14040404040404042,,,,,,,,,,,
3.34e-06,0.14444444444444446,,,,,,,,,,,
3.34e-06,0.1484848484848485,,,,,,,,,,,
3.34e-06,0.15252525252525254,,,,,,,,,,,
3.34e-06,0.15656565656565657,,,,,,,,,,,
3.34e-06,0.1606060606060606,,,,,,,,,,,
3.34e-06,0.16464646464646465,,,,,,,,,,,
3.34e-06,0.1686868686868687,,,,,,,,,,,
3.34e-06,0.17272727272727273,,,,,,,,,,,
3.34e-06,0.17676767676767677,,,,,,,,,,,
3.34e-06,0.1808080808080808,,,,,,,,,,,
3.34e-06,0.18484848484848487,,,,,,,,,,,
3.34e-06,0.18888888888888888,,,,,,,,,,,
3.34e-06,0.19292929292929295,,,,,,,,,,,
3.34e-06,0.19696969696969696,,,,,,,,,,,
3.34e-06,0.20101010101010103,,,,,,,,,,,
3.34e-06,0.20505050505050504,,,,,,,,,,,
3.34e-06,0.2090909090909091,,,,,,,,,,,
3.34e-06,0.21313131313131314,,,,,,,,,,,
3.34e-06,0.21717171717171718,,,,,,,,,,,
3.34e-06,0.22121212121212122,,,,,,,,,,,
3.34e-06,0.22525252525252526,,,,,,,,,,,
3.34e-06,0.2292929292929293,,,,,,,,,,,
3.34e-06,0.23333333333333334,,,,,,,,,,,
3.34e-06,0.23737373737373738,,,,,,,,,,,
3.34e-06,0.24141414141414141,,,,,,,,,,,
3.34e-06,0.24545454545454545,,,,,,,,,,,
3.34e-06,0.2494949494949495,,,,,,,,,,,
3.34e-06,0.2535353535353535,,,,,,,,,,,
3.34e-06,0.25757575757575757,,,,,,,,,,,
3.34e-06,0.26161616161616164,,,,,,,,,,,
3.34e-06,0.2656565656565657,,,,,,,,,,,
3.34e-06,0.2696969696969697,,,,,,,,,,,
3.34e-06,0.2737373737373737,,,,,,,,,,,
3.34e-06,0.2777777777777778,,,,,,,,,,,
3.34e-06,0.28181818181818186,,,,,,,,,,,
3.34e-06,0.28585858585858587,,,,,,,,,,,
3.34e-06,0.2898989898989899,,,,,,,,,,,
3.34e-06,0.29393939393939394,,,,,,,,,,,
3.34e-06,0.297979797979798,,,,,,,,,,,
3.34e-06,0.302020202020202,,,,,,,,,,,
3.34e-06,0.30606060606060603,,,,,,,,,,,
3.34e-06,0.3101010101010101,,,,,,,,,,,
3.34e-06,0.31414141414141417,,,,,,,,,,,
3.34e-06,0.3181818181818182,,,,,,,,,,,
3.34e-06,0.3222222222222222,,,,,,,,,,,
3.34e-06,0.32626262626262625,,,,,,,,,,,
3.34e-06,0.3303030303030303,,,,,,,,,,,
3.34e-06,0.3343434343434344,,,,,,,,,,,
3.34e-06,0.3383838383838384,,,,,,,,,,,
3.34e-06,0.3424242424242424,,,,,,,,,,,
3.34e-06,0.3464646464646465,,,,,,,,,,,
3.34e-06,0.35050505050505054,,,,,,,,,,,
3.34e-06,0.3545454545454545,,,,,,,,,,,
3.34e-06,0.35858585858585856,,,,,,,,,,,
3.34e-06,0.36262626262626263,,,,,,,,,,,
3.34e-06,0.3666666666666667,,,,,,,,,,,
3.34e-06,0.37070707070707076,,,,,,,,,,,
3.34e-06,0.3747474747474747,,,,,,,,,,,
3.34e-06,0.3787878787878788,,,,,,,,,,,
3.34e-06,0.38282828282828285,,,,,,,,,,,
3.34e-06,0.3868686868686869,,,,,,,,,,,
3.34e-06,0.3909090909090909,,,,,,,,,,,
3.34e-06,0.39494949494949494,,,,,,,,,,,
3.34e-06,0.398989898989899,,,,,,,,,,,
3.34e-06,0.40303030303030307,,,,,,,,,,,
3.34e-06,0.407070707070707,,,,,,,,,,,
3.34e-06,0.4111111111111111,,,,,,,,,,,
3.34e-06,0.41515151515151516,,,,,,,,,,,
3.34e-06,0.4191919191919192,,,,,,,,,,,
3.34e-06,0.4232323232323232,,,,,,,,,,,
3.34e-06,0.42727272727272725,,,,,,,,,,,
3.34e-06,0.4313131313131313,,,,,,,,,,,
3.34e-06,0.4353535353535354,,,,,,,,,,,
3.34e-06,0.43939393939393945,,,,,,,,,,,
3.34e-06,0.4434343434343434,,,,,,,,,,,
3.34e-06,0.44747474747474747,,,,,,,,,,,
3.34e-06,0.45151515151515154,,,,,,,,,,,
3.34e-06,0.4555555555555556,,,,,,,,,,,
3.34e-06,0.45959595959595956,,,,,,,,,,,
3.34e-06,0.4636363636363636,,,,,,,,,,,
3.34e-06,0.4676767676767677,,,,,,,,,,,
3.34e-06,0.47171717171717176,,,,,,,,,,,
3.34e-06,0.4757575757575757,,,,,,,,,,,
3.34e-06,0.4797979797979798,,,,,,,,,,,
3.34e-06,0.48383838383838385,,,,,,,,,,,
3.34e-06,0.4878787878787879,,,,,,,,,,,
3.34e-06,0.491919191919192,,,,,,,,,,,
3.34e-06,0.49595959595959593,,,,,,,,,,,
3.34e-06,0.5,,,,,,,,,,,
3.4409090909090913e-06,0.1,,,,,,,,,,,
3.4409090909090913e-06,0.10404040404040404,,,,,,,,,,,
3.4409090909090913e-06,0.10808080808080808,,,,,,,,,,,
3.4409090909090913e-06,0.11212121212121212,,,,,,,,,,,
3.4409090909090913e-06,0.11616161616161616,,,,,,,,,,,
3.4409090909090913e-06,0.1202020202020202,,,,,,,,,,,
3.4409090909090913e-06,0.12424242424242425,,,,,,,,,,,
3.4409090909090913e-06,0.12828282828282828,,,,,,,,,,,
3.4409090909090913e-06,0.13232323232323234,,,,,,,,,,,
3.4409090909090913e-06,0.13636363636363635,,,,,,,,,,,
3.4409090909090913e-06,0.14040404040404042,,,,,,,,,,,
3.4409090909090913e-06,0.14444444444444446,,,,,,,,,,,
3.4409090909090913e-06,0.1484848484848485,,,,,,,,,,,
3.4409090909090913e-06,0.15252525252525254,,,,,,,,,,,
3.4409090909090913e-06,0.15656565656565657,,,,,,,,,,,
3.4409090909090913e-06,0.1606060606060606,,,,,,,,,,,
3.4409090909090913e-06,0.16464646464646465,,,,,,,,,,,
3.4409090909090913e-06,0.1686868686868687,,,,,,,,,,,
3.4409090909090913e-06,0.17272727272727273,,,,,,,,,,,
3.4409090909090913e-06,0.17676767676767677,,,,,,,,,,,
3.4409090909090913e-06,0.1808080808080808,,,,,,,,,,,
3.4409090909090913e-06,0.18484848484848487,,,,,,,,,,,
3.4409090909090913e-06,0.18888888888888888,,,,,,,,,,,
3.4409090909090913e-06,0.19292929292929295,,,,,,,,,,,
3.4409090909090913e-06,0.19696969696969696,,,,,,,,,,,
3.4409090909090913e-06,0.20101010101010103,,,,,,,,,,,
3.4409090909090913e-06,0.20505050505050504,,,,,,,,,,,
3.4409090909090913e-06,0.2090909090909091,,,,,,,,,,,
3.4409090909090913e-06,0.21313131313131314,,,,,,,,,,,
3.4409090909090913e-06,0.21717171717171718,,,,,,,,,,,
3.4409090909090913e-06,0.22121212121212122,,,,,,,,,,,
3.4409090909090913e-06,0.22525252525252526,,,,,,,,,,,
3.4409090909090913e-06,0.2292929292929293,,,,,,,,,,,
3.4409090909090913e-06,0.23333333333333334,,,,,,,,,,,
3.4409090909090913e-06,0.23737373737373738,,,,,,,,,,,
3.4409090909090913e-06,0.24141414141414141,,,,,,,,,,,
3.4409090909090913e-06,0.24545454545454545,,,,,,,,,,,
3.4409090909090913e-06,0.2494949494949495,,,,,,,,,,,
3.4409090909090913e-06,0.2535353535353535,,,,,,,,,,,
3.4409090909090913e-06,0.25757575757575757,,,,,,,,,,,
3.4409090909090913e-06,0.26161616161616164,,,,,,,,,,,
3.4409090909090913e-06,0.2656565656565657,,,,,,,,,,,
3.4409090909090913e-06,0.2696969696969697,,,,,,,,,,,
3.4409090909090913e-06,0.2737373737373737,,,,,,,,,,,
3.4409090909090913e-06,0.2777777777777778,,,,,,,,,,,
3.4409090909090913e-06,0.28181818181818186,,,,,,,,,,,
3.4409090909090913e-06,0.28585858585858587,,,,,,,,,,,
3.4409090909090913e-06,0.2898989898989899,,,,,,,,,,,
3.4409090909090913e-06,0.29393939393939394,,,,,,,,,,,
3.4409090909090913e-06,0.297979797979798,,,,,,,,,,,
3.4409090909090913e-06,0.302020202020202,,,,,,,,,,,
3.4409090909090913e-06,0.30606060606060603,,,,,,,,,,,
3.4409090909090913e-06,0.3101010101010101,,,,,,,,,,,
3.4409090909090913e-06,0.31414141414141417,,,,,,,,,,,
3.4409090909090913e-06,0.3181818181818182,,,,,,,,,,,
3.4409090909090913e-06,0.3222222222222222,,,,,,,,,,,
3.4409090909090913e-06,0.32626262626262625,,,,,,,,,,,
3.4409090909090913e-06,0.3303030303030303,,,,,,,,,,,
3.4409090909090913e-06,0.3343434343434344,,,,,,,,,,,
3.4409090909090913e-06,0.3383838383838384,,,,,,,,,,,
3.4409090909090913e-06,0.3424242424242424,,,,,,,,,,,
3.4409090909090913e-06,0.3464646464646465,,,,,,,,,,,
3.4409090909090913e-06,0.35050505050505054,,,,,,,,,,,
3.4409090909090913e-06,0.3545454545454545,,,,,,,,,,,
3.4409090909090913e-06,0.35858585858585856,,,,,,,,,,,
3.4409090909090913e-06,0.36262626262626263,,,,,,,,,,,
3.4409090909090913e-06,0.3666666666666667,,,,,,,,,,,
3.4409090909090913e-06,0.37070707070707076,,,,,,,,,,,
3.4409090909090913e-06,0.3747474747474747,,,,,,,,,,,
3.4409090909090913e-06,0.3787878787878788,,,,,,,,,,,
3.4409090909090913e-06,0.38282828282828285,,,,,,,,,,,
3.4409090909090913e-06,0.3868686868686869,,,,,,,,,,,
3.4409090909090913e-06,0.3909090909090909,,,,,,,,,,,
3.4409090909090913e-06,0.39494949494949494,,,,,,,,,,,
3.4409090909090913e-06,0.398989898989899,,,,,,,,,,,
3.4409090909090913e-06,0.40303030303030307,,,,,,,,,,,
3.4409090909090913e-06,0.407070707070707,,,,,,,,,,,
3.4409090909090913e-06,0.4111111111111111,,,,,,,,,,,
3.4409090909090913e-06,0.41515151515151516,,,,,,,,,,,
3.4409090909090913e-06,0.4191919191919192,,,,,,,,,,,
3.4409090909090913e-06,0.4232323232323232,,,,,,,,,,,
3.4409090909090913e-06,0.42727272727272725,,,,,,,,,,,
3.4409090909090913e-06,0.4313131313131313,,,,,,,,,,,
3.4409090909090913e-06,0.4353535353535354,,,,,,,,,,,
3.4409090909090913e-06,0.43939393939393945,,,,,,,,,,,
3.4409090909090913e-06,0.4434343434343434,,,,,,,,,,,
3.4409090909090913e-06,0.44747474747474747,,,,,,,,,,,
3.4409090909090913e-06,0.45151515151515154,,,,,,,,,,,
3.4409090909090913e-06,0.4555555555555556,,,,,,,,,,,
3.4409090909090913e-06,0.45959595959595956,,,,,,,,,,,
3.4409090909090913e-06,0.4636363636363636,,,,,,,,,,,
3.4409090909090913e-06,0.4676767676767677,,,,,,,,,,,
3.4409090909090913e-06,0.47171717171717176,,,,,,,,,,,
3.4409090909090913e-06,0.4757575757575757,,,,,,,,,,,
3.4409090909090913e-06,0.4797979797979798,,,,,,,,,,,
3.4409090909090913e-06,0.48383838383838385,,,,,,,,,,,
3.4409090909090913e-06,0.4878787878787879,,,,,,,,,,,
3.4409090909090913e-06,0.491919191919192,,,,,,,,,,,
3.4409090909090913e-06,0.49595959595959593,,,,,,,,,,,
3.4409090909090913e-06,0.5,,,,,,,,,,,
3.5418181818181825e-06,0.1,,,,,,,,,,,
3.5418181818181825e-06,0.10404040404040404,,,,,,,,,,,
3.5418181818181825e-06,0.10808080808080808,,,,,,,,,,,
3.5418181818181825e-06,0.11212121212121212,,,,,,,,,,,
3.5418181818181825e-06,0.11616161616161616,,,,,,,,,,,
3.5418181818181825e-06,0.1202020202020202,,,,,,,,,,,
3.5418181818181825e-06,0.12424242424242425,,,,,,,,,,,
3.5418181818181825e-06,0.12828282828282828,,,,,,,,,,,
3.5418181818181825e-06,0.13232323232323234,,,,,,,,,,,
3.5418181818181825e-06,0.13636363636363635,,,,,,,,,,,
3.5418181818181825e-06,0.14040404040404042,,,,,,,,,,,
3.5418181818181825e-06,0.14444444444444446,,,,,,,,,,,
3.5418181818181825e-06,0.1484848484848485,,,,,,,,,,,
3.5418181818181825e-06,0.15252525252525254,,,,,,,,,,,
3.5418181818181825e-06,0.15656565656565657,,,,,,,,,,,
3.5418181818181825e-06,0.1606060606060606,,,,,,,,,,,
3.5418181818181825e-06,0.16464646464646465,,,,,,,,,,,
3.5418181818181825e-06,0.1686868686868687,,,,,,,,,,,
3.5418181818181825e-06,0.17272727272727273,,,,,,,,,,,
3.5418181818181825e-06,0.17676767676767677,,,,,,,,,,,
3.5418181818181825e-06,0.1808080808080808,,,,,,,,,,,
3.5418181818181825e-06,0.18484848484848487,,,,,,,,,,,
3.5418181818181825e-06,0.18888888888888888,,,,,,,,,,,
3.5418181818181825e-06,0.19292929292929295,,,,,,,,,,,
3.5418181818181825e-06,0.19696969696969696,,,,,,,,,,,
3.5418181818181825e-06,0.20101010101010103,,,,,,,,,,,
3.5418181818181825e-06,0.20505050505050504,,,,,,,,,,,
3.5418181818181825e-06,0.2090909090909091,,,,,,,,,,,
3.5418181818181825e-06,0.21313131313131314,,,,,,,,,,,
3.5418181818181825e-06,0.21717171717171718,,,,,,,,,,,
3.5418181818181825e-06,0.22121212121212122,,,,,,,,,,,
3.5418181818181825e-06,0.22525252525252526,,,,,,,,,,,
3.5418181818181825e-06,0.2292929292929293,,,,,,,,,,,
3.5418181818181825e-06,0.23333333333333334,,,,,,,,,,,
3.5418181818181825e-06,0.23737373737373738,,,,,,,,,,,
3.5418181818181825e-06,0.24141414141414141,,,,,,,,,,,
3.5418181818181825e-06,0.24545454545454545,,,,,,,,,,,
3.5418181818181825e-06,0.2494949494949495,,,,,,,,,,,
3.5418181818181825e-06,0.2535353535353535,,,,,,,,,,,
3.5418181818181825e-06,0.25757575757575757,,,,,,,,,,,
3.5418181818181825e-06,0.26161616161616164,,,,,,,,,,,
3.5418181818181825e-06,0.2656565656565657,,,,,,,,,,,
3.5418181818181825e-06,0.2696969696969697,,,,,,,,,,,
3.5418181818181825e-06,0.2737373737373737,,,,,,,,,,,
3.5418181818181825e-06,0.2777777777777778,,,,,,,,,,,
3.5418181818181825e-06,0.28181818181818186,,,,,,,,,,,
3.5418181818181825e-06,0.28585858585858587,,,,,,,,,,,
3.5418181818181825e-06,0.2898989898989899,,,,,,,,,,,
3.5418181818181825e-06,0.29393939393939394,,,,,,,,,,,
3.5418181818181825e-06,0.297979797979798,,,,,,,,,,,
3.5418181818181825e-06,0.302020202020202,,,,,,,,,,,
3.5418181818181825e-06,0.30606060606060603,,,,,,,,,,,
3.5418181818181825e-06,0.3101010101010101,,,,,,,,,,,
3.5418181818181825e-06,0.31414141414141417,,,,,,,,,,,
3.5418181818181825e-06,0.3181818181818182,,,,,,,,,,,
3.5418181818181825e-06,0.3222222222222222,,,,,,,,,,,
3.5418181818181825e-06,0.32626262626262625,,,,,,,,,,,
3.5418181818181825e-06,0.3303030303030303,,,,,,,,,,,
3.5418181818181825e-06,0.3343434343434344,,,,,,,,,,,
3.5418181818181825e-06,0.3383838383838384,,,,,,,,,,,
3.5418181818181825e-06,0.3424242424242424,,,,,,,,,,,
3.5418181818181825e-06,0.3464646464646465,,,,,,,,,,,
3.5418181818181825e-06,0.35050505050505054,,,,,,,,,,,
3.5418181818181825e-06,0.3545454545454545,,,,,,,,,,,
3.5418181818181825e-06,0.35858585858585856,,,,,,,,,,,
3.5418181818181825e-06,0.36262626262626263,,,,,,,,,,,
3.5418181818181825e-06,0.3666666666666667,,,,,,,,,,,
3.5418181818181825e-06,0.37070707070707076,,,,,,,,,,,
3.5418181818181825e-06,0.3747474747474747,,,,,,,,,,,
3.5418181818181825e-06,0.3787878787878788,,,,,,,,,,,
3.5418181818181825e-06,0.38282828282828285,,,,,,,,,,,
3.5418181818181825e-06,0.3868686868686869,,,,,,,,,,,
3.5418181818181825e-06,0.3909090909090909,,,,,,,,,,,
3.5418181818181825e-06,0.39494949494949494,,,,,,,,,,,
3.5418181818181825e-06,0.398989898989899,,,,,,,,,,,
3.5418181818181825e-06,0.40303030303030307,,,,,,,,,,,
3.5418181818181825e-06,0.407070707070707,,,,,,,,,,,
3.5418181818181825e-06,0.4111111111111111,,,,,,,,,,,
3.5418181818181825e-06,0.41515151515151516,,,,,,,,,,,
3.5418181818181825e-06,0.4191919191919192,,,,,,,,,,,
3.5418181818181825e-06,0.4232323232323232,,,,,,,,,,,
3.5418181818181825e-06,0.42727272727272725,,,,,,,,,,,
3.5418181818181825e-06,0.4313131313131313,,,,,,,,,,,
3.5418181818181825e-06,0.4353535353535354,,,,,,,,,,,
3.5418181818181825e-06,0.43939393939393945,,,,,,,,,,,
3.5418181818181825e-06,0.4434343434343434,,,,,,,,,,,
3.5418181818181825e-06,0.44747474747474747,,,,,,,,,,,
3.5418181818181825e-06,0.45151515151515154,,,,,,,,,,,
3.5418181818181825e-06,0.4555555555555556,,,,,,,,,,,
3.5418181818181825e-06,0.45959595959595956,,,,,,,,,,,
3.5418181818181825e-06,0.4636363636363636,,,,,,,,,,,
3.5418181818181825e-06,0.4676767676767677,,,,,,,,,,,
3.5418181818181825e-06,0.47171717171717176,,,,,,,,,,,
3.5418181818181825e-06,0.4757575757575757,,,,,,,,,,,
3.5418181818181825e-06,0.4797979797979798,,,,,,,,,,,
3.5418181818181825e-06,0.48383838383838385,,,,,,,,,,,
3.5418181818181825e-06,0.4878787878787879,,,,,,,,,,,
3.5418181818181825e-06,0.491919191919192,,,,,,,,,,,
3.5418181818181825e-06,0.49595959595959593,,,,,,,,,,,
3.5418181818181825e-06,0.5,,,,,,,,,,,
3.642727272727273e-06,0.1,,,,,,,,,,,
3.642727272727273e-06,0.10404040404040404,,,,,,,,,,,
3.642727272727273e-06,0.10808080808080808,,,,,,,,,,,
3.642727272727273e-06,0.11212121212121212,,,,,,,,,,,
3.642727272727273e-06,0.11616161616161616,,,,,,,,,,,
3.642727272727273e-06,0.1202020202020202,,,,,,,,,,,
3.642727272727273e-06,0.12424242424242425,,,,,,,,,,,
3.642727272727273e-06,0.12828282828282828,,,,,,,,,,,
3.642727272727273e-06,0.13232323232323234,,,,,,,,,,,
3.642727272727273e-06,0.13636363636363635,,,,,,,,,,,
3.642727272727273e-06,0.14040404040404042,,,,,,,,,,,
3.642727272727273e-06,0.14444444444444446,,,,,,,,,,,
3.642727272727273e-06,0.1484848484848485,,,,,,,,,,,
3.642727272727273e-06,0.15252525252525254,,,,,,,,,,,
3.642727272727273e-06,0.15656565656565657,,,,,,,,,,,
3.642727272727273e-06,0.1606060606060606,,,,,,,,,,,
3.642727272727273e-06,0.16464646464646465,,,,,,,,,,,
3.642727272727273e-06,0.1686868686868687,,,,,,,,,,,
3.642727272727273e-06,0.17272727272727273,,,,,,,,,,,
3.642727272727273e-06,0.17676767676767677,,,,,,,,,,,
3.642727272727273e-06,0.1808080808080808,,,,,,,,,,,
3.642727272727273e-06,0.18484848484848487,,,,,,,,,,,
3.642727272727273e-06,0.18888888888888888,,,,,,,,,,,
3.642727272727273e-06,0.19292929292929295,,,,,,,,,,,
3.642727272727273e-06,0.19696969696969696,,,,,,,,,,,
3.642727272727273e-06,0.20101010101010103,,,,,,,,,,,
3.642727272727273e-06,0.20505050505050504,,,,,,,,,,,
3.642727272727273e-06,0.2090909090909091,,,,,,,,,,,
3.642727272727273e-06,0.21313131313131314,,,,,,,,,,,
3.642727272727273e-06,0.21717171717171718,,,,,,,,,,,
3.642727272727273e-06,0.22121212121212122,,,,,,,,,,,
3.642727272727273e-06,0.22525252525252526,,,,,,,,,,,
3.642727272727273e-06,0.2292929292929293,,,,,,,,,,,
3.642727272727273e-06,0.23333333333333334,,,,,,,,,,,
3.642727272727273e-06,0.23737373737373738,,,,,,,,,,,
3.642727272727273e-06,0.24141414141414141,,,,,,,,,,,
3.642727272727273e-06,0.24545454545454545,,,,,,,,,,,
3.642727272727273e-06,0.2494949494949495,,,,,,,,,,,
3.642727272727273e-06,0.2535353535353535,,,,,,,,,,,
3.642727272727273e-06,0.25757575757575757,,,,,,,,,,,
3.642727272727273e-06,0.26161616161616164,,,,,,,,,,,
3.642727272727273e-06,0.2656565656565657,,,,,,,,,,,
3.642727272727273e-06,0.2696969696969697,,,,,,,,,,,
3.642727272727273e-06,0.2737373737373737,,,,,,,,,,,
3.642727272727273e-06,0.2777777777777778,,,,,,,,,,,
3.642727272727273e-06,0.28181818181818186,,,,,,,,,,,
3.642727272727273e-06,0.28585858585858587,,,,,,,,,,,
3.642727272727273e-06,0.2898989898989899,,,,,,,,,,,
3.642727272727273e-06,0.29393939393939394,,,,,,,,,,,
3.642727272727273e-06,0.297979797979798,,,,,,,,,,,
3.642727272727273e-06,0.302020202020202,,,,,,,,,,,
3.642727272727273e-06,0.30606060606060603,,,,,,,,,,,
3.642727272727273e-06,0.3101010101010101,,,,,,,,,,,
3.642727272727273e-06,0.31414141414141417,,,,,,,,,,,
3.642727272727273e-06,0.3181818181818182,,,,,,,,,,,
3.642727272727273e-06,0.3222222222222222,,,,,,,,,,,
3.642727272727273e-06,0.32626262626262625,,,,,,,,,,,
3.642727272727273e-06,0.3303030303030303,,,,,,,,,,,
3.642727272727273e-06,0.3343434343434344,,,,,,,,,,,
3.642727272727273e-06,0.3383838383838384,,,,,,,,,,,
3.642727272727273e-06,0.3424242424242424,,,,,,,,,,,
3.642727272727273e-06,0.3464646464646465,,,,,,,,,,,
3.642727272727273e-06,0.35050505050505054,,,,,,,,,,,
3.642727272727273e-06,0.3545454545454545,,,,,,,,,,,
3.642727272727273e-06,0.35858585858585856,,,,,,,,,,,
3.642727272727273e-06,0.36262626262626263,,,,,,,,,,,
3.642727272727273e-06,0.3666666666666667,,,,,,,,,,,
3.642727272727273e-06,0.37070707070707076,,,,,,,,,,,
3.642727272727273e-06,0.3747474747474747,,,,,,,,,,,
3.642727272727273e-06,0.3787878787878788,,,,,,,,,,,
3.642727272727273e-06,0.38282828282828285,,,,,,,,,,,
3.642727272727273e-06,0.3868686868686869,,,,,,,,,,,
3.642727272727273e-06,0.3909090909090909,,,,,,,,,,,
3.642727272727273e-06,0.39494949494949494,,,,,,,,,,,
3.642727272727273e-06,0.398989898989899,,,,,,,,,,,
3.642727272727273e-06,0.40303030303030307,,,,,,,,,,,
3.642727272727273e-06,0.407070707070707,,,,,,,,,,,
3.642727272727273e-06,0.4111111111111111,,,,,,,,,,,
3.642727272727273e-06,0.41515151515151516,,,,,,,,,,,
3.642727272727273e-06,0.4191919191919192,,,,,,,,,,,
3.642727272727273e-06,0.4232323232323232,,,,,,,,,,,
3.642727272727273e-06,0.42727272727272725,,,,,,,,,,,
3.642727272727273e-06,0.4313131313131313,,,,,,,,,,,
3.642727272727273e-06,0.4353535353535354,,,,,,,,,,,
3.642727272727273e-06,0.43939393939393945,,,,,,,,,,,
3.642727272727273e-06,0.4434343434343434,,,,,,,,,,,
3.642727272727273e-06,0.44747474747474747,,,,,,,,,,,
3.642727272727273e-06,0.45151515151515154,,,,,,,,,,,
3.642727272727273e-06,0.4555555555555556,,,,,,,,,,,
3.642727272727273e-06,0.45959595959595956,,,,,,,,,,,
3.642727272727273e-06,0.4636363636363636,,,,,,,,,,,
3.642727272727273e-06,0.4676767676767677,,,,,,,,,,,
3.642727272727273e-06,0.47171717171717176,,,,,,,,,,,
3.642727272727273e-06,0.4757575757575757,,,,,,,,,,,
3.642727272727273e-06,0.4797979797979798,,,,,,,,,,,
3.642727272727273e-06,0.48383838383838385,,,,,,,,,,,
3.642727272727273e-06,0.4878787878787879,,,,,,,,,,,
3.642727272727273e-06,0.491919191919192,,,,,,,,,,,
3.642727272727273e-06,0.49595959595959593,,,,,,,,,,,
3.642727272727273e-06,0.5,,,,,,,,,,,
3.743636363636364e-06,0.1,,,,,,,,,,,
3.743636363636364e-06,0.10404040404040404,,,,,,,,,,,
3.743636363636364e-06,0.10808080808080808,,,,,,,,,,,
3.743636363636364e-06,0.11212121212121212,,,,,,,,,,,
3.743636363636364e-06,0.11616161616161616,,,,,,,,,,,
3.743636363636364e-06,0.1202020202020202,,,,,,,,,,,
3.743636363636364e-06,0.12424242424242425,,,,,,,,,,,
3.743636363636364e-06,0.12828282828282828,,,,,,,,,,,
3.743636363636364e-06,0.13232323232323234,,,,,,,,,,,
3.743636363636364e-06,0.13636363636363635,,,,,,,,,,,
3.743636363636364e-06,0.14040404040404042,,,,,,,,,,,
3.743636363636364e-06,0.14444444444444446,,,,,,,,,,,
3.743636363636364e-06,0.1484848484848485,,,,,,,,,,,
3.743636363636364e-06,0.15252525252525254,,,,,,,,,,,
3.743636363636364e-06,0.15656565656565657,,,,,,,,,,,
3.743636363636364e-06,0.1606060606060606,,,,,,,,,,,
3.743636363636364e-06,0.16464646464646465,,,,,,,,,,,
3.743636363636364e-06,0.1686868686868687,,,,,,,,,,,
3.743636363636364e-06,0.17272727272727273,,,,,,,,,,,
3.743636363636364e-06,0.17676767676767677,,,,,,,,,,,
3.743636363636364e-06,0.1808080808080808,,,,,,,,,,,
3.743636363636364e-06,0.18484848484848487,,,,,,,,,,,
3.743636363636364e-06,0.18888888888888888,,,,,,,,,,,
3.743636363636364e-06,0.19292929292929295,,,,,,,,,,,
3.743636363636364e-06,0.19696969696969696,,,,,,,,,,,
3.743636363636364e-06,0.20101010101010103,,,,,,,,,,,
3.743636363636364e-06,0.20505050505050504,,,,,,,,,,,
3.743636363636364e-06,0.2090909090909091,,,,,,,,,,,
3.743636363636364e-06,0.21313131313131314,,,,,,,,,,,
3.743636363636364e-06,0.21717171717171718,,,,,,,,,,,
3.743636363636364e-06,0.22121212121212122,,,,,,,,,,,
3.743636363636364e-06,0.22525252525252526,,,,,,,,,,,
3.743636363636364e-06,0.2292929292929293,,,,,,,,,,,
3.743636363636364e-06,0.23333333333333334,,,,,,,,,,,
3.743636363636364e-06,0.23737373737373738,,,,,,,,,,,
3.743636363636364e-06,0.24141414141414141,,,,,,,,,,,
3.743636363636364e-06,0.24545454545454545,,,,,,,,,,,
3.743636363636364e-06,0.2494949494949495,,,,,,,,,,,
3.743636363636364e-06,0.2535353535353535,,,,,,,,,,,
3.743636363636364e-06,0.25757575757575757,,,,,,,,,,,
3.743636363636364e-06,0.26161616161616164,,,,,,,,,,,
3.743636363636364e-06,0.2656565656565657,,,,,,,,,,,
3.743636363636364e-06,0.2696969696969697,,,,,,,,,,,
3.743636363636364e-06,0.2737373737373737,,,,,,,,,,,
3.743636363636364e-06,0.2777777777777778,,,,,,,,,,,
3.743636363636364e-06,0.28181818181818186,,,,,,,,,,,
3.743636363636364e-06,0.28585858585858587,,,,,,,,,,,
3.743636363636364e-06,0.2898989898989899,,,,,,,,,,,
3.743636363636364e-06,0.29393939393939394,,,,,,,,,,,
3.743636363636364e-06,0.297979797979798,,,,,,,,,,,
3.743636363636364e-06,0.302020202020202,,,,,,,,,,,
3.743636363636364e-06,0.30606060606060603,,,,,,,,,,,
3.743636363636364e-06,0.3101010101010101,,,,,,,,,,,
3.743636363636364e-06,0.31414141414141417,,,,,,,,,,,
3.743636363636364e-06,0.3181818181818182,,,,,,,,,,,
3.743636363636364e-06,0.3222222222222222,,,,,,,,,,,
3.743636363636364e-06,0.32626262626262625,,,,,,,,,,,
3.743636363636364e-06,0.3303030303030303,,,,,,,,,,,
3.743636363636364e-06,0.3343434343434344,,,,,,,,,,,
3.743636363636364e-06,0.3383838383838384,,,,,,,,,,,
3.743636363636364e-06,0.3424242424242424,,,,,,,,,,,
3.743636363636364e-06,0.3464646464646465,,,,,,,,,,,
3.743636363636364e-06,0.35050505050505054,,,,,,,,,,,
3.743636363636364e-06,0.3545454545454545,,,,,,,,,,,
3.743636363636364e-06,0.35858585858585856,,,,,,,,,,,
3.743636363636364e-06,0.36262626262626263,,,,,,,,,,,
3.743636363636364e-06,0.3666666666666667,,,,,,,,,,,
3.743636363636364e-06,0.37070707070707076,,,,,,,,,,,
3.743636363636364e-06,0.3747474747474747,,,,,,,,,,,
3.743636363636364e-06,0.3787878787878788,,,,,,,,,,,
3.743636363636364e-06,0.38282828282828285,,,,,,,,,,,
3.743636363636364e-06,0.3868686868686869,,,,,,,,,,,
3.743636363636364e-06,0.3909090909090909,,,,,,,,,,,
3.743636363636364e-06,0.39494949494949494,,,,,,,,,,,
3.743636363636364e-06,0.398989898989899,,,,,,,,,,,
3.743636363636364e-06,0.40303030303030307,,,,,,,,,,,
3.743636363636364e-06,0.407070707070707,,,,,,,,,,,
3.743636363636364e-06,0.4111111111111111,,,,,,,,,,,
3.743636363636364e-06,0.41515151515151516,,,,,,,,,,,
3.743636363636364e-06,0.4191919191919192,,,,,,,,,,,
3.743636363636364e-06,0.4232323232323232,,,,,,,,,,,
3.743636363636364e-06,0.42727272727272725,,,,,,,,,,,
3.743636363636364e-06,0.4313131313131313,,,,,,,,,,,
3.743636363636364e-06,0.4353535353535354,,,,,,,,,,,
3.743636363636364e-06,0.43939393939393945,,,,,,,,,,,
3.743636363636364e-06,0.4434343434343434,,,,,,,,,,,
3.743636363636364e-06,0.44747474747474747,,,,,,,,,,,
3.743636363636364e-06,0.45151515151515154,,,,,,,,,,,
3.743636363636364e-06,0.4555555555555556,,,,,,,,,,,
3.743636363636364e-06,0.45959595959595956,,,,,,,,,,,
3.743636363636364e-06,0.4636363636363636,,,,,,,,,,,
3.743636363636364e-06,0.4676767676767677,,,,,,,,,,,
3.743636363636364e-06,0.47171717171717176,,,,,,,,,,,
3.743636363636364e-06,0.4757575757575757,,,,,,,,,,,
3.743636363636364e-06,0.4797979797979798,,,,,,,,,,,
3.743636363636364e-06,0.48383838383838385,,,,,,,,,,,
3.743636363636364e-06,0.4878787878787879,,,,,,,,,,,
3.743636363636364e-06,0.491919191919192,,,,,,,,,,,
3.743636363636364e-06,0.49595959595959593,,,,,,,,,,,
3.743636363636364e-06,0.5,,,,,,,,,,,
3.8445454545454555e-06,0.1,,,,,,,,,,,
3.8445454545454555e-06,0.10404040404040404,,,,,,,,,,,
3.8445454545454555e-06,0.10808080808080808,,,,,,,,,,,
3.8445454545454555e-06,0.11212121212121212,,,,,,,,,,,
3.8445454545454555e-06,0.11616161616161616,,,,,,,,,,,
3.8445454545454555e-06,0.1202020202020202,,,,,,,,,,,
3.8445454545454555e-06,0.12424242424242425,,,,,,,,,,,
3.8445454545454555e-06,0.12828282828282828,,,,,,,,,,,
3.8445454545454555e-06,0.13232323232323234,,,,,,,,,,,
3.8445454545454555e-06,0.13636363636363635,,,,,,,,,,,
3.8445454545454555e-06,0.14040404040404042,,,,,,,,,,,
3.8445454545454555e-06,0.14444444444444446,,,,,,,,,,,
3.8445454545454555e-06,0.1484848484848485,,,,,,,,,,,
3.8445454545454555e-06,0.15252525252525254,,,,,,,,,,,
3.8445454545454555e-06,0.15656565656565657,,,,,,,,,,,
3.8445454545454555e-06,0.1606060606060606,,,,,,,,,,,
3.8445454545454555e-06,0.16464646464646465,,,,,,,,,,,
3.8445454545454555e-06,0.1686868686868687,,,,,,,,,,,
3.8445454545454555e-06,0.17272727272727273,,,,,,,,,,,
3.8445454545454555e-06,0.17676767676767677,,,,,,,,,,,
3.8445454545454555e-06,0.1808080808080808,,,,,,,,,,,
3.8445454545454555e-06,0.18484848484848487,,,,,,,,,,,
3.8445454545454555e-06,0.18888888888888888,,,,,,,,,,,
3.8445454545454555e-06,0.19292929292929295,,,,,,,,,,,
3.8445454545454555e-06,0.19696969696969696,,,,,,,,,,,
3.8445454545454555e-06,0.20101010101010103,,,,,,,,,,,
3.8445454545454555e-06,0.20505050505050504,,,,,,,,,,,
3.8445454545454555e-06,0.2090909090909091,,,,,,,,,,,
3.8445454545454555e-06,0.21313131313131314,,,,,,,,,,,
3.8445454545454555e-06,0.21717171717171718,,,,,,,,,,,
3.8445454545454555e-06,0.22121212121212122,,,,,,,,,,,
3.8445454545454555e-06,0.22525252525252526,,,,,,,,,,,
3.8445454545454555e-06,0.2292929292929293,,,,,,,,,,,
3.8445454545454555e-06,0.23333333333333334,,,,,,,,,,,
3.8445454545454555e-06,0.23737373737373738,,,,,,,,,,,
3.8445454545454555e-06,0.24141414141414141,,,,,,,,,,,
3.8445454545454555e-06,0.24545454545454545,,,,,,,,,,,
3.8445454545454555e-06,0.2494949494949495,,,,,,,,,,,
3.8445454545454555e-06,0.2535353535353535,,,,,,,,,,,
3.8445454545454555e-06,0.25757575757575757,,,,,,,,,,,
3.8445454545454555e-06,0.26161616161616164,,,,,,,,,,,
3.8445454545454555e-06,0.2656565656565657,,,,,,,,,,,
3.8445454545454555e-06,0.2696969696969697,,,,,,,,,,,
3.8445454545454555e-06,0.2737373737373737,,,,,,,,,,,
3.8445454545454555e-06,0.2777777777777778,,,,,,,,,,,
3.8445454545454555e-06,0.28181818181818186,,,,,,,,,,,
3.8445454545454555e-06,0.28585858585858587,,,,,,,,,,,
3.8445454545454555e-06,0.2898989898989899,,,,,,,,,,,
3.8445454545454555e-06,0.29393939393939394,,,,,,,,,,,
3.8445454545454555e-06,0.297979797979798,,,,,,,,,,,
3.8445454545454555e-06,0.302020202020202,,,,,,,,,,,
3.8445454545454555e-06,0.30606060606060603,,,,,,,,,,,
3.8445454545454555e-06,0.3101010101010101,,,,,,,,,,,
3.8445454545454555e-06,0.31414141414141417,,,,,,,,,,,
3.8445454545454555e-06,0.3181818181818182,,,,,,,,,,,
3.8445454545454555e-06,0.3222222222222222,,,,,,,,,,,
3.8445454545454555e-06,0.32626262626262625,,,,,,,,,,,
3.8445454545454555e-06,0.3303030303030303,,,,,,,,,,,
3.8445454545454555e-06,0.3343434343434344,,,,,,,,,,,
3.8445454545454555e-06,0.3383838383838384,,,,,,,,,,,
3.8445454545454555e-06,0.3424242424242424,,,,,,,,,,,
3.8445454545454555e-06,0.3464646464646465,,,,,,,,,,,
3.8445454545454555e-06,0.35050505050505054,,,,,,,,,,,
3.8445454545454555e-06,0.3545454545454545,,,,,,,,,,,
3.8445454545454555e-06,0.35858585858585856,,,,,,,,,,,
3.8445454545454555e-06,0.36262626262626263,,,,,,,,,,,
3.8445454545454555e-06,0.3666666666666667,,,,,,,,,,,
3.8445454545454555e-06,0.37070707070707076,,,,,,,,,,,
3.8445454545454555e-06,0.3747474747474747,,,,,,,,,,,
3.8445454545454555e-06,0.3787878787878788,,,,,,,,,,,
3.8445454545454555e-06,0.38282828282828285,,,,,,,,,,,
3.8445454545454555e-06,0.3868686868686869,,,,,,,,,,,
3.8445454545454555e-06,0.3909090909090909,,,,,,,,,,,
3.8445454545454555e-06,0.39494949494949494,,,,,,,,,,,
3.8445454545454555e-06,0.398989898989899,,,,,,,,,,,
3.8445454545454555e-06,0.40303030303030307,,,,,,,,,,,
3.8445454545454555e-06,0.407070707070707,,,,,,,,,,,
3.8445454545454555e-06,0.4111111111111111,,,,,,,,,,,
3.8445454545454555e-06,0.41515151515151516,,,,,,,,,,,
3.8445454545454555e-06,0.4191919191919192,,,,,,,,,,,
3.8445454545454555e-06,0.4232323232323232,,,,,,,,,,,
3.8445454545454555e-06,0.42727272727272725,,,,,,,,,,,
3.8445454545454555e-06,0.4313131313131313,,,,,,,,,,,
3.8445454545454555e-06,0.4353535353535354,,,,,,,,,,,
3.8445454545454555e-06,0.43939393939393945,,,,,,,,,,,
3.8445454545454555e-06,0.4434343434343434,,,,,,,,,,,
3.8445454545454555e-06,0.44747474747474747,,,,,,,,,,,
3.8445454545454555e-06,0.45151515151515154,,,,,,,,,,,
3.8445454545454555e-06,0.4555555555555556,,,,,,,,,,,
3.8445454545454555e-06,0.45959595959595956,,,,,,,,,,,
3.8445454545454555e-06,0.4636363636363636,,,,,,,,,,,
3.8445454545454555e-06,0.4676767676767677,,,,,,,,,,,
3.8445454545454555e-06,0.47171717171717176,,,,,,,,,,,
3.8445454545454555e-06,0.4757575757575757,,,,,,,,,,,
3.8445454545454555e-06,0.4797979797979798,,,,,,,,,,,
3.8445454545454555e-06,0.48383838383838385,,,,,,,,,,,
3.8445454545454555e-06,0.4878787878787879,,,,,,,,,,,
3.8445454545454555e-06,0.491919191919192,,,,,,,,,,,
3.8445454545454555e-06,0.49595959595959593,,,,,,,,,,,
3.8445454545454555e-06,0.5,,,,,,,,,,,
3.945454545454546e-06,0.1,,,,,,,,,,,
3.945454545454546e-06,0.10404040404040404,,,,,,,,,,,
3.945454545454546e-06,0.10808080808080808,,,,,,,,,,,
3.945454545454546e-06,0.11212121212121212,,,,,,,,,,,
3.945454545454546e-06,0.11616161616161616,,,,,,,,,,,
3.945454545454546e-06,0.1202020202020202,,,,,,,,,,,
3.945454545454546e-06,0.12424242424242425,,,,,,,,,,,
3.945454545454546e-06,0.12828282828282828,,,,,,,,,,,
3.945454545454546e-06,0.13232323232323234,,,,,,,,,,,
3.945454545454546e-06,0.13636363636363635,,,,,,,,,,,
3.945454545454546e-06,0.14040404040404042,,,,,,,,,,,
3.945454545454546e-06,0.14444444444444446,,,,,,,,,,,
3.945454545454546e-06,0.1484848484848485,,,,,,,,,,,
3.945454545454546e-06,0.15252525252525254,,,,,,,,,,,
3.945454545454546e-06,0.15656565656565657,,,,,,,,,,,
3.945454545454546e-06,0.1606060606060606,,,,,,,,,,,
3.945454545454546e-06,0.16464646464646465,,,,,,,,,,,
3.945454545454546e-06,0.1686868686868687,,,,,,,,,,,
3.945454545454546e-06,0.17272727272727273,,,,,,,,,,,
3.945454545454546e-06,0.17676767676767677,,,,,,,,,,,
3.945454545454546e-06,0.1808080808080808,,,,,,,,,,,
3.945454545454546e-06,0.18484848484848487,,,,,,,,,,,
3.945454545454546e-06,0.18888888888888888,,,,,,,,,,,
3.945454545454546e-06,0.19292929292929295,,,,,,,,,,,
3.945454545454546e-06,0.19696969696969696,,,,,,,,,,,
3.945454545454546e-06,0.20101010101010103,,,,,,,,,,,
3.945454545454546e-06,0.20505050505050504,,,,,,,,,,,
3.945454545454546e-06,0.2090909090909091,,,,,,,,,,,
3.945454545454546e-06,0.21313131313131314,,,,,,,,,,,
3.945454545454546e-06,0.21717171717171718,,,,,,,,,,,
3.945454545454546e-06,0.22121212121212122,,,,,,,,,,,
3.945454545454546e-06,0.22525252525252526,,,,,,,,,,,
3.945454545454546e-06,0.2292929292929293,,,,,,,,,,,
3.945454545454546e-06,0.23333333333333334,,,,,,,,,,,
3.945454545454546e-06,0.23737373737373738,,,,,,,,,,,
3.945454545454546e-06,0.24141414141414141,,,,,,,,,,,
3.945454545454546e-06,0.24545454545454545,,,,,,,,,,,
3.945454545454546e-06,0.2494949494949495,,,,,,,,,,,
3.945454545454546e-06,0.2535353535353535,,,,,,,,,,,
3.945454545454546e-06,0.25757575757575757,,,,,,,,,,,
3.945454545454546e-06,0.26161616161616164,,,,,,,,,,,
3.945454545454546e-06,0.2656565656565657,,,,,,,,,,,
3.945454545454546e-06,0.2696969696969697,,,,,,,,,,,
3.945454545454546e-06,0.2737373737373737,,,,,,,,,,,
3.945454545454546e-06,0.2777777777777778,,,,,,,,,,,
3.945454545454546e-06,0.28181818181818186,,,,,,,,,,,
3.945454545454546e-06,0.28585858585858587,,,,,,,,,,,
3.945454545454546e-06,0.2898989898989899,,,,,,,,,,,
3.945454545454546e-06,0.29393939393939394,,,,,,,,,,,
3.945454545454546e-06,0.297979797979798,,,,,,,,,,,
3.945454545454546e-06,0.302020202020202,,,,,,,,,,,
3.945454545454546e-06,0.30606060606060603,,,,,,,,,,,
3.945454545454546e-06,0.3101010101010101,,,,,,,,,,,
3.945454545454546e-06,0.31414141414141417,,,,,,,,,,,
3.945454545454546e-06,0.3181818181818182,,,,,,,,,,,
3.945454545454546e-06,0.3222222222222222,,,,,,,,,,,
3.945454545454546e-06,0.32626262626262625,,,,,,,,,,,
3.945454545454546e-06,0.3303030303030303,,,,,,,,,,,
3.945454545454546e-06,0.3343434343434344,,,,,,,,,,,
3.945454545454546e-06,0.3383838383838384,,,,,,,,,,,
3.945454545454546e-06,0.3424242424242424,,,,,,,,,,,
3.945454545454546e-06,0.3464646464646465,,,,,,,,,,,
3.945454545454546e-06,0.35050505050505054,,,,,,,,,,,
3.945454545454546e-06,0.3545454545454545,,,,,,,,,,,
3.945454545454546e-06,0.35858585858585856,,,,,,,,,,,
3.945454545454546e-06,0.36262626262626263,,,,,,,,,,,
3.945454545454546e-06,0.3666666666666667,,,,,,,,,,,
3.945454545454546e-06,0.37070707070707076,,,,,,,,,,,
3.945454545454546e-06,0.3747474747474747,,,,,,,,,,,
3.945454545454546e-06,0.3787878787878788,,,,,,,,,,,
3.945454545454546e-06,0.38282828282828285,,,,,,,,,,,
3.945454545454546e-06,0.3868686868686869,,,,,,,,,,,
3.945454545454546e-06,0.3909090909090909,,,,,,,,,,,
3.945454545454546e-06,0.39494949494949494,,,,,,,,,,,
3.945454545454546e-06,0.398989898989899,,,,,,,,,,,
3.945454545454546e-06,0.40303030303030307,,,,,,,,,,,
3.945454545454546e-06,0.407070707070707,,,,,,,,,,,
3.945454545454546e-06,0.4111111111111111,,,,,,,,,,,
3.945454545454546e-06,0.41515151515151516,,,,,,,,,,,
3.945454545454546e-06,0.4191919191919192,,,,,,,,,,,
3.945454545454546e-06,0.4232323232323232,,,,,,,,,,,
3.945454545454546e-06,0.42727272727272725,,,,,,,,,,,
3.945454545454546e-06,0.4313131313131313,,,,,,,,,,,
3.945454545454546e-06,0.4353535353535354,,,,,,,,,,,
3.945454545454546e-06,0.43939393939393945,,,,,,,,,,,
3.945454545454546e-06,0.4434343434343434,,,,,,,,,,,
3.945454545454546e-06,0.44747474747474747,,,,,,,,,,,
3.945454545454546e-06,0.45151515151515154,,,,,,,,,,,
3.945454545454546e-06,0.4555555555555556,,,,,,,,,,,
3.945454545454546e-06,0.45959595959595956,,,,,,,,,,,
3.945454545454546e-06,0.4636363636363636,,,,,,,,,,,
3.945454545454546e-06,0.4676767676767677,,,,,,,,,,,
3.945454545454546e-06,0.47171717171717176,,,,,,,,,,,
3.945454545454546e-06,0.4757575757575757,,,,,,,,,,,
3.945454545454546e-06,0.4797979797979798,,,,,,,,,,,
3.945454545454546e-06,0.48383838383838385,,,,,,,,,,,
3.945454545454546e-06,0.4878787878787879,,,,,,,,,,,
3.945454545454546e-06,0.491919191919192,,,,,,,,,,,
3.945454545454546e-06,0.49595959595959593,,,,,,,,,,,
3.945454545454546e-06,0.5,,,,,,,,,,,
4.046363636363637e-06,0.1,,,,,,,,,,,
4.046363636363637e-06,0.10404040404040404,,,,,,,,,,,
4.046363636363637e-06,0.10808080808080808,,,,,,,,,,,
4.046363636363637e-06,0.11212121212121212,,,,,,,,,,,
4.046363636363637e-06,0.11616161616161616,,,,,,,,,,,
4.046363636363637e-06,0.1202020202020202,,,,,,,,,,,
4.046363636363637e-06,0.12424242424242425,,,,,,,,,,,
4.046363636363637e-06,0.12828282828282828,,,,,,,,,,,
4.046363636363637e-06,0.13232323232323234,,,,,,,,,,,
4.046363636363637e-06,0.13636363636363635,,,,,,,,,,,
4.046363636363637e-06,0.14040404040404042,,,,,,,,,,,
4.046363636363637e-06,0.14444444444444446,,,,,,,,,,,
4.046363636363637e-06,0.1484848484848485,,,,,,,,,,,
4.046363636363637e-06,0.15252525252525254,,,,,,,,,,,
4.046363636363637e-06,0.15656565656565657,,,,,,,,,,,
4.046363636363637e-06,0.1606060606060606,,,,,,,,,,,
4.046363636363637e-06,0.16464646464646465,,,,,,,,,,,
4.046363636363637e-06,0.1686868686868687,,,,,,,,,,,
4.046363636363637e-06,0.17272727272727273,,,,,,,,,,,
4.046363636363637e-06,0.17676767676767677,,,,,,,,,,,
4.046363636363637e-06,0.1808080808080808,,,,,,,,,,,
4.046363636363637e-06,0.18484848484848487,,,,,,,,,,,
4.046363636363637e-06,0.18888888888888888,,,,,,,,,,,
4.046363636363637e-06,0.19292929292929295,,,,,,,,,,,
4.046363636363637e-06,0.19696969696969696,,,,,,,,,,,
4.046363636363637e-06,0.20101010101010103,,,,,,,,,,,
4.046363636363637e-06,0.20505050505050504,,,,,,,,,,,
4.046363636363637e-06,0.2090909090909091,,,,,,,,,,,
4.046363636363637e-06,0.21313131313131314,,,,,,,,,,,
4.046363636363637e-06,0.21717171717171718,,,,,,,,,,,
4.046363636363637e-06,0.22121212121212122,,,,,,,,,,,
4.046363636363637e-06,0.22525252525252526,,,,,,,,,,,
4.046363636363637e-06,0.2292929292929293,,,,,,,,,,,
4.046363636363637e-06,0.23333333333333334,,,,,,,,,,,
4.046363636363637e-06,0.23737373737373738,,,,,,,,,,,
4.046363636363637e-06,0.24141414141414141,,,,,,,,,,,
4.046363636363637e-06,0.24545454545454545,,,,,,,,,,,
4.046363636363637e-06,0.2494949494949495,,,,,,,,,,,
4.046363636363637e-06,0.2535353535353535,,,,,,,,,,,
4.046363636363637e-06,0.25757575757575757,,,,,,,,,,,
4.046363636363637e-06,0.26161616161616164,,,,,,,,,,,
4.046363636363637e-06,0.2656565656565657,,,,,,,,,,,
4.046363636363637e-06,0.2696969696969697,,,,,,,,,,,
4.046363636363637e-06,0.2737373737373737,,,,,,,,,,,
4.046363636363637e-06,0.2777777777777778,,,,,,,,,,,
4.046363636363637e-06,0.28181818181818186,,,,,,,,,,,
4.046363636363637e-06,0.28585858585858587,,,,,,,,,,,
4.046363636363637e-06,0.2898989898989899,,,,,,,,,,,
4.046363636363637e-06,0.29393939393939394,,,,,,,,,,,
4.046363636363637e-06,0.297979797979798,,,,,,,,,,,
4.046363636363637e-06,0.302020202020202,,,,,,,,,,,
4.046363636363637e-06,0.30606060606060603,,,,,,,,,,,
4.046363636363637e-06,0.3101010101010101,,,,,,,,,,,
4.046363636363637e-06,0.31414141414141417,,,,,,,,,,,
4.046363636363637e-06,0.3181818181818182,,,,,,,,,,,
4.046363636363637e-06,0.3222222222222222,,,,,,,,,,,
4.046363636363637e-06,0.32626262626262625,,,,,,,,,,,
4.046363636363637e-06,0.3303030303030303,,,,,,,,,,,
4.046363636363637e-06,0.3343434343434344,,,,,,,,,,,
4.046363636363637e-06,0.3383838383838384,,,,,,,,,,,
4.046363636363637e-06,0.3424242424242424,,,,,,,,,,,
4.046363636363637e-06,0.3464646464646465,,,,,,,,,,,
4.046363636363637e-06,0.35050505050505054,,,,,,,,,,,
4.046363636363637e-06,0.3545454545454545,,,,,,,,,,,
4.046363636363637e-06,0.35858585858585856,,,,,,,,,,,
4.046363636363637e-06,0.36262626262626263,,,,,,,,,,,
4.046363636363637e-06,0.3666666666666667,,,,,,,,,,,
4.046363636363637e-06,0.37070707070707076,,,,,,,,,,,
4.046363636363637e-06,0.3747474747474747,,,,,,,,,,,
4.046363636363637e-06,0.3787878787878788,,,,,,,,,,,
4.046363636363637e-06,0.38282828282828285,,,,,,,,,,,
4.046363636363637e-06,0.3868686868686869,,,,,,,,,,,
4.046363636363637e-06,0.3909090909090909,,,,,,,,,,,
4.046363636363637e-06,0.39494949494949494,,,,,,,,,,,
4.046363636363637e-06,0.398989898989899,,,,,,,,,,,
4.046363636363637e-06,0.40303030303030307,,,,,,,,,,,
4.046363636363637e-06,0.407070707070707,,,,,,,,,,,
4.046363636363637e-06,0.4111111111111111,,,,,,,,,,,
4.046363636363637e-06,0.41515151515151516,,,,,,,,,,,
4.046363636363637e-06,0.4191919191919192,,,,,,,,,,,
4.046363636363637e-06,0.4232323232323232,,,,,,,,,,,
4.046363636363637e-06,0.42727272727272725,,,,,,,,,,,
4.046363636363637e-06,0.4313131313131313,,,,,,,,,,,
4.046363636363637e-06,0.4353535353535354,,,,,,,,,,,
4.046363636363637e-06,0.43939393939393945,,,,,,,,,,,
4.046363636363637e-06,0.4434343434343434,,,,,,,,,,,
4.046363636363637e-06,0.44747474747474747,,,,,,,,,,,
4.046363636363637e-06,0.45151515151515154,,,,,,,,,,,
4.046363636363637e-06,0.4555555555555556,,,,,,,,,,,
4.046363636363637e-06,0.45959595959595956,,,,,,,,,,,
4.046363636363637e-06,0.4636363636363636,,,,,,,,,,,
4.046363636363637e-06,0.4676767676767677,,,,,,,,,,,
4.046363636363637e-06,0.47171717171717176,,,,,,,,,,,
4.046363636363637e-06,0.4757575757575757,,,,,,,,,,,
4.046363636363637e-06,0.4797979797979798,,,,,,,,,,,
4.046363636363637e-06,0.48383838383838385,,,,,,,,,,,
4.046363636363637e-06,0.4878787878787879,,,,,,,,,,,
4.046363636363637e-06,0.491919191919192,,,,,,,,,,,
4.046363636363637e-06,0.49595959595959593,,,,,,,,,,,
4.046363636363637e-06,0.5,,,,,,,,,,,
4.147272727272728e-06,0.1,,,,,,,,,,,
4.147272727272728e-06,0.10404040404040404,,,,,,,,,,,
4.147272727272728e-06,0.10808080808080808,,,,,,,,,,,
4.147272727272728e-06,0.11212121212121212,,,,,,,,,,,
4.147272727272728e-06,0.11616161616161616,,,,,,,,,,,
4.147272727272728e-06,0.1202020202020202,,,,,,,,,,,
4.147272727272728e-06,0.12424242424242425,,,,,,,,,,,
4.147272727272728e-06,0.12828282828282828,,,,,,,,,,,
4.147272727272728e-06,0.13232323232323234,,,,,,,,,,,
4.147272727272728e-06,0.13636363636363635,,,,,,,,,,,
4.147272727272728e-06,0.14040404040404042,,,,,,,,,,,
4.147272727272728e-06,0.14444444444444446,,,,,,,,,,,
4.147272727272728e-06,0.1484848484848485,,,,,,,,,,,
4.147272727272728e-06,0.15252525252525254,,,,,,,,,,,
4.147272727272728e-06,0.15656565656565657,,,,,,,,,,,
4.147272727272728e-06,0.1606060606060606,,,,,,,,,,,
4.147272727272728e-06,0.16464646464646465,,,,,,,,,,,
4.147272727272728e-06,0.1686868686868687,,,,,,,,,,,
4.147272727272728e-06,0.17272727272727273,,,,,,,,,,,
4.147272727272728e-06,0.17676767676767677,,,,,,,,,,,
4.147272727272728e-06,0.1808080808080808,,,,,,,,,,,
4.147272727272728e-06,0.18484848484848487,,,,,,,,,,,
4.147272727272728e-06,0.18888888888888888,,,,,,,,,,,
4.147272727272728e-06,0.19292929292929295,,,,,,,,,,,
4.147272727272728e-06,0.19696969696969696,,,,,,,,,,,
4.147272727272728e-06,0.20101010101010103,,,,,,,,,,,
4.147272727272728e-06,0.20505050505050504,,,,,,,,,,,
4.147272727272728e-06,0.2090909090909091,,,,,,,,,,,
4.147272727272728e-06,0.21313131313131314,,,,,,,,,,,
4.147272727272728e-06,0.21717171717171718,,,,,,,,,,,
4.147272727272728e-06,0.22121212121212122,,,,,,,,,,,
4.147272727272728e-06,0.22525252525252526,,,,,,,,,,,
4.147272727272728e-06,0.2292929292929293,,,,,,,,,,,
4.147272727272728e-06,0.23333333333333334,,,,,,,,,,,
4.147272727272728e-06,0.23737373737373738,,,,,,,,,,,
4.147272727272728e-06,0.24141414141414141,,,,,,,,,,,
4.147272727272728e-06,0.24545454545454545,,,,,,,,,,,
4.147272727272728e-06,0.2494949494949495,,,,,,,,,,,
4.147272727272728e-06,0.2535353535353535,,,,,,,,,,,
4.147272727272728e-06,0.25757575757575757,,,,,,,,,,,
4.147272727272728e-06,0.26161616161616164,,,,,,,,,,,
4.147272727272728e-06,0.2656565656565657,,,,,,,,,,,
4.147272727272728e-06,0.2696969696969697,,,,,,,,,,,
4.147272727272728e-06,0.2737373737373737,,,,,,,,,,,
4.147272727272728e-06,0.2777777777777778,,,,,,,,,,,
4.147272727272728e-06,0.28181818181818186,,,,,,,,,,,
4.147272727272728e-06,0.28585858585858587,,,,,,,,,,,
4.147272727272728e-06,0.2898989898989899,,,,,,,,,,,
4.147272727272728e-06,0.29393939393939394,,,,,,,,,,,
4.147272727272728e-06,0.297979797979798,,,,,,,,,,,
4.147272727272728e-06,0.302020202020202,,,,,,,,,,,
4.147272727272728e-06,0.30606060606060603,,,,,,,,,,,
4.147272727272728e-06,0.3101010101010101,,,,,,,,,,,
4.147272727272728e-06,0.31414141414141417,,,,,,,,,,,
4.147272727272728e-06,0.3181818181818182,,,,,,,,,,,
4.147272727272728e-06,0.3222222222222222,,,,,,,,,,,
4.147272727272728e-06,0.32626262626262625,,,,,,,,,,,
4.147272727272728e-06,0.3303030303030303,,,,,,,,,,,
4.147272727272728e-06,0.3343434343434344,,,,,,,,,,,
4.147272727272728e-06,0.3383838383838384,,,,,,,,,,,
4.147272727272728e-06,0.3424242424242424,,,,,,,,,,,
4.147272727272728e-06,0.3464646464646465,,,,,,,,,,,
4.147272727272728e-06,0.35050505050505054,,,,,,,,,,,
4.147272727272728e-06,0.3545454545454545,,,,,,,,,,,
4.147272727272728e-06,0.35858585858585856,,,,,,,,,,,
4.147272727272728e-06,0.36262626262626263,,,,,,,,,,,
4.147272727272728e-06,0.3666666666666667,,,,,,,,,,,
4.147272727272728e-06,0.37070707070707076,,,,,,,,,,,
4.147272727272728e-06,0.3747474747474747,,,,,,,,,,,
4.147272727272728e-06,0.3787878787878788,,,,,,,,,,,
4.147272727272728e-06,0.38282828282828285,,,,,,,,,,,
4.147272727272728e-06,0.3868686868686869,,,,,,,,,,,
4.147272727272728e-06,0.3909090909090909,,,,,,,,,,,
4.147272727272728e-06,0.39494949494949494,,,,,,,,,,,
4.147272727272728e-06,0.398989898989899,,,,,,,,,,,
4.147272727272728e-06,0.40303030303030307,,,,,,,,,,,
4.147272727272728e-06,0.407070707070707,,,,,,,,,,,
4.147272727272728e-06,0.4111111111111111,,,,,,,,,,,
4.147272727272728e-06,0.41515151515151516,,,,,,,,,,,
4.147272727272728e-06,0.4191919191919192,,,,,,,,,,,
4.147272727272728e-06,0.4232323232323232,,,,,,,,,,,
4.147272727272728e-06,0.42727272727272725,,,,,,,,,,,
4.147272727272728e-06,0.4313131313131313,,,,,,,,,,,
4.147272727272728e-06,0.4353535353535354,,,,,,,,,,,
4.147272727272728e-06,0.43939393939393945,,,,,,,,,,,
4.147272727272728e-06,0.4434343434343434,,,,,,,,,,,
4.147272727272728e-06,0.44747474747474747,,,,,,,,,,,
4.147272727272728e-06,0.45151515151515154,,,,,,,,,,,
4.147272727272728e-06,0.4555555555555556,,,,,,,,,,,
4.147272727272728e-06,0.45959595959595956,,,,,,,,,,,
4.147272727272728e-06,0.4636363636363636,,,,,,,,,,,
4.147272727272728e-06,0.4676767676767677,,,,,,,,,,,
4.147272727272728e-06,0.47171717171717176,,,,,,,,,,,
4.147272727272728e-06,0.4757575757575757,,,,,,,,,,,
4.147272727272728e-06,0.4797979797979798,,,,,,,,,,,
4.147272727272728e-06,0.48383838383838385,,,,,,,,,,,
4.147272727272728e-06,0.4878787878787879,,,,,,,,,,,
4.147272727272728e-06,0.491919191919192,,,,,,,,,,,
4.147272727272728e-06,0.49595959595959593,,,,,,,,,,,
4.147272727272728e-06,0.5,,,,,,,,,,,
4.248181818181818e-06,0.1,,,,,,,,,,,
4.248181818181818e-06,0.10404040404040404,,,,,,,,,,,
4.248181818181818e-06,0.10808080808080808,,,,,,,,,,,
4.248181818181818e-06,0.11212121212121212,,,,,,,,,,,
4.248181818181818e-06,0.11616161616161616,,,,,,,,,,,
4.248181818181818e-06,0.1202020202020202,,,,,,,,,,,
4.248181818181818e-06,0.12424242424242425,,,,,,,,,,,
4.248181818181818e-06,0.12828282828282828,,,,,,,,,,,
4.248181818181818e-06,0.13232323232323234,,,,,,,,,,,
4.248181818181818e-06,0.13636363636363635,,,,,,,,,,,
4.248181818181818e-06,0.14040404040404042,,,,,,,,,,,
4.248181818181818e-06,0.14444444444444446,,,,,,,,,,,
4.248181818181818e-06,0.1484848484848485,,,,,,,,,,,
4.248181818181818e-06,0.15252525252525254,,,,,,,,,,,
4.248181818181818e-06,0.15656565656565657,,,,,,,,,,,
4.248181818181818e-06,0.1606060606060606,,,,,,,,,,,
4.248181818181818e-06,0.16464646464646465,,,,,,,,,,,
4.248181818181818e-06,0.1686868686868687,,,,,,,,,,,
4.248181818181818e-06,0.17272727272727273,,,,,,,,,,,
4.248181818181818e-06,0.17676767676767677,,,,,,,,,,,
4.248181818181818e-06,0.1808080808080808,,,,,,,,,,,
4.248181818181818e-06,0.18484848484848487,,,,,,,,,,,
4.248181818181818e-06,0.18888888888888888,,,,,,,,,,,
4.248181818181818e-06,0.19292929292929295,,,,,,,,,,,
4.248181818181818e-06,0.19696969696969696,,,,,,,,,,,
4.248181818181818e-06,0.20101010101010103,,,,,,,,,,,
4.248181818181818e-06,0.20505050505050504,,,,,,,,,,,
4.248181818181818e-06,0.2090909090909091,,,,,,,,,,,
4.248181818181818e-06,0.21313131313131314,,,,,,,,,,,
4.248181818181818e-06,0.21717171717171718,,,,,,,,,,,
4.248181818181818e-06,0.22121212121212122,,,,,,,,,,,
4.248181818181818e-06,0.22525252525252526,,,,,,,,,,,
4.248181818181818e-06,0.2292929292929293,,,,,,,,,,,
4.248181818181818e-06,0.23333333333333334,,,,,,,,,,,
4.248181818181818e-06,0.23737373737373738,,,,,,,,,,,
4.248181818181818e-06,0.24141414141414141,,,,,,,,,,,
4.248181818181818e-06,0.24545454545454545,,,,,,,,,,,
4.248181818181818e-06,0.2494949494949495,,,,,,,,,,,
4.248181818181818e-06,0.2535353535353535,,,,,,,,,,,
4.248181818181818e-06,0.25757575757575757,,,,,,,,,,,
4.248181818181818e-06,0.26161616161616164,,,,,,,,,,,
4.248181818181818e-06,0.2656565656565657,,,,,,,,,,,
4.248181818181818e-06,0.2696969696969697,,,,,,,,,,,
4.248181818181818e-06,0.2737373737373737,,,,,,,,,,,
4.248181818181818e-06,0.2777777777777778,,,,,,,,,,,
4.248181818181818e-06,0.28181818181818186,,,,,,,,,,,
4.248181818181818e-06,0.28585858585858587,,,,,,,,,,,
4.248181818181818e-06,0.2898989898989899,,,,,,,,,,,
4.248181818181818e-06,0.29393939393939394,,,,,,,,,,,
4.248181818181818e-06,0.297979797979798,,,,,,,,,,,
4.248181818181818e-06,0.302020202020202,,,,,,,,,,,
4.248181818181818e-06,0.30606060606060603,,,,,,,,,,,
4.248181818181818e-06,0.3101010101010101,,,,,,,,,,,
4.248181818181818e-06,0.31414141414141417,,,,,,,,,,,
4.248181818181818e-06,0.3181818181818182,,,,,,,,,,,
4.248181818181818e-06,0.3222222222222222,,,,,,,,,,,
4.248181818181818e-06,0.32626262626262625,,,,,,,,,,,
4.248181818181818e-06,0.3303030303030303,,,,,,,,,,,
4.248181818181818e-06,0.3343434343434344,,,,,,,,,,,
4.248181818181818e-06,0.3383838383838384,,,,,,,,,,,
4.248181818181818e-06,0.3424242424242424,,,,,,,,,,,
4.248181818181818e-06,0.3464646464646465,,,,,,,,,,,
4.248181818181818e-06,0.35050505050505054,,,,,,,,,,,
4.248181818181818e-06,0.3545454545454545,,,,,,,,,,,
4.248181818181818e-06,0.35858585858585856,,,,,,,,,,,
4.248181818181818e-06,0.36262626262626263,,,,,,,,,,,
4.248181818181818e-06,0.3666666666666667,,,,,,,,,,,
4.248181818181818e-06,0.37070707070707076,,,,,,,,,,,
4.248181818181818e-06,0.3747474747474747,,,,,,,,,,,
4.248181818181818e-06,0.3787878787878788,,,,,,,,,,,
4.248181818181818e-06,0.38282828282828285,,,,,,,,,,,
4.248181818181818e-06,0.3868686868686869,,,,,,,,,,,
4.248181818181818e-06,0.3909090909090909,,,,,,,,,,,
4.248181818181818e-06,0.39494949494949494,,,,,,,,,,,
4.248181818181818e-06,0.398989898989899,,,,,,,,,,,
4.248181818181818e-06,0.40303030303030307,,,,,,,,,,,
4.248181818181818e-06,0.407070707070707,,,,,,,,,,,
4.248181818181818e-06,0.4111111111111111,,,,,,,,,,,
4.248181818181818e-06,0.41515151515151516,,,,,,,,,,,
4.248181818181818e-06,0.4191919191919192,,,,,,,,,,,
4.248181818181818e-06,0.4232323232323232,,,,,,,,,,,
4.248181818181818e-06,0.42727272727272725,,,,,,,,,,,
4.248181818181818e-06,0.4313131313131313,,,,,,,,,,,
4.248181818181818e-06,0.4353535353535354,,,,,,,,,,,
4.248181818181818e-06,0.43939393939393945,,,,,,,,,,,
4.248181818181818e-06,0.4434343434343434,,,,,,,,,,,
4.248181818181818e-06,0.44747474747474747,,,,,,,,,,,
4.248181818181818e-06,0.45151515151515154,,,,,,,,,,,
4.248181818181818e-06,0.4555555555555556,,,,,,,,,,,
4.248181818181818e-06,0.45959595959595956,,,,,,,,,,,
4.248181818181818e-06,0.4636363636363636,,,,,,,,,,,
4.248181818181818e-06,0.4676767676767677,,,,,,,,,,,
4.248181818181818e-06,0.47171717171717176,,,,,,,,,,,
4.248181818181818e-06,0.4757575757575757,,,,,,,,,,,
4.248181818181818e-06,0.4797979797979798,,,,,,,,,,,
4.248181818181818e-06,0.48383838383838385,,,,,,,,,,,
4.248181818181818e-06,0.4878787878787879,,,,,,,,,,,
4.248181818181818e-06,0.491919191919192,,,,,,,,,,,
4.248181818181818e-06,0.49595959595959593,,,,,,,,,,,
4.248181818181818e-06,0.5,,,,,,,,,,,
4.34909090909091e-06,0.1,,,,,,,,,,,
4.34909090909091e-06,0.10404040404040404,,,,,,,,,,,
4.34909090909091e-06,0.10808080808080808,,,,,,,,,,,
4.34909090909091e-06,0.11212121212121212,,,,,,,,,,,
4.34909090909091e-06,0.11616161616161616,,,,,,,,,,,
4.34909090909091e-06,0.1202020202020202,,,,,,,,,,,
4.34909090909091e-06,0.12424242424242425,,,,,,,,,,,
4.34909090909091e-06,0.12828282828282828,,,,,,,,,,,
4.34909090909091e-06,0.13232323232323234,,,,,,,,,,,
4.34909090909091e-06,0.13636363636363635,,,,,,,,,,,
4.34909090909091e-06,0.14040404040404042,,,,,,,,,,,
4.34909090909091e-06,0.14444444444444446,,,,,,,,,,,
4.34909090909091e-06,0.1484848484848485,,,,,,,,,,,
4.34909090909091e-06,0.15252525252525254,,,,,,,,,,,
4.34909090909091e-06,0.15656565656565657,,,,,,,,,,,
4.34909090909091e-06,0.1606060606060606,,,,,,,,,,,
4.34909090909091e-06,0.16464646464646465,,,,,,,,,,,
4.34909090909091e-06,0.1686868686868687,,,,,,,,,,,
4.34909090909091e-06,0.17272727272727273,,,,,,,,,,,
4.34909090909091e-06,0.17676767676767677,,,,,,,,,,,
4.34909090909091e-06,0.1808080808080808,,,,,,,,,,,
4.34909090909091e-06,0.18484848484848487,,,,,,,,,,,
4.34909090909091e-06,0.18888888888888888,,,,,,,,,,,
4.34909090909091e-06,0.19292929292929295,,,,,,,,,,,
4.34909090909091e-06,0.19696969696969696,,,,,,,,,,,
4.34909090909091e-06,0.20101010101010103,,,,,,,,,,,
4.34909090909091e-06,0.20505050505050504,,,,,,,,,,,
4.34909090909091e-06,0.2090909090909091,,,,,,,,,,,
4.34909090909091e-06,0.21313131313131314,,,,,,,,,,,
4.34909090909091e-06,0.21717171717171718,,,,,,,,,,,
4.34909090909091e-06,0.22121212121212122,,,,,,,,,,,
4.34909090909091e-06,0.22525252525252526,,,,,,,,,,,
4.34909090909091e-06,0.2292929292929293,,,,,,,,,,,
4.34909090909091e-06,0.23333333333333334,,,,,,,,,,,
4.34909090909091e-06,0.23737373737373738,,,,,,,,,,,
4.34909090909091e-06,0.24141414141414141,,,,,,,,,,,
4.34909090909091e-06,0.24545454545454545,,,,,,,,,,,
4.34909090909091e-06,0.2494949494949495,,,,,,,,,,,
4.34909090909091e-06,0.2535353535353535,,,,,,,,,,,
4.34909090909091e-06,0.25757575757575757,,,,,,,,,,,
4.34909090909091e-06,0.26161616161616164,,,,,,,,,,,
4.34909090909091e-06,0.2656565656565657,,,,,,,,,,,
4.34909090909091e-06,0.2696969696969697,,,,,,,,,,,
4.34909090909091e-06,0.2737373737373737,,,,,,,,,,,
4.34909090909091e-06,0.2777777777777778,,,,,,,,,,,
4.34909090909091e-06,0.28181818181818186,,,,,,,,,,,
4.34909090909091e-06,0.28585858585858587,,,,,,,,,,,
4.34909090909091e-06,0.2898989898989899,,,,,,,,,,,
4.34909090909091e-06,0.29393939393939394,,,,,,,,,,,
4.34909090909091e-06,0.297979797979798,,,,,,,,,,,
4.34909090909091e-06,0.302020202020202,,,,,,,,,,,
4.34909090909091e-06,0.30606060606060603,,,,,,,,,,,
4.34909090909091e-06,0.3101010101010101,,,,,,,,,,,
4.34909090909091e-06,0.31414141414141417,,,,,,,,,,,
4.34909090909091e-06,0.3181818181818182,,,,,,,,,,,
4.34909090909091e-06,0.3222222222222222,,,,,,,,,,,
4.34909090909091e-06,0.32626262626262625,,,,,,,,,,,
4.34909090909091e-06,0.3303030303030303,,,,,,,,,,,
4.34909090909091e-06,0.3343434343434344,,,,,,,,,,,
4.34909090909091e-06,0.3383838383838384,,,,,,,,,,,
4.34909090909091e-06,0.3424242424242424,,,,,,,,,,,
4.34909090909091e-06,0.3464646464646465,,,,,,,,,,,
4.34909090909091e-06,0.35050505050505054,,,,,,,,,,,
4.34909090909091e-06,0.3545454545454545,,,,,,,,,,,
4.34909090909091e-06,0.35858585858585856,,,,,,,,,,,
4.34909090909091e-06,0.36262626262626263,,,,,,,,,,,
4.34909090909091e-06,0.3666666666666667,,,,,,,,,,,
4.34909090909091e-06,0.37070707070707076,,,,,,,,,,,
4.34909090909091e-06,0.3747474747474747,,,,,,,,,,,
4.34909090909091e-06,0.3787878787878788,,,,,,,,,,,
4.34909090909091e-06,0.38282828282828285,,,,,,,,,,,
4.34909090909091e-06,0.3868686868686869,,,,,,,,,,,
4.34909090909091e-06,0.3909090909090909,,,,,,,,,,,
4.34909090909091e-06,0.39494949494949494,,,,,,,,,,,
4.34909090909091e-06,0.398989898989899,,,,,,,,,,,
4.34909090909091e-06,0.40303030303030307,,,,,,,,,,,
4.34909090909091e-06,0.407070707070707,,,,,,,,,,,
4.34909090909091e-06,0.4111111111111111,,,,,,,,,,,
4.34909090909091e-06,0.41515151515151516,,,,,,,,,,,
4.34909090909091e-06,0.4191919191919192,,,,,,,,,,,
4.34909090909091e-06,0.4232323232323232,,,,,,,,,,,
4.34909090909091e-06,0.42727272727272725,,,,,,,,,,,
4.34909090909091e-06,0.4313131313131313,,,,,,,,,,,
4.34909090909091e-06,0.4353535353535354,,,,,,,,,,,
4.34909090909091e-06,0.43939393939393945,,,,,,,,,,,
4.34909090909091e-06,0.4434343434343434,,,,,,,,,,,
4.34909090909091e-06,0.44747474747474747,,,,,,,,,,,
4.34909090909091e-06,0.45151515151515154,,,,,,,,,,,
4.34909090909091e-06,0.4555555555555556,,,,,,,,,,,
4.34909090909091e-06,0.45959595959595956,,,,,,,,,,,
4.34909090909091e-06,0.4636363636363636,,,,,,,,,,,
4.34909090909091e-06,0.4676767676767677,,,,,,,,,,,
4.34909090909091e-06,0.47171717171717176,,,,,,,,,,,
4.34909090909091e-06,0.4757575757575757,,,,,,,,,,,
4.34909090909091e-06,0.4797979797979798,,,,,,,,,,,
4.34909090909091e-06,0.48383838383838385,,,,,,,,,,,
4.34909090909091e-06,0.4878787878787879,,,,,,,,,,,
4.34909090909091e-06,0.491919191919192,,,,,,,,,,,
4.34909090909091e-06,0.49595959595959593,,,,,,,,,,,
4.34909090909091e-06,0.5,,,,,,,,,,,
4.450000000000001e-06,0.1,,,,,,,,,,,
4.450000000000001e-06,0.10404040404040404,,,,,,,,,,,
4.450000000000001e-06,0.10808080808080808,,,,,,,,,,,
4.450000000000001e-06,0.11212121212121212,,,,,,,,,,,
4.450000000000001e-06,0.11616161616161616,,,,,,,,,,,
4.450000000000001e-06,0.1202020202020202,,,,,,,,,,,
4.450000000000001e-06,0.12424242424242425,,,,,,,,,,,
4.450000000000001e-06,0.12828282828282828,,,,,,,,,,,
4.450000000000001e-06,0.13232323232323234,,,,,,,,,,,
4.450000000000001e-06,0.13636363636363635,,,,,,,,,,,
4.450000000000001e-06,0.14040404040404042,,,,,,,,,,,
4.450000000000001e-06,0.14444444444444446,,,,,,,,,,,
4.450000000000001e-06,0.1484848484848485,,,,,,,,,,,
4.450000000000001e-06,0.15252525252525254,,,,,,,,,,,
4.450000000000001e-06,0.15656565656565657,,,,,,,,,,,
4.450000000000001e-06,0.1606060606060606,,,,,,,,,,,
4.450000000000001e-06,0.16464646464646465,,,,,,,,,,,
4.450000000000001e-06,0.1686868686868687,,,,,,,,,,,
4.450000000000001e-06,0.17272727272727273,,,,,,,,,,,
4.450000000000001e-06,0.17676767676767677,,,,,,,,,,,
4.450000000000001e-06,0.1808080808080808,,,,,,,,,,,
4.450000000000001e-06,0.18484848484848487,,,,,,,,,,,
4.450000000000001e-06,0.18888888888888888,,,,,,,,,,,
4.450000000000001e-06,0.19292929292929295,,,,,,,,,,,
4.450000000000001e-06,0.19696969696969696,,,,,,,,,,,
4.450000000000001e-06,0.20101010101010103,,,,,,,,,,,
4.450000000000001e-06,0.20505050505050504,,,,,,,,,,,
4.450000000000001e-06,0.2090909090909091,,,,,,,,,,,
4.450000000000001e-06,0.21313131313131314,,,,,,,,,,,
4.450000000000001e-06,0.21717171717171718,,,,,,,,,,,
4.450000000000001e-06,0.22121212121212122,,,,,,,,,,,
4.450000000000001e-06,0.22525252525252526,,,,,,,,,,,
4.450000000000001e-06,0.2292929292929293,,,,,,,,,,,
4.450000000000001e-06,0.23333333333333334,,,,,,,,,,,
4.450000000000001e-06,0.23737373737373738,,,,,,,,,,,
4.450000000000001e-06,0.24141414141414141,,,,,,,,,,,
4.450000000000001e-06,0.24545454545454545,,,,,,,,,,,
4.450000000000001e-06,0.2494949494949495,,,,,,,,,,,
4.450000000000001e-06,0.2535353535353535,,,,,,,,,,,
4.450000000000001e-06,0.25757575757575757,,,,,,,,,,,
4.450000000000001e-06,0.26161616161616164,,,,,,,,,,,
4.450000000000001e-06,0.2656565656565657,,,,,,,,,,,
4.450000000000001e-06,0.2696969696969697,,,,,,,,,,,
4.450000000000001e-06,0.2737373737373737,,,,,,,,,,,
4.450000000000001e-06,0.2777777777777778,,,,,,,,,,,
4.450000000000001e-06,0.28181818181818186,,,,,,,,,,,
4.450000000000001e-06,0.28585858585858587,,,,,,,,,,,
4.450000000000001e-06,0.2898989898989899,,,,,,,,,,,
4.450000000000001e-06,0.29393939393939394,,,,,,,,,,,
4.450000000000001e-06,0.297979797979798,,,,,,,,,,,
4.450000000000001e-06,0.302020202020202,,,,,,,,,,,
4.450000000000001e-06,0.30606060606060603,,,,,,,,,,,
4.450000000000001e-06,0.3101010101010101,,,,,,,,,,,
4.450000000000001e-06,0.31414141414141417,,,,,,,,,,,
4.450000000000001e-06,0.3181818181818182,,,,,,,,,,,
4.450000000000001e-06,0.3222222222222222,,,,,,,,,,,
4.450000000000001e-06,0.32626262626262625,,,,,,,,,,,
4.450000000000001e-06,0.3303030303030303,,,,,,,,,,,
4.450000000000001e-06,0.3343434343434344,,,,,,,,,,,
4.450000000000001e-06,0.3383838383838384,,,,,,,,,,,
4.450000000000001e-06,0.3424242424242424,,,,,,,,,,,
4.450000000000001e-06,0.3464646464646465,,,,,,,,,,,
4.450000000000001e-06,0.35050505050505054,,,,,,,,,,,
4.450000000000001e-06,0.3545454545454545,,,,,,,,,,,
4.450000000000001e-06,0.35858585858585856,,,,,,,,,,,
4.450000000000001e-06,0.36262626262626263,,,,,,,,,,,
4.450000000000001e-06,0.3666666666666667,,,,,,,,,,,
4.450000000000001e-06,0.37070707070707076,,,,,,,,,,,
4.450000000000001e-06,0.3747474747474747,,,,,,,,,,,
4.450000000000001e-06,0.3787878787878788,,,,,,,,,,,
4.450000000000001e-06,0.38282828282828285,,,,,,,,,,,
4.450000000000001e-06,0.3868686868686869,,,,,,,,,,,
4.450000000000001e-06,0.3909090909090909,,,,,,,,,,,
4.450000000000001e-06,0.39494949494949494,,,,,,,,,,,
4.450000000000001e-06,0.398989898989899,,,,,,,,,,,
4.450000000000001e-06,0.40303030303030307,,,,,,,,,,,
4.450000000000001e-06,0.407070707070707,,,,,,,,,,,
4.450000000000001e-06,0.4111111111111111,,,,,,,,,,,
4.450000000000001e-06,0.41515151515151516,,,,,,,,,,,
4.450000000000001e-06,0.4191919191919192,,,,,,,,,,,
4.450000000000001e-06,0.4232323232323232,,,,,,,,,,,
4.450000000000001e-06,0.42727272727272725,,,,,,,,,,,
4.450000000000001e-06,0.4313131313131313,,,,,,,,,,,
4.450000000000001e-06,0.4353535353535354,,,,,,,,,,,
4.450000000000001e-06,0.43939393939393945,,,,,,,,,,,
4.450000000000001e-06,0.4434343434343434,,,,,,,,,,,
4.450000000000001e-06,0.44747474747474747,,,,,,,,,,,
4.450000000000001e-06,0.45151515151515154,,,,,,,,,,,
4.450000000000001e-06,0.4555555555555556,,,,,,,,,,,
4.450000000000001e-06,0.45959595959595956,,,,,,,,,,,
4.450000000000001e-06,0.4636363636363636,,,,,,,,,,,
4.450000000000001e-06,0.4676767676767677,,,,,,,,,,,
4.450000000000001e-06,0.47171717171717176,,,,,,,,,,,
4.450000000000001e-06,0.4757575757575757,,,,,,,,,,,
4.450000000000001e-06,0.4797979797979798,,,,,,,,,,,
4.450000000000001e-06,0.48383838383838385,,,,,,,,,,,
4.450000000000001e-06,0.4878787878787879,,,,,,,,,,,
4.450000000000001e-06,0.491919191919192,,,,,,,,,,,
4.450000000000001e-06,0.49595959595959593,,,,,,,,,,,
4.450000000000001e-06,0.5,,,,,,,,,,,
4.550909090909091e-06,0.1,,,,,,,,,,,
4.550909090909091e-06,0.10404040404040404,,,,,,,,,,,
4.550909090909091e-06,0.10808080808080808,,,,,,,,,,,
4.550909090909091e-06,0.11212121212121212,,,,,,,,,,,
4.550909090909091e-06,0.11616161616161616,,,,,,,,,,,
4.550909090909091e-06,0.1202020202020202,,,,,,,,,,,
4.550909090909091e-06,0.12424242424242425,,,,,,,,,,,
4.550909090909091e-06,0.12828282828282828,,,,,,,,,,,
4.550909090909091e-06,0.13232323232323234,,,,,,,,,,,
4.550909090909091e-06,0.13636363636363635,,,,,,,,,,,
4.550909090909091e-06,0.14040404040404042,,,,,,,,,,,
4.550909090909091e-06,0.14444444444444446,,,,,,,,,,,
4.550909090909091e-06,0.1484848484848485,,,,,,,,,,,
4.550909090909091e-06,0.15252525252525254,,,,,,,,,,,
4.550909090909091e-06,0.15656565656565657,,,,,,,,,,,
4.550909090909091e-06,0.1606060606060606,,,,,,,,,,,
4.550909090909091e-06,0.16464646464646465,,,,,,,,,,,
4.550909090909091e-06,0.1686868686868687,,,,,,,,,,,
4.550909090909091e-06,0.17272727272727273,,,,,,,,,,,
4.550909090909091e-06,0.17676767676767677,,,,,,,,,,,
4.550909090909091e-06,0.1808080808080808,,,,,,,,,,,
4.550909090909091e-06,0.18484848484848487,,,,,,,,,,,
4.550909090909091e-06,0.18888888888888888,,,,,,,,,,,
4.550909090909091e-06,0.19292929292929295,,,,,,,,,,,
4.550909090909091e-06,0.19696969696969696,,,,,,,,,,,
4.550909090909091e-06,0.20101010101010103,,,,,,,,,,,
4.550909090909091e-06,0.20505050505050504,,,,,,,,,,,
4.550909090909091e-06,0.2090909090909091,,,,,,,,,,,
4.550909090909091e-06,0.21313131313131314,,,,,,,,,,,
4.550909090909091e-06,0.21717171717171718,,,,,,,,,,,
4.550909090909091e-06,0.22121212121212122,,,,,,,,,,,
4.550909090909091e-06,0.22525252525252526,,,,,,,,,,,
4.550909090909091e-06,0.2292929292929293,,,,,,,,,,,
4.550909090909091e-06,0.23333333333333334,,,,,,,,,,,
4.550909090909091e-06,0.23737373737373738,,,,,,,,,,,
4.550909090909091e-06,0.24141414141414141,,,,,,,,,,,
4.550909090909091e-06,0.24545454545454545,,,,,,,,,,,
4.550909090909091e-06,0.2494949494949495,,,,,,,,,,,
4.550909090909091e-06,0.2535353535353535,,,,,,,,,,,
4.550909090909091e-06,0.25757575757575757,,,,,,,,,,,
4.550909090909091e-06,0.26161616161616164,,,,,,,,,,,
4.550909090909091e-06,0.2656565656565657,,,,,,,,,,,
4.550909090909091e-06,0.2696969696969697,,,,,,,,,,,
4.550909090909091e-06,0.2737373737373737,,,,,,,,,,,
4.550909090909091e-06,0.2777777777777778,,,,,,,,,,,
4.550909090909091e-06,0.28181818181818186,,,,,,,,,,,
4.550909090909091e-06,0.28585858585858587,,,,,,,,,,,
4.550909090909091e-06,0.2898989898989899,,,,,,,,,,,
4.550909090909091e-06,0.29393939393939394,,,,,,,,,,,
4.550909090909091e-06,0.297979797979798,,,,,,,,,,,
4.550909090909091e-06,0.302020202020202,,,,,,,,,,,
4.550909090909091e-06,0.30606060606060603,,,,,,,,,,,
4.550909090909091e-06,0.3101010101010101,,,,,,,,,,,
4.550909090909091e-06,0.31414141414141417,,,,,,,,,,,
4.550909090909091e-06,0.3181818181818182,,,,,,,,,,,
4.550909090909091e-06,0.3222222222222222,,,,,,,,,,,
4.550909090909091e-06,0.32626262626262625,,,,,,,,,,,
4.550909090909091e-06,0.3303030303030303,,,,,,,,,,,
4.550909090909091e-06,0.3343434343434344,,,,,,,,,,,
4.550909090909091e-06,0.3383838383838384,,,,,,,,,,,
4.550909090909091e-06,0.3424242424242424,,,,,,,,,,,
4.550909090909091e-06,0.3464646464646465,,,,,,,,,,,
4.550909090909091e-06,0.35050505050505054,,,,,,,,,,,
4.550909090909091e-06,0.3545454545454545,,,,,,,,,,,
4.550909090909091e-06,0.35858585858585856,,,,,,,,,,,
4.550909090909091e-06,0.36262626262626263,,,,,,,,,,,
4.550909090909091e-06,0.3666666666666667,,,,,,,,,,,
4.550909090909091e-06,0.37070707070707076,,,,,,,,,,,
4.550909090909091e-06,0.3747474747474747,,,,,,,,,,,
4.550909090909091e-06,0.3787878787878788,,,,,,,,,,,
4.550909090909091e-06,0.38282828282828285,,,,,,,,,,,
4.550909090909091e-06,0.3868686868686869,,,,,,,,,,,
4.550909090909091e-06,0.3909090909090909,,,,,,,,,,,
4.550909090909091e-06,0.39494949494949494,,,,,,,,,,,
4.550909090909091e-06,0.398989898989899,,,,,,,,,,,
4.550909090909091e-06,0.40303030303030307,,,,,,,,,,,
4.550909090909091e-06,0.407070707070707,,,,,,,,,,,
4.550909090909091e-06,0.4111111111111111,,,,,,,,,,,
4.550909090909091e-06,0.41515151515151516,,,,,,,,,,,
4.550909090909091e-06,0.4191919191919192,,,,,,,,,,,
4.550909090909091e-06,0.4232323232323232,,,,,,,,,,,
4.550909090909091e-06,0.42727272727272725,,,,,,,,,,,
4.550909090909091e-06,0.4313131313131313,,,,,,,,,,,
4.550909090909091e-06,0.4353535353535354,,,,,,,,,,,
4.550909090909091e-06,0.43939393939393945,,,,,,,,,,,
4.550909090909091e-06,0.4434343434343434,,,,,,,,,,,
4.550909090909091e-06,0.44747474747474747,,,,,,,,,,,
4.550909090909091e-06,0.45151515151515154,,,,,,,,,,,
4.550909090909091e-06,0.4555555555555556,,,,,,,,,,,
4.550909090909091e-06,0.45959595959595956,,,,,,,,,,,
4.550909090909091e-06,0.4636363636363636,,,,,,,,,,,
4.550909090909091e-06,0.4676767676767677,,,,,,,,,,,
4.550909090909091e-06,0.47171717171717176,,,,,,,,,,,
4.550909090909091e-06,0.4757575757575757,,,,,,,,,,,
4.550909090909091e-06,0.4797979797979798,,,,,,,,,,,
4.550909090909091e-06,0.48383838383838385,,,,,,,,,,,
4.550909090909091e-06,0.4878787878787879,,,,,,,,,,,
4.550909090909091e-06,0.491919191919192,,,,,,,,,,,
4.550909090909091e-06,0.49595959595959593,,,,,,,,,,,
4.550909090909091e-06,0.5,,,,,,,,,,,
4.651818181818183e-06,0.1,,,,,,,,,,,
4.651818181818183e-06,0.10404040404040404,,,,,,,,,,,
4.651818181818183e-06,0.10808080808080808,,,,,,,,,,,
4.651818181818183e-06,0.11212121212121212,,,,,,,,,,,
4.651818181818183e-06,0.11616161616161616,,,,,,,,,,,
4.651818181818183e-06,0.1202020202020202,,,,,,,,,,,
4.651818181818183e-06,0.12424242424242425,,,,,,,,,,,
4.651818181818183e-06,0.12828282828282828,,,,,,,,,,,
4.651818181818183e-06,0.13232323232323234,,,,,,,,,,,
4.651818181818183e-06,0.13636363636363635,,,,,,,,,,,
4.651818181818183e-06,0.14040404040404042,,,,,,,,,,,
4.651818181818183e-06,0.14444444444444446,,,,,,,,,,,
4.651818181818183e-06,0.1484848484848485,,,,,,,,,,,
4.651818181818183e-06,0.15252525252525254,,,,,,,,,,,
4.651818181818183e-06,0.15656565656565657,,,,,,,,,,,
4.651818181818183e-06,0.1606060606060606,,,,,,,,,,,
4.651818181818183e-06,0.16464646464646465,,,,,,,,,,,
4.651818181818183e-06,0.1686868686868687,,,,,,,,,,,
4.651818181818183e-06,0.17272727272727273,,,,,,,,,,,
4.651818181818183e-06,0.17676767676767677,,,,,,,,,,,
4.651818181818183e-06,0.1808080808080808,,,,,,,,,,,
4.651818181818183e-06,0.18484848484848487,,,,,,,,,,,
4.651818181818183e-06,0.18888888888888888,,,,,,,,,,,
4.651818181818183e-06,0.19292929292929295,,,,,,,,,,,
4.651818181818183e-06,0.19696969696969696,,,,,,,,,,,
4.651818181818183e-06,0.20101010101010103,,,,,,,,,,,
4.651818181818183e-06,0.20505050505050504,,,,,,,,,,,
4.651818181818183e-06,0.2090909090909091,,,,,,,,,,,
4.651818181818183e-06,0.21313131313131314,,,,,,,,,,,
4.651818181818183e-06,0.21717171717171718,,,,,,,,,,,
4.651818181818183e-06,0.22121212121212122,,,,,,,,,,,
4.651818181818183e-06,0.22525252525252526,,,,,,,,,,,
4.651818181818183e-06,0.2292929292929293,,,,,,,,,,,
4.651818181818183e-06,0.23333333333333334,,,,,,,,,,,
4.651818181818183e-06,0.23737373737373738,,,,,,,,,,,
4.651818181818183e-06,0.24141414141414141,,,,,,,,,,,
4.651818181818183e-06,0.24545454545454545,,,,,,,,,,,
4.651818181818183e-06,0.2494949494949495,,,,,,,,,,,
4.651818181818183e-06,0.2535353535353535,,,,,,,,,,,
4.651818181818183e-06,0.25757575757575757,,,,,,,,,,,
4.651818181818183e-06,0.26161616161616164,,,,,,,,,,,
4.651818181818183e-06,0.2656565656565657,,,,,,,,,,,
4.651818181818183e-06,0.2696969696969697,,,,,,,,,,,
4.651818181818183e-06,0.2737373737373737,,,,,,,,,,,
4.651818181818183e-06,0.2777777777777778,,,,,,,,,,,
4.651818181818183e-06,0.28181818181818186,,,,,,,,,,,
4.651818181818183e-06,0.28585858585858587,,,,,,,,,,,
4.651818181818183e-06,0.2898989898989899,,,,,,,,,,,
4.651818181818183e-06,0.29393939393939394,,,,,,,,,,,
4.651818181818183e-06,0.297979797979798,,,,,,,,,,,
4.651818181818183e-06,0.302020202020202,,,,,,,,,,,
4.651818181818183e-06,0.30606060606060603,,,,,,,,,,,
4.651818181818183e-06,0.3101010101010101,,,,,,,,,,,
4.651818181818183e-06,0.31414141414141417,,,,,,,,,,,
4.651818181818183e-06,0.3181818181818182,,,,,,,,,,,
4.651818181818183e-06,0.3222222222222222,,,,,,,,,,,
4.651818181818183e-06,0.32626262626262625,,,,,,,,,,,
4.651818181818183e-06,0.3303030303030303,,,,,,,,,,,
4.651818181818183e-06,0.3343434343434344,,,,,,,,,,,
4.651818181818183e-06,0.3383838383838384,,,,,,,,,,,
4.651818181818183e-06,0.3424242424242424,,,,,,,,,,,
4.651818181818183e-06,0.3464646464646465,,,,,,,,,,,
4.651818181818183e-06,0.35050505050505054,,,,,,,,,,,
4.651818181818183e-06,0.3545454545454545,,,,,,,,,,,
4.651818181818183e-06,0.35858585858585856,,,,,,,,,,,
4.651818181818183e-06,0.36262626262626263,,,,,,,,,,,
4.651818181818183e-06,0.3666666666666667,,,,,,,,,,,
4.651818181818183e-06,0.37070707070707076,,,,,,,,,,,
4.651818181818183e-06,0.3747474747474747,,,,,,,,,,,
4.651818181818183e-06,0.3787878787878788,,,,,,,,,,,
4.651818181818183e-06,0.38282828282828285,,,,,,,,,,,
4.651818181818183e-06,0.3868686868686869,,,,,,,,,,,
4.651818181818183e-06,0.3909090909090909,,,,,,,,,,,
4.651818181818183e-06,0.39494949494949494,,,,,,,,,,,
4.651818181818183e-06,0.398989898989899,,,,,,,,,,,
4.651818181818183e-06,0.40303030303030307,,,,,,,,,,,
4.651818181818183e-06,0.407070707070707,,,,,,,,,,,
4.651818181818183e-06,0.4111111111111111,,,,,,,,,,,
4.651818181818183e-06,0.41515151515151516,,,,,,,,,,,
4.651818181818183e-06,0.4191919191919192,,,,,,,,,,,
4.651818181818183e-06,0.4232323232323232,,,,,,,,,,,
4.651818181818183e-06,0.42727272727272725,,,,,,,,,,,
4.651818181818183e-06,0.4313131313131313,,,,,,,,,,,
4.651818181818183e-06,0.4353535353535354,,,,,,,,,,,
4.651818181818183e-06,0.43939393939393945,,,,,,,,,,,
4.651818181818183e-06,0.4434343434343434,,,,,,,,,,,
4.651818181818183e-06,0.44747474747474747,,,,,,,,,,,
4.651818181818183e-06,0.45151515151515154,,,,,,,,,,,
4.651818181818183e-06,0.4555555555555556,,,,,,,,,,,
4.651818181818183e-06,0.45959595959595956,,,,,,,,,,,
4.651818181818183e-06,0.4636363636363636,,,,,,,,,,,
4.651818181818183e-06,0.4676767676767677,,,,,,,,,,,
4.651818181818183e-06,0.47171717171717176,,,,,,,,,,,
4.651818181818183e-06,0.4757575757575757,,,,,,,,,,,
4.651818181818183e-06,0.4797979797979798,,,,,,,,,,,
4.651818181818183e-06,0.48383838383838385,,,,,,,,,,,
4.651818181818183e-06,0.4878787878787879,,,,,,,,,,,
4.651818181818183e-06,0.491919191919192,,,,,,,,,,,
4.651818181818183e-06,0.49595959595959593,,,,,,,,,,,
4.651818181818183e-06,0.5,,,,,,,,,,,
4.752727272727274e-06,0.1,,,,,,,,,,,
4.752727272727274e-06,0.10404040404040404,,,,,,,,,,,
4.752727272727274e-06,0.10808080808080808,,,,,,,,,,,
4.752727272727274e-06,0.11212121212121212,,,,,,,,,,,
4.752727272727274e-06,0.11616161616161616,,,,,,,,,,,
4.752727272727274e-06,0.1202020202020202,,,,,,,,,,,
4.752727272727274e-06,0.12424242424242425,,,,,,,,,,,
4.752727272727274e-06,0.12828282828282828,,,,,,,,,,,
4.752727272727274e-06,0.13232323232323234,,,,,,,,,,,
4.752727272727274e-06,0.13636363636363635,,,,,,,,,,,
4.752727272727274e-06,0.14040404040404042,,,,,,,,,,,
4.752727272727274e-06,0.14444444444444446,,,,,,,,,,,
4.752727272727274e-06,0.1484848484848485,,,,,,,,,,,
4.752727272727274e-06,0.15252525252525254,,,,,,,,,,,
4.752727272727274e-06,0.15656565656565657,,,,,,,,,,,
4.752727272727274e-06,0.1606060606060606,,,,,,,,,,,
4.752727272727274e-06,0.16464646464646465,,,,,,,,,,,
4.752727272727274e-06,0.1686868686868687,,,,,,,,,,,
4.752727272727274e-06,0.17272727272727273,,,,,,,,,,,
4.752727272727274e-06,0.17676767676767677,,,,,,,,,,,
4.752727272727274e-06,0.1808080808080808,,,,,,,,,,,
4.752727272727274e-06,0.18484848484848487,,,,,,,,,,,
4.752727272727274e-06,0.18888888888888888,,,,,,,,,,,
4.752727272727274e-06,0.19292929292929295,,,,,,,,,,,
4.752727272727274e-06,0.19696969696969696,,,,,,,,,,,
4.752727272727274e-06,0.20101010101010103,,,,,,,,,,,
4.752727272727274e-06,0.20505050505050504,,,,,,,,,,,
4.752727272727274e-06,0.2090909090909091,,,,,,,,,,,
4.752727272727274e-06,0.21313131313131314,,,,,,,,,,,
4.752727272727274e-06,0.21717171717171718,,,,,,,,,,,
4.752727272727274e-06,0.22121212121212122,,,,,,,,,,,
4.752727272727274e-06,0.22525252525252526,,,,,,,,,,,
4.752727272727274e-06,0.2292929292929293,,,,,,,,,,,
4.752727272727274e-06,0.23333333333333334,,,,,,,,,,,
4.752727272727274e-06,0.23737373737373738,,,,,,,,,,,
4.752727272727274e-06,0.24141414141414141,,,,,,,,,,,
4.752727272727274e-06,0.24545454545454545,,,,,,,,,,,
4.752727272727274e-06,0.2494949494949495,,,,,,,,,,,
4.752727272727274e-06,0.2535353535353535,,,,,,,,,,,
4.752727272727274e-06,0.25757575757575757,,,,,,,,,,,
4.752727272727274e-06,0.26161616161616164,,,,,,,,,,,
4.752727272727274e-06,0.2656565656565657,,,,,,,,,,,
4.752727272727274e-06,0.2696969696969697,,,,,,,,,,,
4.752727272727274e-06,0.2737373737373737,,,,,,,,,,,
4.752727272727274e-06,0.2777777777777778,,,,,,,,,,,
4.752727272727274e-06,0.28181818181818186,,,,,,,,,,,
4.752727272727274e-06,0.28585858585858587,,,,,,,,,,,
4.752727272727274e-06,0.2898989898989899,,,,,,,,,,,
4.752727272727274e-06,0.29393939393939394,,,,,,,,,,,
4.752727272727274e-06,0.297979797979798,,,,,,,,,,,
4.752727272727274e-06,0.302020202020202,,,,,,,,,,,
4.752727272727274e-06,0.30606060606060603,,,,,,,,,,,
4.752727272727274e-06,0.3101010101010101,,,,,,,,,,,
4.752727272727274e-06,0.31414141414141417,,,,,,,,,,,
4.752727272727274e-06,0.3181818181818182,,,,,,,,,,,
4.752727272727274e-06,0.3222222222222222,,,,,,,,,,,
4.752727272727274e-06,0.32626262626262625,,,,,,,,,,,
4.752727272727274e-06,0.3303030303030303,,,,,,,,,,,
4.752727272727274e-06,0.3343434343434344,,,,,,,,,,,
4.752727272727274e-06,0.3383838383838384,,,,,,,,,,,
4.752727272727274e-06,0.3424242424242424,,,,,,,,,,,
4.752727272727274e-06,0.3464646464646465,,,,,,,,,,,
4.752727272727274e-06,0.35050505050505054,,,,,,,,,,,
4.752727272727274e-06,0.3545454545454545,,,,,,,,,,,
4.752727272727274e-06,0.35858585858585856,,,,,,,,,,,
4.752727272727274e-06,0.36262626262626263,,,,,,,,,,,
4.752727272727274e-06,0.3666666666666667,,,,,,,,,,,
4.752727272727274e-06,0.37070707070707076,,,,,,,,,,,
4.752727272727274e-06,0.3747474747474747,,,,,,,,,,,
4.752727272727274e-06,0.3787878787878788,,,,,,,,,,,
4.752727272727274e-06,0.38282828282828285,,,,,,,,,,,
4.752727272727274e-06,0.3868686868686869,,,,,,,,,,,
4.752727272727274e-06,0.3909090909090909,,,,,,,,,,,
4.752727272727274e-06,0.39494949494949494,,,,,,,,,,,
4.752727272727274e-06,0.398989898989899,,,,,,,,,,,
4.752727272727274e-06,0.40303030303030307,,,,,,,,,,,
4.752727272727274e-06,0.407070707070707,,,,,,,,,,,
4.752727272727274e-06,0.4111111111111111,,,,,,,,,,,
4.752727272727274e-06,0.41515151515151516,,,,,,,,,,,
4.752727272727274e-06,0.4191919191919192,,,,,,,,,,,
4.752727272727274e-06,0.4232323232323232,,,,,,,,,,,
4.752727272727274e-06,0.42727272727272725,,,,,,,,,,,
4.752727272727274e-06,0.4313131313131313,,,,,,,,,,,
4.752727272727274e-06,0.4353535353535354,,,,,,,,,,,
4.752727272727274e-06,0.43939393939393945,,,,,,,,,,,
4.752727272727274e-06,0.4434343434343434,,,,,,,,,,,
4.752727272727274e-06,0.44747474747474747,,,,,,,,,,,
4.752727272727274e-06,0.45151515151515154,,,,,,,,,,,
4.752727272727274e-06,0.4555555555555556,,,,,,,,,,,
4.752727272727274e-06,0.45959595959595956,,,,,,,,,,,
4.752727272727274e-06,0.4636363636363636,,,,,,,,,,,
4.752727272727274e-06,0.4676767676767677,,,,,,,,,,,
4.752727272727274e-06,0.47171717171717176,,,,,,,,,,,
4.752727272727274e-06,0.4757575757575757,,,,,,,,,,,
4.752727272727274e-06,0.4797979797979798,,,,,,,,,,,
4.752727272727274e-06,0.48383838383838385,,,,,,,,,,,
4.752727272727274e-06,0.4878787878787879,,,,,,,,,,,
4.752727272727274e-06,0.491919191919192,,,,,,,,,,,
4.752727272727274e-06,0.49595959595959593,,,,,,,,,,,
4.752727272727274e-06,0.5,,,,,,,,,,,
4.853636363636364e-06,0.1,,,,,,,,,,,
4.853636363636364e-06,0.10404040404040404,,,,,,,,,,,
4.853636363636364e-06,0.10808080808080808,,,,,,,,,,,
4.853636363636364e-06,0.11212121212121212,,,,,,,,,,,
4.853636363636364e-06,0.11616161616161616,,,,,,,,,,,
4.853636363636364e-06,0.1202020202020202,,,,,,,,,,,
4.853636363636364e-06,0.12424242424242425,,,,,,,,,,,
4.853636363636364e-06,0.12828282828282828,,,,,,,,,,,
4.853636363636364e-06,0.13232323232323234,,,,,,,,,,,
4.853636363636364e-06,0.13636363636363635,,,,,,,,,,,
4.853636363636364e-06,0.14040404040404042,,,,,,,,,,,
4.853636363636364e-06,0.14444444444444446,,,,,,,,,,,
4.853636363636364e-06,0.1484848484848485,,,,,,,,,,,
4.853636363636364e-06,0.15252525252525254,,,,,,,,,,,
4.853636363636364e-06,0.15656565656565657,,,,,,,,,,,
4.853636363636364e-06,0.1606060606060606,,,,,,,,,,,
4.853636363636364e-06,0.16464646464646465,,,,,,,,,,,
4.853636363636364e-06,0.1686868686868687,,,,,,,,,,,
4.853636363636364e-06,0.17272727272727273,,,,,,,,,,,
4.853636363636364e-06,0.17676767676767677,,,,,,,,,,,
4.853636363636364e-06,0.1808080808080808,,,,,,,,,,,
4.853636363636364e-06,0.18484848484848487,,,,,,,,,,,
4.853636363636364e-06,0.18888888888888888,,,,,,,,,,,
4.853636363636364e-06,0.19292929292929295,,,,,,,,,,,
4.853636363636364e-06,0.19696969696969696,,,,,,,,,,,
4.853636363636364e-06,0.20101010101010103,,,,,,,,,,,
4.853636363636364e-06,0.20505050505050504,,,,,,,,,,,
4.853636363636364e-06,0.2090909090909091,,,,,,,,,,,
4.853636363636364e-06,0.21313131313131314,,,,,,,,,,,
4.853636363636364e-06,0.21717171717171718,,,,,,,,,,,
4.853636363636364e-06,0.22121212121212122,,,,,,,,,,,
4.853636363636364e-06,0.22525252525252526,,,,,,,,,,,
4.853636363636364e-06,0.2292929292929293,,,,,,,,,,,
4.853636363636364e-06,0.23333333333333334,,,,,,,,,,,
4.853636363636364e-06,0.23737373737373738,,,,,,,,,,,
4.853636363636364e-06,0.24141414141414141,,,,,,,,,,,
4.853636363636364e-06,0.24545454545454545,,,,,,,,,,,
4.853636363636364e-06,0.2494949494949495,,,,,,,,,,,
4.853636363636364e-06,0.2535353535353535,,,,,,,,,,,
4.853636363636364e-06,0.25757575757575757,,,,,,,,,,,
4.853636363636364e-06,0.26161616161616164,,,,,,,,,,,
4.853636363636364e-06,0.2656565656565657,,,,,,,,,,,
4.853636363636364e-06,0.2696969696969697,,,,,,,,,,,
4.853636363636364e-06,0.2737373737373737,,,,,,,,,,,
4.853636363636364e-06,0.2777777777777778,,,,,,,,,,,
4.853636363636364e-06,0.28181818181818186,,,,,,,,,,,
4.853636363636364e-06,0.28585858585858587,,,,,,,,,,,
4.853636363636364e-06,0.2898989898989899,,,,,,,,,,,
4.853636363636364e-06,0.29393939393939394,,,,,,,,,,,
4.853636363636364e-06,0.297979797979798,,,,,,,,,,,
4.853636363636364e-06,0.302020202020202,,,,,,,,,,,
4.853636363636364e-06,0.30606060606060603,,,,,,,,,,,
4.853636363636364e-06,0.3101010101010101,,,,,,,,,,,
4.853636363636364e-06,0.31414141414141417,,,,,,,,,,,
4.853636363636364e-06,0.3181818181818182,,,,,,,,,,,
4.853636363636364e-06,0.3222222222222222,,,,,,,,,,,
4.853636363636364e-06,0.32626262626262625,,,,,,,,,,,
4.853636363636364e-06,0.3303030303030303,,,,,,,,,,,
4.853636363636364e-06,0.3343434343434344,,,,,,,,,,,
4.853636363636364e-06,0.3383838383838384,,,,,,,,,,,
4.853636363636364e-06,0.3424242424242424,,,,,,,,,,,
4.853636363636364e-06,0.3464646464646465,,,,,,,,,,,
4.853636363636364e-06,0.35050505050505054,,,,,,,,,,,
4.853636363636364e-06,0.3545454545454545,,,,,,,,,,,
4.853636363636364e-06,0.35858585858585856,,,,,,,,,,,
4.853636363636364e-06,0.36262626262626263,,,,,,,,,,,
4.853636363636364e-06,0.3666666666666667,,,,,,,,,,,
4.853636363636364e-06,0.37070707070707076,,,,,,,,,,,
4.853636363636364e-06,0.3747474747474747,,,,,,,,,,,
4.853636363636364e-06,0.3787878787878788,,,,,,,,,,,
4.853636363636364e-06,0.38282828282828285,,,,,,,,,,,
4.853636363636364e-06,0.3868686868686869,,,,,,,,,,,
4.853636363636364e-06,0.3909090909090909,,,,,,,,,,,
4.853636363636364e-06,0.39494949494949494,,,,,,,,,,,
4.853636363636364e-06,0.398989898989899,,,,,,,,,,,
4.853636363636364e-06,0.40303030303030307,,,,,,,,,,,
4.853636363636364e-06,0.407070707070707,,,,,,,,,,,
4.853636363636364e-06,0.4111111111111111,,,,,,,,,,,
4.853636363636364e-06,0.41515151515151516,,,,,,,,,,,
4.853636363636364e-06,0.4191919191919192,,,,,,,,,,,
4.853636363636364e-06,0.4232323232323232,,,,,,,,,,,
4.853636363636364e-06,0.42727272727272725,,,,,,,,,,,
4.853636363636364e-06,0.4313131313131313,,,,,,,,,,,
4.853636363636364e-06,0.4353535353535354,,,,,,,,,,,
4.853636363636364e-06,0.43939393939393945,,,,,,,,,,,
4.853636363636364e-06,0.4434343434343434,,,,,,,,,,,
4.853636363636364e-06,0.44747474747474747,,,,,,,,,,,
4.853636363636364e-06,0.45151515151515154,,,,,,,,,,,
4.853636363636364e-06,0.4555555555555556,,,,,,,,,,,
4.853636363636364e-06,0.45959595959595956,,,,,,,,,,,
4.853636363636364e-06,0.4636363636363636,,,,,,,,,,,
4.853636363636364e-06,0.4676767676767677,,,,,,,,,,,
4.853636363636364e-06,0.47171717171717176,,,,,,,,,,,
4.853636363636364e-06,0.4757575757575757,,,,,,,,,,,
4.853636363636364e-06,0.4797979797979798,,,,,,,,,,,
4.853636363636364e-06,0.48383838383838385,,,,,,,,,,,
4.853636363636364e-06,0.4878787878787879,,,,,,,,,,,
4.853636363636364e-06,0.491919191919192,,,,,,,,,,,
4.853636363636364e-06,0.49595959595959593,,,,,,,,,,,
4.853636363636364e-06,0.5,,,,,,,,,,,
4.954545454545455e-06,0.1,,,,,,,,,,,
4.954545454545455e-06,0.10404040404040404,,,,,,,,,,,
4.954545454545455e-06,0.10808080808080808,,,,,,,,,,,
4.954545454545455e-06,0.11212121212121212,,,,,,,,,,,
4.954545454545455e-06,0.11616161616161616,,,,,,,,,,,
4.954545454545455e-06,0.1202020202020202,,,,,,,,,,,
4.954545454545455e-06,0.12424242424242425,,,,,,,,,,,
4.954545454545455e-06,0.12828282828282828,,,,,,,,,,,
4.954545454545455e-06,0.13232323232323234,,,,,,,,,,,
4.954545454545455e-06,0.13636363636363635,,,,,,,,,,,
4.954545454545455e-06,0.14040404040404042,,,,,,,,,,,
4.954545454545455e-06,0.14444444444444446,,,,,,,,,,,
4.954545454545455e-06,0.1484848484848485,,,,,,,,,,,
4.954545454545455e-06,0.15252525252525254,,,,,,,,,,,
4.954545454545455e-06,0.15656565656565657,,,,,,,,,,,
4.954545454545455e-06,0.1606060606060606,,,,,,,,,,,
4.954545454545455e-06,0.16464646464646465,,,,,,,,,,,
4.954545454545455e-06,0.1686868686868687,,,,,,,,,,,
4.954545454545455e-06,0.17272727272727273,,,,,,,,,,,
4.954545454545455e-06,0.17676767676767677,,,,,,,,,,,
4.954545454545455e-06,0.1808080808080808,,,,,,,,,,,
4.954545454545455e-06,0.18484848484848487,,,,,,,,,,,
4.954545454545455e-06,0.18888888888888888,,,,,,,,,,,
4.954545454545455e-06,0.19292929292929295,,,,,,,,,,,
4.954545454545455e-06,0.19696969696969696,,,,,,,,,,,
4.954545454545455e-06,0.20101010101010103,,,,,,,,,,,
4.954545454545455e-06,0.20505050505050504,,,,,,,,,,,
4.954545454545455e-06,0.2090909090909091,,,,,,,,,,,
4.954545454545455e-06,0.21313131313131314,,,,,,,,,,,
4.954545454545455e-06,0.21717171717171718,,,,,,,,,,,
4.954545454545455e-06,0.22121212121212122,,,,,,,,,,,
4.954545454545455e-06,0.22525252525252526,,,,,,,,,,,
4.954545454545455e-06,0.2292929292929293,,,,,,,,,,,
4.954545454545455e-06,0.23333333333333334,,,,,,,,,,,
4.954545454545455e-06,0.23737373737373738,,,,,,,,,,,
4.954545454545455e-06,0.24141414141414141,,,,,,,,,,,
4.954545454545455e-06,0.24545454545454545,,,,,,,,,,,
4.954545454545455e-06,0.2494949494949495,,,,,,,,,,,
4.954545454545455e-06,0.2535353535353535,,,,,,,,,,,
4.954545454545455e-06,0.25757575757575757,,,,,,,,,,,
4.954545454545455e-06,0.26161616161616164,,,,,,,,,,,
4.954545454545455e-06,0.2656565656565657,,,,,,,,,,,
4.954545454545455e-06,0.2696969696969697,,,,,,,,,,,
4.954545454545455e-06,0.2737373737373737,,,,,,,,,,,
4.954545454545455e-06,0.2777777777777778,,,,,,,,,,,
4.954545454545455e-06,0.28181818181818186,,,,,,,,,,,
4.954545454545455e-06,0.28585858585858587,,,,,,,,,,,
4.954545454545455e-06,0.2898989898989899,,,,,,,,,,,
4.954545454545455e-06,0.29393939393939394,,,,,,,,,,,
4.954545454545455e-06,0.297979797979798,,,,,,,,,,,
4.954545454545455e-06,0.302020202020202,,,,,,,,,,,
4.954545454545455e-06,0.30606060606060603,,,,,,,,,,,
4.954545454545455e-06,0.3101010101010101,,,,,,,,,,,
4.954545454545455e-06,0.31414141414141417,,,,,,,,,,,
4.954545454545455e-06,0.3181818181818182,,,,,,,,,,,
4.954545454545455e-06,0.3222222222222222,,,,,,,,,,,
4.954545454545455e-06,0.32626262626262625,,,,,,,,,,,
4.954545454545455e-06,0.3303030303030303,,,,,,,,,,,
4.954545454545455e-06,0.3343434343434344,,,,,,,,,,,
4.954545454545455e-06,0.3383838383838384,,,,,,,,,,,
4.954545454545455e-06,0.3424242424242424,,,,,,,,,,,
4.954545454545455e-06,0.3464646464646465,,,,,,,,,,,
4.954545454545455e-06,0.35050505050505054,,,,,,,,,,,
4.954545454545455e-06,0.3545454545454545,,,,,,,,,,,
4.954545454545455e-06,0.35858585858585856,,,,,,,,,,,
4.954545454545455e-06,0.36262626262626263,,,,,,,,,,,
4.954545454545455e-06,0.3666666666666667,,,,,,,,,,,
4.954545454545455e-06,0.37070707070707076,,,,,,,,,,,
4.954545454545455e-06,0.3747474747474747,,,,,,,,,,,
4.954545454545455e-06,0.3787878787878788,,,,,,,,,,,
4.954545454545455e-06,0.38282828282828285,,,,,,,,,,,
4.954545454545455e-06,0.3868686868686869,,,,,,,,,,,
4.954545454545455e-06,0.3909090909090909,,,,,,,,,,,
4.954545454545455e-06,0.39494949494949494,,,,,,,,,,,
4.954545454545455e-06,0.398989898989899,,,,,,,,,,,
4.954545454545455e-06,0.40303030303030307,,,,,,,,,,,
4.954545454545455e-06,0.407070707070707,,,,,,,,,,,
4.954545454545455e-06,0.4111111111111111,,,,,,,,,,,
4.954545454545455e-06,0.41515151515151516,,,,,,,,,,,
4.954545454545455e-06,0.4191919191919192,,,,,,,,,,,
4.954545454545455e-06,0.4232323232323232,,,,,,,,,,,
4.954545454545455e-06,0.42727272727272725,,,,,,,,,,,
4.954545454545455e-06,0.4313131313131313,,,,,,,,,,,
4.954545454545455e-06,0.4353535353535354,,,,,,,,,,,
4.954545454545455e-06,0.43939393939393945,,,,,,,,,,,
4.954545454545455e-06,0.4434343434343434,,,,,,,,,,,
4.954545454545455e-06,0.44747474747474747,,,,,,,,,,,
4.954545454545455e-06,0.45151515151515154,,,,,,,,,,,
4.954545454545455e-06,0.4555555555555556,,,,,,,,,,,
4.954545454545455e-06,0.45959595959595956,,,,,,,,,,,
4.954545454545455e-06,0.4636363636363636,,,,,,,,,,,
4.954545454545455e-06,0.4676767676767677,,,,,,,,,,,
4.954545454545455e-06,0.47171717171717176,,,,,,,,,,,
4.954545454545455e-06,0.4757575757575757,,,,,,,,,,,
4.954545454545455e-06,0.4797979797979798,,,,,,,,,,,
4.954545454545455e-06,0.48383838383838385,,,,,,,,,,,
4.954545454545455e-06,0.4878787878787879,,,,,,,,,,,
4.954545454545455e-06,0.491919191919192,,,,,,,,,,,
4.954545454545455e-06,0.49595959595959593,,,,,,,,,,,
4.954545454545455e-06,0.5,,,,,,,,,,,
5.055454545454546e-06,0.1,,,,,,,,,,,
5.055454545454546e-06,0.10404040404040404,,,,,,,,,,,
5.055454545454546e-06,0.10808080808080808,,,,,,,,,,,
5.055454545454546e-06,0.11212121212121212,,,,,,,,,,,
5.055454545454546e-06,0.11616161616161616,,,,,,,,,,,
5.055454545454546e-06,0.1202020202020202,,,,,,,,,,,
5.055454545454546e-06,0.12424242424242425,,,,,,,,,,,
5.055454545454546e-06,0.12828282828282828,,,,,,,,,,,
5.055454545454546e-06,0.13232323232323234,,,,,,,,,,,
5.055454545454546e-06,0.13636363636363635,,,,,,,,,,,
5.055454545454546e-06,0.14040404040404042,,,,,,,,,,,
5.055454545454546e-06,0.14444444444444446,,,,,,,,,,,
5.055454545454546e-06,0.1484848484848485,,,,,,,,,,,
5.055454545454546e-06,0.15252525252525254,,,,,,,,,,,
5.055454545454546e-06,0.15656565656565657,,,,,,,,,,,
5.055454545454546e-06,0.1606060606060606,,,,,,,,,,,
5.055454545454546e-06,0.16464646464646465,,,,,,,,,,,
5.055454545454546e-06,0.1686868686868687,,,,,,,,,,,
5.055454545454546e-06,0.17272727272727273,,,,,,,,,,,
5.055454545454546e-06,0.17676767676767677,,,,,,,,,,,
5.055454545454546e-06,0.1808080808080808,,,,,,,,,,,
5.055454545454546e-06,0.18484848484848487,,,,,,,,,,,
5.055454545454546e-06,0.18888888888888888,,,,,,,,,,,
5.055454545454546e-06,0.19292929292929295,,,,,,,,,,,
5.055454545454546e-06,0.19696969696969696,,,,,,,,,,,
5.055454545454546e-06,0.20101010101010103,,,,,,,,,,,
5.055454545454546e-06,0.20505050505050504,,,,,,,,,,,
5.055454545454546e-06,0.2090909090909091,,,,,,,,,,,
5.055454545454546e-06,0.21313131313131314,,,,,,,,,,,
5.055454545454546e-06,0.21717171717171718,,,,,,,,,,,
5.055454545454546e-06,0.22121212121212122,,,,,,,,,,,
5.055454545454546e-06,0.22525252525252526,,,,,,,,,,,
5.055454545454546e-06,0.2292929292929293,,,,,,,,,,,
5.055454545454546e-06,0.23333333333333334,,,,,,,,,,,
5.055454545454546e-06,0.23737373737373738,,,,,,,,,,,
5.055454545454546e-06,0.24141414141414141,,,,,,,,,,,
5.055454545454546e-06,0.24545454545454545,,,,,,,,,,,
5.055454545454546e-06,0.2494949494949495,,,,,,,,,,,
5.055454545454546e-06,0.2535353535353535,,,,,,,,,,,
5.055454545454546e-06,0.25757575757575757,,,,,,,,,,,
5.055454545454546e-06,0.26161616161616164,,,,,,,,,,,
5.055454545454546e-06,0.2656565656565657,,,,,,,,,,,
5.055454545454546e-06,0.2696969696969697,,,,,,,,,,,
5.055454545454546e-06,0.2737373737373737,,,,,,,,,,,
5.055454545454546e-06,0.2777777777777778,,,,,,,,,,,
5.055454545454546e-06,0.28181818181818186,,,,,,,,,,,
5.055454545454546e-06,0.28585858585858587,,,,,,,,,,,
5.055454545454546e-06,0.2898989898989899,,,,,,,,,,,
5.055454545454546e-06,0.29393939393939394,,,,,,,,,,,
5.055454545454546e-06,0.297979797979798,,,,,,,,,,,
5.055454545454546e-06,0.302020202020202,,,,,,,,,,,
5.055454545454546e-06,0.30606060606060603,,,,,,,,,,,
5.055454545454546e-06,0.3101010101010101,,,,,,,,,,,
5.055454545454546e-06,0.31414141414141417,,,,,,,,,,,
5.055454545454546e-06,0.3181818181818182,,,,,,,,,,,
5.055454545454546e-06,0.3222222222222222,,,,,,,,,,,
5.055454545454546e-06,0.32626262626262625,,,,,,,,,,,
5.055454545454546e-06,0.3303030303030303,,,,,,,,,,,
5.055454545454546e-06,0.3343434343434344,,,,,,,,,,,
5.055454545454546e-06,0.3383838383838384,,,,,,,,,,,
5.055454545454546e-06,0.3424242424242424,,,,,,,,,,,
5.055454545454546e-06,0.3464646464646465,,,,,,,,,,,
5.055454545454546e-06,0.35050505050505054,,,,,,,,,,,
5.055454545454546e-06,0.3545454545454545,,,,,,,,,,,
5.055454545454546e-06,0.35858585858585856,,,,,,,,,,,
5.055454545454546e-06,0.36262626262626263,,,,,,,,,,,
5.055454545454546e-06,0.3666666666666667,,,,,,,,,,,
5.055454545454546e-06,0.37070707070707076,,,,,,,,,,,
5.055454545454546e-06,0.3747474747474747,,,,,,,,,,,
5.055454545454546e-06,0.3787878787878788,,,,,,,,,,,
5.055454545454546e-06,0.38282828282828285,,,,,,,,,,,
5.055454545454546e-06,0.3868686868686869,,,,,,,,,,,
5.055454545454546e-06,0.3909090909090909,,,,,,,,,,,
5.055454545454546e-06,0.39494949494949494,,,,,,,,,,,
5.055454545454546e-06,0.398989898989899,,,,,,,,,,,
5.055454545454546e-06,0.40303030303030307,,,,,,,,,,,
5.055454545454546e-06,0.407070707070707,,,,,,,,,,,
5.055454545454546e-06,0.4111111111111111,,,,,,,,,,,
5.055454545454546e-06,0.41515151515151516,,,,,,,,,,,
5.055454545454546e-06,0.4191919191919192,,,,,,,,,,,
5.055454545454546e-06,0.4232323232323232,,,,,,,,,,,
5.055454545454546e-06,0.42727272727272725,,,,,,,,,,,
5.055454545454546e-06,0.4313131313131313,,,,,,,,,,,
5.055454545454546e-06,0.4353535353535354,,,,,,,,,,,
5.055454545454546e-06,0.43939393939393945,,,,,,,,,,,
5.055454545454546e-06,0.4434343434343434,,,,,,,,,,,
5.055454545454546e-06,0.44747474747474747,,,,,,,,,,,
5.055454545454546e-06,0.45151515151515154,,,,,,,,,,,
5.055454545454546e-06,0.4555555555555556,,,,,,,,,,,
5.055454545454546e-06,0.45959595959595956,,,,,,,,,,,
5.055454545454546e-06,0.4636363636363636,,,,,,,,,,,
5.055454545454546e-06,0.4676767676767677,,,,,,,,,,,
5.055454545454546e-06,0.47171717171717176,,,,,,,,,,,
5.055454545454546e-06,0.4757575757575757,,,,,,,,,,,
5.055454545454546e-06,0.4797979797979798,,,,,,,,,,,
5.055454545454546e-06,0.48383838383838385,,,,,,,,,,,
5.055454545454546e-06,0.4878787878787879,,,,,,,,,,,
5.055454545454546e-06,0.491919191919192,,,,,,,,,,,
5.055454545454546e-06,0.49595959595959593,,,,,,,,,,,
5.055454545454546e-06,0.5,,,,,,,,,,,
5.156363636363637e-06,0.1,,,,,,,,,,,
5.156363636363637e-06,0.10404040404040404,,,,,,,,,,,
5.156363636363637e-06,0.10808080808080808,,,,,,,,,,,
5.156363636363637e-06,0.11212121212121212,,,,,,,,,,,
5.156363636363637e-06,0.11616161616161616,,,,,,,,,,,
5.156363636363637e-06,0.1202020202020202,,,,,,,,,,,
5.156363636363637e-06,0.12424242424242425,,,,,,,,,,,
5.156363636363637e-06,0.12828282828282828,,,,,,,,,,,
5.156363636363637e-06,0.13232323232323234,,,,,,,,,,,
5.156363636363637e-06,0.13636363636363635,,,,,,,,,,,
5.156363636363637e-06,0.14040404040404042,,,,,,,,,,,
5.156363636363637e-06,0.14444444444444446,,,,,,,,,,,
5.156363636363637e-06,0.1484848484848485,,,,,,,,,,,
5.156363636363637e-06,0.15252525252525254,,,,,,,,,,,
5.156363636363637e-06,0.15656565656565657,,,,,,,,,,,
5.156363636363637e-06,0.1606060606060606,,,,,,,,,,,
5.156363636363637e-06,0.16464646464646465,,,,,,,,,,,
5.156363636363637e-06,0.1686868686868687,,,,,,,,,,,
5.156363636363637e-06,0.17272727272727273,,,,,,,,,,,
5.156363636363637e-06,0.17676767676767677,,,,,,,,,,,
5.156363636363637e-06,0.1808080808080808,,,,,,,,,,,
5.156363636363637e-06,0.18484848484848487,,,,,,,,,,,
5.156363636363637e-06,0.18888888888888888,,,,,,,,,,,
5.156363636363637e-06,0.19292929292929295,,,,,,,,,,,
5.156363636363637e-06,0.19696969696969696,,,,,,,,,,,
5.156363636363637e-06,0.20101010101010103,,,,,,,,,,,
5.156363636363637e-06,0.20505050505050504,,,,,,,,,,,
5.156363636363637e-06,0.2090909090909091,,,,,,,,,,,
5.156363636363637e-06,0.21313131313131314,,,,,,,,,,,
5.156363636363637e-06,0.21717171717171718,,,,,,,,,,,
5.156363636363637e-06,0.22121212121212122,,,,,,,,,,,
5.156363636363637e-06,0.22525252525252526,,,,,,,,,,,
5.156363636363637e-06,0.2292929292929293,,,,,,,,,,,
5.156363636363637e-06,0.23333333333333334,,,,,,,,,,,
5.156363636363637e-06,0.23737373737373738,,,,,,,,,,,
5.156363636363637e-06,0.24141414141414141,,,,,,,,,,,
5.156363636363637e-06,0.24545454545454545,,,,,,,,,,,
5.156363636363637e-06,0.2494949494949495,,,,,,,,,,,
5.156363636363637e-06,0.2535353535353535,,,,,,,,,,,
5.156363636363637e-06,0.25757575757575757,,,,,,,,,,,
5.156363636363637e-06,0.26161616161616164,,,,,,,,,,,
5.156363636363637e-06,0.2656565656565657,,,,,,,,,,,
5.156363636363637e-06,0.2696969696969697,,,,,,,,,,,
5.156363636363637e-06,0.2737373737373737,,,,,,,,,,,
5.156363636363637e-06,0.2777777777777778,,,,,,,,,,,
5.156363636363637e-06,0.28181818181818186,,,,,,,,,,,
5.156363636363637e-06,0.28585858585858587,,,,,,,,,,,
5.156363636363637e-06,0.2898989898989899,,,,,,,,,,,
5.156363636363637e-06,0.29393939393939394,,,,,,,,,,,
5.156363636363637e-06,0.297979797979798,,,,,,,,,,,
5.156363636363637e-06,0.302020202020202,,,,,,,,,,,
5.156363636363637e-06,0.30606060606060603,,,,,,,,,,,
5.156363636363637e-06,0.3101010101010101,,,,,,,,,,,
5.156363636363637e-06,0.31414141414141417,,,,,,,,,,,
5.156363636363637e-06,0.3181818181818182,,,,,,,,,,,
5.156363636363637e-06,0.3222222222222222,,,,,,,,,,,
5.156363636363637e-06,0.32626262626262625,,,,,,,,,,,
5.156363636363637e-06,0.3303030303030303,,,,,,,,,,,
5.156363636363637e-06,0.3343434343434344,,,,,,,,,,,
5.156363636363637e-06,0.3383838383838384,,,,,,,,,,,
5.156363636363637e-06,0.3424242424242424,,,,,,,,,,,
5.156363636363637e-06,0.3464646464646465,,,,,,,,,,,
5.156363636363637e-06,0.35050505050505054,,,,,,,,,,,
5.156363636363637e-06,0.3545454545454545,,,,,,,,,,,
5.156363636363637e-06,0.35858585858585856,,,,,,,,,,,
5.156363636363637e-06,0.36262626262626263,,,,,,,,,,,
5.156363636363637e-06,0.3666666666666667,,,,,,,,,,,
5.156363636363637e-06,0.37070707070707076,,,,,,,,,,,
5.156363636363637e-06,0.3747474747474747,,,,,,,,,,,
5.156363636363637e-06,0.3787878787878788,,,,,,,,,,,
5.156363636363637e-06,0.38282828282828285,,,,,,,,,,,
5.156363636363637e-06,0.3868686868686869,,,,,,,,,,,
5.156363636363637e-06,0.3909090909090909,,,,,,,,,,,
5.156363636363637e-06,0.39494949494949494,,,,,,,,,,,
5.156363636363637e-06,0.398989898989899,,,,,,,,,,,
5.156363636363637e-06,0.40303030303030307,,,,,,,,,,,
5.156363636363637e-06,0.407070707070707,,,,,,,,,,,
5.156363636363637e-06,0.4111111111111111,,,,,,,,,,,
5.156363636363637e-06,0.41515151515151516,,,,,,,,,,,
5.156363636363637e-06,0.4191919191919192,,,,,,,,,,,
5.156363636363637e-06,0.4232323232323232,,,,,,,,,,,
5.156363636363637e-06,0.42727272727272725,,,,,,,,,,,
5.156363636363637e-06,0.4313131313131313,,,,,,,,,,,
5.156363636363637e-06,0.4353535353535354,,,,,,,,,,,
5.156363636363637e-06,0.43939393939393945,,,,,,,,,,,
5.156363636363637e-06,0.4434343434343434,,,,,,,,,,,
5.156363636363637e-06,0.44747474747474747,,,,,,,,,,,
5.156363636363637e-06,0.45151515151515154,,,,,,,,,,,
5.156363636363637e-06,0.4555555555555556,,,,,,,,,,,
5.156363636363637e-06,0.45959595959595956,,,,,,,,,,,
5.156363636363637e-06,0.4636363636363636,,,,,,,,,,,
5.156363636363637e-06,0.4676767676767677,,,,,,,,,,,
5.156363636363637e-06,0.47171717171717176,,,,,,,,,,,
5.156363636363637e-06,0.4757575757575757,,,,,,,,,,,
5.156363636363637e-06,0.4797979797979798,,,,,,,,,,,
5.156363636363637e-06,0.48383838383838385,,,,,,,,,,,
5.156363636363637e-06,0.4878787878787879,,,,,,,,,,,
5.156363636363637e-06,0.491919191919192,,,,,,,,,,,
5.156363636363637e-06,0.49595959595959593,,,,,,,,,,,
5.156363636363637e-06,0.5,,,,,,,,,,,
5.257272727272728e-06,0.1,,,,,,,,,,,
5.257272727272728e-06,0.10404040404040404,,,,,,,,,,,
5.257272727272728e-06,0.10808080808080808,,,,,,,,,,,
5.257272727272728e-06,0.11212121212121212,,,,,,,,,,,
5.257272727272728e-06,0.11616161616161616,,,,,,,,,,,
5.257272727272728e-06,0.1202020202020202,,,,,,,,,,,
5.257272727272728e-06,0.12424242424242425,,,,,,,,,,,
5.257272727272728e-06,0.12828282828282828,,,,,,,,,,,
5.257272727272728e-06,0.13232323232323234,,,,,,,,,,,
5.257272727272728e-06,0.13636363636363635,,,,,,,,,,,
5.257272727272728e-06,0.14040404040404042,,,,,,,,,,,
5.257272727272728e-06,0.14444444444444446,,,,,,,,,,,
5.257272727272728e-06,0.1484848484848485,,,,,,,,,,,
5.257272727272728e-06,0.15252525252525254,,,,,,,,,,,
5.257272727272728e-06,0.15656565656565657,,,,,,,,,,,
5.257272727272728e-06,0.1606060606060606,,,,,,,,,,,
5.257272727272728e-06,0.16464646464646465,,,,,,,,,,,
5.257272727272728e-06,0.1686868686868687,,,,,,,,,,,
5.257272727272728e-06,0.17272727272727273,,,,,,,,,,,
5.257272727272728e-06,0.17676767676767677,,,,,,,,,,,
5.257272727272728e-06,0.1808080808080808,,,,,,,,,,,
5.257272727272728e-06,0.18484848484848487,,,,,,,,,,,
5.257272727272728e-06,0.18888888888888888,,,,,,,,,,,
5.257272727272728e-06,0.19292929292929295,,,,,,,,,,,
5.257272727272728e-06,0.19696969696969696,,,,,,,,,,,
5.257272727272728e-06,0.20101010101010103,,,,,,,,,,,
5.257272727272728e-06,0.20505050505050504,,,,,,,,,,,
5.257272727272728e-06,0.2090909090909091,,,,,,,,,,,
5.257272727272728e-06,0.21313131313131314,,,,,,,,,,,
5.257272727272728e-06,0.21717171717171718,,,,,,,,,,,
5.257272727272728e-06,0.22121212121212122,,,,,,,,,,,
5.257272727272728e-06,0.22525252525252526,,,,,,,,,,,
5.257272727272728e-06,0.2292929292929293,,,,,,,,,,,
5.257272727272728e-06,0.23333333333333334,,,,,,,,,,,
5.257272727272728e-06,0.23737373737373738,,,,,,,,,,,
5.257272727272728e-06,0.24141414141414141,,,,,,,,,,,
5.257272727272728e-06,0.24545454545454545,,,,,,,,,,,
5.257272727272728e-06,0.2494949494949495,,,,,,,,,,,
5.257272727272728e-06,0.2535353535353535,,,,,,,,,,,
5.257272727272728e-06,0.25757575757575757,,,,,,,,,,,
5.257272727272728e-06,0.26161616161616164,,,,,,,,,,,
5.257272727272728e-06,0.2656565656565657,,,,,,,,,,,
5.257272727272728e-06,0.2696969696969697,,,,,,,,,,,
5.257272727272728e-06,0.2737373737373737,,,,,,,,,,,
5.257272727272728e-06,0.2777777777777778,,,,,,,,,,,
5.257272727272728e-06,0.28181818181818186,,,,,,,,,,,
5.257272727272728e-06,0.28585858585858587,,,,,,,,,,,
5.257272727272728e-06,0.2898989898989899,,,,,,,,,,,
5.257272727272728e-06,0.29393939393939394,,,,,,,,,,,
5.257272727272728e-06,0.297979797979798,,,,,,,,,,,
5.257272727272728e-06,0.302020202020202,,,,,,,,,,,
5.257272727272728e-06,0.30606060606060603,,,,,,,,,,,
5.257272727272728e-06,0.3101010101010101,,,,,,,,,,,
5.257272727272728e-06,0.31414141414141417,,,,,,,,,,,
5.257272727272728e-06,0.3181818181818182,,,,,,,,,,,
5.257272727272728e-06,0.3222222222222222,,,,,,,,,,,
5.257272727272728e-06,0.32626262626262625,,,,,,,,,,,
5.257272727272728e-06,0.3303030303030303,,,,,,,,,,,
5.257272727272728e-06,0.3343434343434344,,,,,,,,,,,
5.257272727272728e-06,0.3383838383838384,,,,,,,,,,,
5.257272727272728e-06,0.3424242424242424,,,,,,,,,,,
5.257272727272728e-06,0.3464646464646465,,,,,,,,,,,
5.257272727272728e-06,0.35050505050505054,,,,,,,,,,,
5.257272727272728e-06,0.3545454545454545,,,,,,,,,,,
5.257272727272728e-06,0.35858585858585856,,,,,,,,,,,
5.257272727272728e-06,0.36262626262626263,,,,,,,,,,,
5.257272727272728e-06,0.3666666666666667,,,,,,,,,,,
5.257272727272728e-06,0.37070707070707076,,,,,,,,,,,
5.257272727272728e-06,0.3747474747474747,,,,,,,,,,,
5.257272727272728e-06,0.3787878787878788,,,,,,,,,,,
5.257272727272728e-06,0.38282828282828285,,,,,,,,,,,
5.257272727272728e-06,0.3868686868686869,,,,,,,,,,,
5.257272727272728e-06,0.3909090909090909,,,,,,,,,,,
5.257272727272728e-06,0.39494949494949494,,,,,,,,,,,
5.257272727272728e-06,0.398989898989899,,,,,,,,,,,
5.257272727272728e-06,0.40303030303030307,,,,,,,,,,,
5.257272727272728e-06,0.407070707070707,,,,,,,,,,,
5.257272727272728e-06,0.4111111111111111,,,,,,,,,,,
5.257272727272728e-06,0.41515151515151516,,,,,,,,,,,
5.257272727272728e-06,0.4191919191919192,,,,,,,,,,,
5.257272727272728e-06,0.4232323232323232,,,,,,,,,,,
5.257272727272728e-06,0.42727272727272725,,,,,,,,,,,
5.257272727272728e-06,0.4313131313131313,,,,,,,,,,,
5.257272727272728e-06,0.4353535353535354,,,,,,,,,,,
5.257272727272728e-06,0.43939393939393945,,,,,,,,,,,
5.257272727272728e-06,0.4434343434343434,,,,,,,,,,,
5.257272727272728e-06,0.44747474747474747,,,,,,,,,,,
5.257272727272728e-06,0.45151515151515154,,,,,,,,,,,
5.257272727272728e-06,0.4555555555555556,,,,,,,,,,,
5.257272727272728e-06,0.45959595959595956,,,,,,,,,,,
5.257272727272728e-06,0.4636363636363636,,,,,,,,,,,
5.257272727272728e-06,0.4676767676767677,,,,,,,,,,,
5.257272727272728e-06,0.47171717171717176,,,,,,,,,,,
5.257272727272728e-06,0.4757575757575757,,,,,,,,,,,
5.257272727272728e-06,0.4797979797979798,,,,,,,,,,,
5.257272727272728e-06,0.48383838383838385,,,,,,,,,,,
5.257272727272728e-06,0.4878787878787879,,,,,,,,,,,
5.257272727272728e-06,0.491919191919192,,,,,,,,,,,
5.257272727272728e-06,0.49595959595959593,,,,,,,,,,,
5.257272727272728e-06,0.5,,,,,,,,,,,
5.358181818181819e-06,0.1,,,,,,,,,,,
5.358181818181819e-06,0.10404040404040404,,,,,,,,,,,
5.358181818181819e-06,0.10808080808080808,,,,,,,,,,,
5.358181818181819e-06,0.11212121212121212,,,,,,,,,,,
5.358181818181819e-06,0.11616161616161616,,,,,,,,,,,
5.358181818181819e-06,0.1202020202020202,,,,,,,,,,,
5.358181818181819e-06,0.12424242424242425,,,,,,,,,,,
5.358181818181819e-06,0.12828282828282828,,,,,,,,,,,
5.358181818181819e-06,0.13232323232323234,,,,,,,,,,,
5.358181818181819e-06,0.13636363636363635,,,,,,,,,,,
5.358181818181819e-06,0.14040404040404042,,,,,,,,,,,
5.358181818181819e-06,0.14444444444444446,,,,,,,,,,,
5.358181818181819e-06,0.1484848484848485,,,,,,,,,,,
5.358181818181819e-06,0.15252525252525254,,,,,,,,,,,
5.358181818181819e-06,0.15656565656565657,,,,,,,,,,,
5.358181818181819e-06,0.1606060606060606,,,,,,,,,,,
5.358181818181819e-06,0.16464646464646465,,,,,,,,,,,
5.358181818181819e-06,0.1686868686868687,,,,,,,,,,,
5.358181818181819e-06,0.17272727272727273,,,,,,,,,,,
5.358181818181819e-06,0.17676767676767677,,,,,,,,,,,
5.358181818181819e-06,0.1808080808080808,,,,,,,,,,,
5.358181818181819e-06,0.18484848484848487,,,,,,,,,,,
5.358181818181819e-06,0.18888888888888888,,,,,,,,,,,
5.358181818181819e-06,0.19292929292929295,,,,,,,,,,,
5.358181818181819e-06,0.19696969696969696,,,,,,,,,,,
5.358181818181819e-06,0.20101010101010103,,,,,,,,,,,
5.358181818181819e-06,0.20505050505050504,,,,,,,,,,,
5.358181818181819e-06,0.2090909090909091,,,,,,,,,,,
5.358181818181819e-06,0.21313131313131314,,,,,,,,,,,
5.358181818181819e-06,0.21717171717171718,,,,,,,,,,,
5.358181818181819e-06,0.22121212121212122,,,,,,,,,,,
5.358181818181819e-06,0.22525252525252526,,,,,,,,,,,
5.358181818181819e-06,0.2292929292929293,,,,,,,,,,,
5.358181818181819e-06,0.23333333333333334,,,,,,,,,,,
5.358181818181819e-06,0.23737373737373738,,,,,,,,,,,
5.358181818181819e-06,0.24141414141414141,,,,,,,,,,,
5.358181818181819e-06,0.24545454545454545,,,,,,,,,,,
5.358181818181819e-06,0.2494949494949495,,,,,,,,,,,
5.358181818181819e-06,0.2535353535353535,,,,,,,,,,,
5.358181818181819e-06,0.25757575757575757,,,,,,,,,,,
5.358181818181819e-06,0.26161616161616164,,,,,,,,,,,
5.358181818181819e-06,0.2656565656565657,,,,,,,,,,,
5.358181818181819e-06,0.2696969696969697,,,,,,,,,,,
5.358181818181819e-06,0.2737373737373737,,,,,,,,,,,
5.358181818181819e-06,0.2777777777777778,,,,,,,,,,,
5.358181818181819e-06,0.28181818181818186,,,,,,,,,,,
5.358181818181819e-06,0.28585858585858587,,,,,,,,,,,
5.358181818181819e-06,0.2898989898989899,,,,,,,,,,,
5.358181818181819e-06,0.29393939393939394,,,,,,,,,,,
5.358181818181819e-06,0.297979797979798,,,,,,,,,,,
5.358181818181819e-06,0.302020202020202,,,,,,,,,,,
5.358181818181819e-06,0.30606060606060603,,,,,,,,,,,
5.358181818181819e-06,0.3101010101010101,,,,,,,,,,,
5.358181818181819e-06,0.31414141414141417,,,,,,,,,,,
5.358181818181819e-06,0.3181818181818182,,,,,,,,,,,
5.358181818181819e-06,0.3222222222222222,,,,,,,,,,,
5.358181818181819e-06,0.32626262626262625,,,,,,,,,,,
5.358181818181819e-06,0.3303030303030303,,,,,,,,,,,
5.358181818181819e-06,0.3343434343434344,,,,,,,,,,,
5.358181818181819e-06,0.3383838383838384,,,,,,,,,,,
5.358181818181819e-06,0.3424242424242424,,,,,,,,,,,
5.358181818181819e-06,0.3464646464646465,,,,,,,,,,,
5.358181818181819e-06,0.35050505050505054,,,,,,,,,,,
5.358181818181819e-06,0.3545454545454545,,,,,,,,,,,
5.358181818181819e-06,0.35858585858585856,,,,,,,,,,,
5.358181818181819e-06,0.36262626262626263,,,,,,,,,,,
5.358181818181819e-06,0.3666666666666667,,,,,,,,,,,
5.358181818181819e-06,0.37070707070707076,,,,,,,,,,,
5.358181818181819e-06,0.3747474747474747,,,,,,,,,,,
5.358181818181819e-06,0.3787878787878788,,,,,,,,,,,
5.358181818181819e-06,0.38282828282828285,,,,,,,,,,,
5.358181818181819e-06,0.3868686868686869,,,,,,,,,,,
5.358181818181819e-06,0.3909090909090909,,,,,,,,,,,
5.358181818181819e-06,0.39494949494949494,,,,,,,,,,,
5.358181818181819e-06,0.398989898989899,,,,,,,,,,,
5.358181818181819e-06,0.40303030303030307,,,,,,,,,,,
5.358181818181819e-06,0.407070707070707,,,,,,,,,,,
5.358181818181819e-06,0.4111111111111111,,,,,,,,,,,
5.358181818181819e-06,0.41515151515151516,,,,,,,,,,,
5.358181818181819e-06,0.4191919191919192,,,,,,,,,,,
5.358181818181819e-06,0.4232323232323232,,,,,,,,,,,
5.358181818181819e-06,0.42727272727272725,,,,,,,,,,,
5.358181818181819e-06,0.4313131313131313,,,,,,,,,,,
5.358181818181819e-06,0.4353535353535354,,,,,,,,,,,
5.358181818181819e-06,0.43939393939393945,,,,,,,,,,,
5.358181818181819e-06,0.4434343434343434,,,,,,,,,,,
5.358181818181819e-06,0.44747474747474747,,,,,,,,,,,
5.358181818181819e-06,0.45151515151515154,,,,,,,,,,,
5.358181818181819e-06,0.4555555555555556,,,,,,,,,,,
5.358181818181819e-06,0.45959595959595956,,,,,,,,,,,
5.358181818181819e-06,0.4636363636363636,,,,,,,,,,,
5.358181818181819e-06,0.4676767676767677,,,,,,,,,,,
5.358181818181819e-06,0.47171717171717176,,,,,,,,,,,
5.358181818181819e-06,0.4757575757575757,,,,,,,,,,,
5.358181818181819e-06,0.4797979797979798,,,,,,,,,,,
5.358181818181819e-06,0.48383838383838385,,,,,,,,,,,
5.358181818181819e-06,0.4878787878787879,,,,,,,,,,,
5.358181818181819e-06,0.491919191919192,,,,,,,,,,,
5.358181818181819e-06,0.49595959595959593,,,,,,,,,,,
5.358181818181819e-06,0.5,,,,,,,,,,,
5.45909090909091e-06,0.1,,,,,,,,,,,
5.45909090909091e-06,0.10404040404040404,,,,,,,,,,,
5.45909090909091e-06,0.10808080808080808,,,,,,,,,,,
5.45909090909091e-06,0.11212121212121212,,,,,,,,,,,
5.45909090909091e-06,0.11616161616161616,,,,,,,,,,,
5.45909090909091e-06,0.1202020202020202,,,,,,,,,,,
5.45909090909091e-06,0.12424242424242425,,,,,,,,,,,
5.45909090909091e-06,0.12828282828282828,,,,,,,,,,,
5.45909090909091e-06,0.13232323232323234,,,,,,,,,,,
5.45909090909091e-06,0.13636363636363635,,,,,,,,,,,
5.45909090909091e-06,0.14040404040404042,,,,,,,,,,,
5.45909090909091e-06,0.14444444444444446,,,,,,,,,,,
5.45909090909091e-06,0.1484848484848485,,,,,,,,,,,
5.45909090909091e-06,0.15252525252525254,,,,,,,,,,,
5.45909090909091e-06,0.15656565656565657,,,,,,,,,,,
5.45909090909091e-06,0.1606060606060606,,,,,,,,,,,
5.45909090909091e-06,0.16464646464646465,,,,,,,,,,,
5.45909090909091e-06,0.1686868686868687,,,,,,,,,,,
5.45909090909091e-06,0.17272727272727273,,,,,,,,,,,
5.45909090909091e-06,0.17676767676767677,,,,,,,,,,,
5.45909090909091e-06,0.1808080808080808,,,,,,,,,,,
5.45909090909091e-06,0.18484848484848487,,,,,,,,,,,
5.45909090909091e-06,0.18888888888888888,,,,,,,,,,,
5.45909090909091e-06,0.19292929292929295,,,,,,,,,,,
5.45909090909091e-06,0.19696969696969696,,,,,,,,,,,
5.45909090909091e-06,0.20101010101010103,,,,,,,,,,,
5.45909090909091e-06,0.20505050505050504,,,,,,,,,,,
5.45909090909091e-06,0.2090909090909091,,,,,,,,,,,
5.45909090909091e-06,0.21313131313131314,,,,,,,,,,,
5.45909090909091e-06,0.21717171717171718,,,,,,,,,,,
5.45909090909091e-06,0.22121212121212122,,,,,,,,,,,
5.45909090909091e-06,0.22525252525252526,,,,,,,,,,,
5.45909090909091e-06,0.2292929292929293,,,,,,,,,,,
5.45909090909091e-06,0.23333333333333334,,,,,,,,,,,
5.45909090909091e-06,0.23737373737373738,,,,,,,,,,,
5.45909090909091e-06,0.24141414141414141,,,,,,,,,,,
5.45909090909091e-06,0.24545454545454545,,,,,,,,,,,
5.45909090909091e-06,0.2494949494949495,,,,,,,,,,,
5.45909090909091e-06,0.2535353535353535,,,,,,,,,,,
5.45909090909091e-06,0.25757575757575757,,,,,,,,,,,
5.45909090909091e-06,0.26161616161616164,,,,,,,,,,,
5.45909090909091e-06,0.2656565656565657,,,,,,,,,,,
5.45909090909091e-06,0.2696969696969697,,,,,,,,,,,
5.45909090909091e-06,0.2737373737373737,,,,,,,,,,,
5.45909090909091e-06,0.2777777777777778,,,,,,,,,,,
5.45909090909091e-06,0.28181818181818186,,,,,,,,,,,
5.45909090909091e-06,0.28585858585858587,,,,,,,,,,,
5.45909090909091e-06,0.2898989898989899,,,,,,,,,,,
5.45909090909091e-06,0.29393939393939394,,,,,,,,,,,
5.45909090909091e-06,0.297979797979798,,,,,,,,,,,
5.45909090909091e-06,0.302020202020202,,,,,,,,,,,
5.45909090909091e-06,0.30606060606060603,,,,,,,,,,,
5.45909090909091e-06,0.3101010101010101,,,,,,,,,,,
5.45909090909091e-06,0.31414141414141417,,,,,,,,,,,
5.45909090909091e-06,0.3181818181818182,,,,,,,,,,,
5.45909090909091e-06,0.3222222222222222,,,,,,,,,,,
5.45909090909091e-06,0.32626262626262625,,,,,,,,,,,
5.45909090909091e-06,0.3303030303030303,,,,,,,,,,,
5.45909090909091e-06,0.3343434343434344,,,,,,,,,,,
5.45909090909091e-06,0.3383838383838384,,,,,,,,,,,
5.45909090909091e-06,0.3424242424242424,,,,,,,,,,,
5.45909090909091e-06,0.3464646464646465,,,,,,,,,,,
5.45909090909091e-06,0.35050505050505054,,,,,,,,,,,
5.45909090909091e-06,0.3545454545454545,,,,,,,,,,,
5.45909090909091e-06,0.35858585858585856,,,,,,,,,,,
5.45909090909091e-06,0.36262626262626263,,,,,,,,,,,
5.45909090909091e-06,0.3666666666666667,,,,,,,,,,,
5.45909090909091e-06,0.37070707070707076,,,,,,,,,,,
5.45909090909091e-06,0.3747474747474747,,,,,,,,,,,
5.45909090909091e-06,0.3787878787878788,,,,,,,,,,,
5.45909090909091e-06,0.38282828282828285,,,,,,,,,,,
5.45909090909091e-06,0.3868686868686869,,,,,,,,,,,
5.45909090909091e-06,0.3909090909090909,,,,,,,,,,,
5.45909090909091e-06,0.39494949494949494,,,,,,,,,,,
5.45909090909091e-06,0.398989898989899,,,,,,,,,,,
5.45909090909091e-06,0.40303030303030307,,,,,,,,,,,
5.45909090909091e-06,0.407070707070707,,,,,,,,,,,
5.45909090909091e-06,0.4111111111111111,,,,,,,,,,,
5.45909090909091e-06,0.41515151515151516,,,,,,,,,,,
5.45909090909091e-06,0.4191919191919192,,,,,,,,,,,
5.45909090909091e-06,0.4232323232323232,,,,,,,,,,,
5.45909090909091e-06,0.42727272727272725,,,,,,,,,,,
5.45909090909091e-06,0.4313131313131313,,,,,,,,,,,
5.45909090909091e-06,0.4353535353535354,,,,,,,,,,,
5.45909090909091e-06,0.43939393939393945,,,,,,,,,,,
5.45909090909091e-06,0.4434343434343434,,,,,,,,,,,
5.45909090909091e-06,0.44747474747474747,,,,,,,,,,,
5.45909090909091e-06,0.45151515151515154,,,,,,,,,,,
5.45909090909091e-06,0.4555555555555556,,,,,,,,,,,
5.45909090909091e-06,0.45959595959595956,,,,,,,,,,,
5.45909090909091e-06,0.4636363636363636,,,,,,,,,,,
5.45909090909091e-06,0.4676767676767677,,,,,,,,,,,
5.45909090909091e-06,0.47171717171717176,,,,,,,,,,,
5.45909090909091e-06,0.4757575757575757,,,,,,,,,,,
5.45909090909091e-06,0.4797979797979798,,,,,,,,,,,
5.45909090909091e-06,0.48383838383838385,,,,,,,,,,,
5.45909090909091e-06,0.4878787878787879,,,,,,,,,,,
5.45909090909091e-06,0.491919191919192,,,,,,,,,,,
5.45909090909091e-06,0.49595959595959593,,,,,,,,,,,
5.45909090909091e-06,0.5,,,,,,,,,,,
5.560000000000001e-06,0.1,,,,,,,,,,,
5.560000000000001e-06,0.10404040404040404,,,,,,,,,,,
5.560000000000001e-06,0.10808080808080808,,,,,,,,,,,
5.560000000000001e-06,0.11212121212121212,,,,,,,,,,,
5.560000000000001e-06,0.11616161616161616,,,,,,,,,,,
5.560000000000001e-06,0.1202020202020202,,,,,,,,,,,
5.560000000000001e-06,0.12424242424242425,,,,,,,,,,,
5.560000000000001e-06,0.12828282828282828,,,,,,,,,,,
5.560000000000001e-06,0.13232323232323234,,,,,,,,,,,
5.560000000000001e-06,0.13636363636363635,,,,,,,,,,,
5.560000000000001e-06,0.14040404040404042,,,,,,,,,,,
5.560000000000001e-06,0.14444444444444446,,,,,,,,,,,
5.560000000000001e-06,0.1484848484848485,,,,,,,,,,,
5.560000000000001e-06,0.15252525252525254,,,,,,,,,,,
5.560000000000001e-06,0.15656565656565657,,,,,,,,,,,
5.560000000000001e-06,0.1606060606060606,,,,,,,,,,,
5.560000000000001e-06,0.16464646464646465,,,,,,,,,,,
5.560000000000001e-06,0.1686868686868687,,,,,,,,,,,
5.560000000000001e-06,0.17272727272727273,,,,,,,,,,,
5.560000000000001e-06,0.17676767676767677,,,,,,,,,,,
5.560000000000001e-06,0.1808080808080808,,,,,,,,,,,
5.560000000000001e-06,0.18484848484848487,,,,,,,,,,,
5.560000000000001e-06,0.18888888888888888,,,,,,,,,,,
5.560000000000001e-06,0.19292929292929295,,,,,,,,,,,
5.560000000000001e-06,0.19696969696969696,,,,,,,,,,,
5.560000000000001e-06,0.20101010101010103,,,,,,,,,,,
5.560000000000001e-06,0.20505050505050504,,,,,,,,,,,
5.560000000000001e-06,0.2090909090909091,,,,,,,,,,,
5.560000000000001e-06,0.21313131313131314,,,,,,,,,,,
5.560000000000001e-06,0.21717171717171718,,,,,,,,,,,
5.560000000000001e-06,0.22121212121212122,,,,,,,,,,,
5.560000000000001e-06,0.22525252525252526,,,,,,,,,,,
5.560000000000001e-06,0.2292929292929293,,,,,,,,,,,
5.560000000000001e-06,0.23333333333333334,,,,,,,,,,,
5.560000000000001e-06,0.23737373737373738,,,,,,,,,,,
5.560000000000001e-06,0.24141414141414141,,,,,,,,,,,
5.560000000000001e-06,0.24545454545454545,,,,,,,,,,,
5.560000000000001e-06,0.2494949494949495,,,,,,,,,,,
5.560000000000001e-06,0.2535353535353535,,,,,,,,,,,
5.560000000000001e-06,0.25757575757575757,,,,,,,,,,,
5.560000000000001e-06,0.26161616161616164,,,,,,,,,,,
5.560000000000001e-06,0.2656565656565657,,,,,,,,,,,
5.560000000000001e-06,0.2696969696969697,,,,,,,,,,,
5.560000000000001e-06,0.2737373737373737,,,,,,,,,,,
5.560000000000001e-06,0.2777777777777778,,,,,,,,,,,
5.560000000000001e-06,0.28181818181818186,,,,,,,,,,,
5.560000000000001e-06,0.28585858585858587,,,,,,,,,,,
5.560000000000001e-06,0.2898989898989899,,,,,,,,,,,
5.560000000000001e-06,0.29393939393939394,,,,,,,,,,,
5.560000000000001e-06,0.297979797979798,,,,,,,,,,,
5.560000000000001e-06,0.302020202020202,,,,,,,,,,,
5.560000000000001e-06,0.30606060606060603,,,,,,,,,,,
5.560000000000001e-06,0.3101010101010101,,,,,,,,,,,
5.560000000000001e-06,0.31414141414141417,,,,,,,,,,,
5.560000000000001e-06,0.3181818181818182,,,,,,,,,,,
5.560000000000001e-06,0.3222222222222222,,,,,,,,,,,
5.560000000000001e-06,0.32626262626262625,,,,,,,,,,,
5.560000000000001e-06,0.3303030303030303,,,,,,,,,,,
5.560000000000001e-06,0.3343434343434344,,,,,,,,,,,
5.560000000000001e-06,0.3383838383838384,,,,,,,,,,,
5.560000000000001e-06,0.3424242424242424,,,,,,,,,,,
5.560000000000001e-06,0.3464646464646465,,,,,,,,,,,
5.560000000000001e-06,0.35050505050505054,,,,,,,,,,,
5.560000000000001e-06,0.3545454545454545,,,,,,,,,,,
5.560000000000001e-06,0.35858585858585856,,,,,,,,,,,
5.560000000000001e-06,0.36262626262626263,,,,,,,,,,,
5.560000000000001e-06,0.3666666666666667,,,,,,,,,,,
5.560000000000001e-06,0.37070707070707076,,,,,,,,,,,
5.560000000000001e-06,0.3747474747474747,,,,,,,,,,,
5.560000000000001e-06,0.3787878787878788,,,,,,,,,,,
5.560000000000001e-06,0.38282828282828285,,,,,,,,,,,
5.560000000000001e-06,0.3868686868686869,,,,,,,,,,,
5.560000000000001e-06,0.3909090909090909,,,,,,,,,,,
5.560000000000001e-06,0.39494949494949494,,,,,,,,,,,
5.560000000000001e-06,0.398989898989899,,,,,,,,,,,
5.560000000000001e-06,0.40303030303030307,,,,,,,,,,,
5.560000000000001e-06,0.407070707070707,,,,,,,,,,,
5.560000000000001e-06,0.4111111111111111,,,,,,,,,,,
5.560000000000001e-06,0.41515151515151516,,,,,,,,,,,
5.560000000000001e-06,0.4191919191919192,,,,,,,,,,,
5.560000000000001e-06,0.4232323232323232,,,,,,,,,,,
5.560000000000001e-06,0.42727272727272725,,,,,,,,,,,
5.560000000000001e-06,0.4313131313131313,,,,,,,,,,,
5.560000000000001e-06,0.4353535353535354,,,,,,,,,,,
5.560000000000001e-06,0.43939393939393945,,,,,,,,,,,
5.560000000000001e-06,0.4434343434343434,,,,,,,,,,,
5.560000000000001e-06,0.44747474747474747,,,,,,,,,,,
5.560000000000001e-06,0.45151515151515154,,,,,,,,,,,
5.560000000000001e-06,0.4555555555555556,,,,,,,,,,,
5.560000000000001e-06,0.45959595959595956,,,,,,,,,,,
5.560000000000001e-06,0.4636363636363636,,,,,,,,,,,
5.560000000000001e-06,0.4676767676767677,,,,,,,,,,,
5.560000000000001e-06,0.47171717171717176,,,,,,,,,,,
5.560000000000001e-06,0.4757575757575757,,,,,,,,,,,
5.560000000000001e-06,0.4797979797979798,,,,,,,,,,,
5.560000000000001e-06,0.48383838383838385,,,,,,,,,,,
5.560000000000001e-06,0.4878787878787879,,,,,,,,,,,
5.560000000000001e-06,0.491919191919192,,,,,,,,,,,
5.560000000000001e-06,0.49595959595959593,,,,,,,,,,,
5.560000000000001e-06,0.5,,,,,,,,,,,
5.660909090909092e-06,0.1,,,,,,,,,,,
5.660909090909092e-06,0.10404040404040404,,,,,,,,,,,
5.660909090909092e-06,0.10808080808080808,,,,,,,,,,,
5.660909090909092e-06,0.11212121212121212,,,,,,,,,,,
5.660909090909092e-06,0.11616161616161616,,,,,,,,,,,
5.660909090909092e-06,0.1202020202020202,,,,,,,,,,,
5.660909090909092e-06,0.12424242424242425,,,,,,,,,,,
5.660909090909092e-06,0.12828282828282828,,,,,,,,,,,
5.660909090909092e-06,0.13232323232323234,,,,,,,,,,,
5.660909090909092e-06,0.13636363636363635,,,,,,,,,,,
5.660909090909092e-06,0.14040404040404042,,,,,,,,,,,
5.660909090909092e-06,0.14444444444444446,,,,,,,,,,,
5.660909090909092e-06,0.1484848484848485,,,,,,,,,,,
5.660909090909092e-06,0.15252525252525254,,,,,,,,,,,
5.660909090909092e-06,0.15656565656565657,,,,,,,,,,,
5.660909090909092e-06,0.1606060606060606,,,,,,,,,,,
5.660909090909092e-06,0.16464646464646465,,,,,,,,,,,
5.660909090909092e-06,0.1686868686868687,,,,,,,,,,,
5.660909090909092e-06,0.17272727272727273,,,,,,,,,,,
5.660909090909092e-06,0.17676767676767677,,,,,,,,,,,
5.660909090909092e-06,0.1808080808080808,,,,,,,,,,,
5.660909090909092e-06,0.18484848484848487,,,,,,,,,,,
5.660909090909092e-06,0.18888888888888888,,,,,,,,,,,
5.660909090909092e-06,0.19292929292929295,,,,,,,,,,,
5.660909090909092e-06,0.19696969696969696,,,,,,,,,,,
5.660909090909092e-06,0.20101010101010103,,,,,,,,,,,
5.660909090909092e-06,0.20505050505050504,,,,,,,,,,,
5.660909090909092e-06,0.2090909090909091,,,,,,,,,,,
5.660909090909092e-06,0.21313131313131314,,,,,,,,,,,
5.660909090909092e-06,0.21717171717171718,,,,,,,,,,,
5.660909090909092e-06,0.22121212121212122,,,,,,,,,,,
5.660909090909092e-06,0.22525252525252526,,,,,,,,,,,
5.660909090909092e-06,0.2292929292929293,,,,,,,,,,,
5.660909090909092e-06,0.23333333333333334,,,,,,,,,,,
5.660909090909092e-06,0.23737373737373738,,,,,,,,,,,
5.660909090909092e-06,0.24141414141414141,,,,,,,,,,,
5.660909090909092e-06,0.24545454545454545,,,,,,,,,,,
5.660909090909092e-06,0.2494949494949495,,,,,,,,,,,
5.660909090909092e-06,0.2535353535353535,,,,,,,,,,,
5.660909090909092e-06,0.25757575757575757,,,,,,,,,,,
5.660909090909092e-06,0.26161616161616164,,,,,,,,,,,
5.660909090909092e-06,0.2656565656565657,,,,,,,,,,,
5.660909090909092e-06,0.2696969696969697,,,,,,,,,,,
5.660909090909092e-06,0.2737373737373737,,,,,,,,,,,
5.660909090909092e-06,0.2777777777777778,,,,,,,,,,,
5.660909090909092e-06,0.28181818181818186,,,,,,,,,,,
5.660909090909092e-06,0.28585858585858587,,,,,,,,,,,
5.660909090909092e-06,0.2898989898989899,,,,,,,,,,,
5.660909090909092e-06,0.29393939393939394,,,,,,,,,,,
5.660909090909092e-06,0.297979797979798,,,,,,,,,,,
5.660909090909092e-06,0.302020202020202,,,,,,,,,,,
5.660909090909092e-06,0.30606060606060603,,,,,,,,,,,
5.660909090909092e-06,0.3101010101010101,,,,,,,,,,,
5.660909090909092e-06,0.31414141414141417,,,,,,,,,,,
5.660909090909092e-06,0.3181818181818182,,,,,,,,,,,
5.660909090909092e-06,0.3222222222222222,,,,,,,,,,,
5.660909090909092e-06,0.32626262626262625,,,,,,,,,,,
5.660909090909092e-06,0.3303030303030303,,,,,,,,,,,
5.660909090909092e-06,0.3343434343434344,,,,,,,,,,,
5.660909090909092e-06,0.3383838383838384,,,,,,,,,,,
5.660909090909092e-06,0.3424242424242424,,,,,,,,,,,
5.660909090909092e-06,0.3464646464646465,,,,,,,,,,,
5.660909090909092e-06,0.35050505050505054,,,,,,,,,,,
5.660909090909092e-06,0.3545454545454545,,,,,,,,,,,
5.660909090909092e-06,0.35858585858585856,,,,,,,,,,,
5.660909090909092e-06,0.36262626262626263,,,,,,,,,,,
5.660909090909092e-06,0.3666666666666667,,,,,,,,,,,
5.660909090909092e-06,0.37070707070707076,,,,,,,,,,,
5.660909090909092e-06,0.3747474747474747,,,,,,,,,,,
5.660909090909092e-06,0.3787878787878788,,,,,,,,,,,
5.660909090909092e-06,0.38282828282828285,,,,,,,,,,,
5.660909090909092e-06,0.3868686868686869,,,,,,,,,,,
5.660909090909092e-06,0.3909090909090909,,,,,,,,,,,
5.660909090909092e-06,0.39494949494949494,,,,,,,,,,,
5.660909090909092e-06,0.398989898989899,,,,,,,,,,,
5.660909090909092e-06,0.40303030303030307,,,,,,,,,,,
5.660909090909092e-06,0.407070707070707,,,,,,,,,,,
5.660909090909092e-06,0.4111111111111111,,,,,,,,,,,
5.660909090909092e-06,0.41515151515151516,,,,,,,,,,,
5.660909090909092e-06,0.4191919191919192,,,,,,,,,,,
5.660909090909092e-06,0.4232323232323232,,,,,,,,,,,
5.660909090909092e-06,0.42727272727272725,,,,,,,,,,,
5.660909090909092e-06,0.4313131313131313,,,,,,,,,,,
5.660909090909092e-06,0.4353535353535354,,,,,,,,,,,
5.660909090909092e-06,0.43939393939393945,,,,,,,,,,,
5.660909090909092e-06,0.4434343434343434,,,,,,,,,,,
5.660909090909092e-06,0.44747474747474747,,,,,,,,,,,
5.660909090909092e-06,0.45151515151515154,,,,,,,,,,,
5.660909090909092e-06,0.4555555555555556,,,,,,,,,,,
5.660909090909092e-06,0.45959595959595956,,,,,,,,,,,
5.660909090909092e-06,0.4636363636363636,,,,,,,,,,,
5.660909090909092e-06,0.4676767676767677,,,,,,,,,,,
5.660909090909092e-06,0.47171717171717176,,,,,,,,,,,
5.660909090909092e-06,0.4757575757575757,,,,,,,,,,,
5.660909090909092e-06,0.4797979797979798,,,,,,,,,,,
5.660909090909092e-06,0.48383838383838385,,,,,,,,,,,
5.660909090909092e-06,0.4878787878787879,,,,,,,,,,,
5.660909090909092e-06,0.491919191919192,,,,,,,,,,,
5.660909090909092e-06,0.49595959595959593,,,,,,,,,,,
5.660909090909092e-06,0.5,,,,,,,,,,,
5.761818181818182e-06,0.1,,,,,,,,,,,
5.761818181818182e-06,0.10404040404040404,,,,,,,,,,,
5.761818181818182e-06,0.10808080808080808,,,,,,,,,,,
5.761818181818182e-06,0.11212121212121212,,,,,,,,,,,
5.761818181818182e-06,0.11616161616161616,,,,,,,,,,,
5.761818181818182e-06,0.1202020202020202,,,,,,,,,,,
5.761818181818182e-06,0.12424242424242425,,,,,,,,,,,
5.761818181818182e-06,0.12828282828282828,,,,,,,,,,,
5.761818181818182e-06,0.13232323232323234,,,,,,,,,,,
5.761818181818182e-06,0.13636363636363635,,,,,,,,,,,
5.761818181818182e-06,0.14040404040404042,,,,,,,,,,,
5.761818181818182e-06,0.14444444444444446,,,,,,,,,,,
5.761818181818182e-06,0.1484848484848485,,,,,,,,,,,
5.761818181818182e-06,0.15252525252525254,,,,,,,,,,,
5.761818181818182e-06,0.15656565656565657,,,,,,,,,,,
5.761818181818182e-06,0.1606060606060606,,,,,,,,,,,
5.761818181818182e-06,0.16464646464646465,,,,,,,,,,,
5.761818181818182e-06,0.1686868686868687,,,,,,,,,,,
5.761818181818182e-06,0.17272727272727273,,,,,,,,,,,
5.761818181818182e-06,0.17676767676767677,,,,,,,,,,,
5.761818181818182e-06,0.1808080808080808,,,,,,,,,,,
5.761818181818182e-06,0.18484848484848487,,,,,,,,,,,
5.761818181818182e-06,0.18888888888888888,,,,,,,,,,,
5.761818181818182e-06,0.19292929292929295,,,,,,,,,,,
5.761818181818182e-06,0.19696969696969696,,,,,,,,,,,
5.761818181818182e-06,0.20101010101010103,,,,,,,,,,,
5.761818181818182e-06,0.20505050505050504,,,,,,,,,,,
5.761818181818182e-06,0.2090909090909091,,,,,,,,,,,
5.761818181818182e-06,0.21313131313131314,,,,,,,,,,,
5.761818181818182e-06,0.21717171717171718,,,,,,,,,,,
5.761818181818182e-06,0.22121212121212122,,,,,,,,,,,
5.761818181818182e-06,0.22525252525252526,,,,,,,,,,,
5.761818181818182e-06,0.2292929292929293,,,,,,,,,,,
5.761818181818182e-06,0.23333333333333334,,,,,,,,,,,
5.761818181818182e-06,0.23737373737373738,,,,,,,,,,,
5.761818181818182e-06,0.24141414141414141,,,,,,,,,,,
5.761818181818182e-06,0.24545454545454545,,,,,,,,,,,
5.761818181818182e-06,0.2494949494949495,,,,,,,,,,,
5.761818181818182e-06,0.2535353535353535,,,,,,,,,,,
5.761818181818182e-06,0.25757575757575757,,,,,,,,,,,
5.761818181818182e-06,0.26161616161616164,,,,,,,,,,,
5.761818181818182e-06,0.2656565656565657,,,,,,,,,,,
5.761818181818182e-06,0.2696969696969697,,,,,,,,,,,
5.761818181818182e-06,0.2737373737373737,,,,,,,,,,,
5.761818181818182e-06,0.2777777777777778,,,,,,,,,,,
5.761818181818182e-06,0.28181818181818186,,,,,,,,,,,
5.761818181818182e-06,0.28585858585858587,,,,,,,,,,,
5.761818181818182e-06,0.2898989898989899,,,,,,,,,,,
5.761818181818182e-06,0.29393939393939394,,,,,,,,,,,
5.761818181818182e-06,0.297979797979798,,,,,,,,,,,
5.761818181818182e-06,0.302020202020202,,,,,,,,,,,
5.761818181818182e-06,0.30606060606060603,,,,,,,,,,,
5.761818181818182e-06,0.3101010101010101,,,,,,,,,,,
5.761818181818182e-06,0.31414141414141417,,,,,,,,,,,
5.761818181818182e-06,0.3181818181818182,,,,,,,,,,,
5.761818181818182e-06,0.3222222222222222,,,,,,,,,,,
5.761818181818182e-06,0.32626262626262625,,,,,,,,,,,
5.761818181818182e-06,0.3303030303030303,,,,,,,,,,,
5.761818181818182e-06,0.3343434343434344,,,,,,,,,,,
5.761818181818182e-06,0.3383838383838384,,,,,,,,,,,
5.761818181818182e-06,0.3424242424242424,,,,,,,,,,,
5.761818181818182e-06,0.3464646464646465,,,,,,,,,,,
5.761818181818182e-06,0.35050505050505054,,,,,,,,,,,
5.761818181818182e-06,0.3545454545454545,,,,,,,,,,,
5.761818181818182e-06,0.35858585858585856,,,,,,,,,,,
5.761818181818182e-06,0.36262626262626263,,,,,,,,,,,
5.761818181818182e-06,0.3666666666666667,,,,,,,,,,,
5.761818181818182e-06,0.37070707070707076,,,,,,,,,,,
5.761818181818182e-06,0.3747474747474747,,,,,,,,,,,
5.761818181818182e-06,0.3787878787878788,,,,,,,,,,,
5.761818181818182e-06,0.38282828282828285,,,,,,,,,,,
5.761818181818182e-06,0.3868686868686869,,,,,,,,,,,
5.761818181818182e-06,0.3909090909090909,,,,,,,,,,,
5.761818181818182e-06,0.39494949494949494,,,,,,,,,,,
5.761818181818182e-06,0.398989898989899,,,,,,,,,,,
5.761818181818182e-06,0.40303030303030307,,,,,,,,,,,
5.761818181818182e-06,0.407070707070707,,,,,,,,,,,
5.761818181818182e-06,0.4111111111111111,,,,,,,,,,,
5.761818181818182e-06,0.41515151515151516,,,,,,,,,,,
5.761818181818182e-06,0.4191919191919192,,,,,,,,,,,
5.761818181818182e-06,0.4232323232323232,,,,,,,,,,,
5.761818181818182e-06,0.42727272727272725,,,,,,,,,,,
5.761818181818182e-06,0.4313131313131313,,,,,,,,,,,
5.761818181818182e-06,0.4353535353535354,,,,,,,,,,,
5.761818181818182e-06,0.43939393939393945,,,,,,,,,,,
5.761818181818182e-06,0.4434343434343434,,,,,,,,,,,
5.761818181818182e-06,0.44747474747474747,,,,,,,,,,,
5.761818181818182e-06,0.45151515151515154,,,,,,,,,,,
5.761818181818182e-06,0.4555555555555556,,,,,,,,,,,
5.761818181818182e-06,0.45959595959595956,,,,,,,,,,,
5.761818181818182e-06,0.4636363636363636,,,,,,,,,,,
5.761818181818182e-06,0.4676767676767677,,,,,,,,,,,
5.761818181818182e-06,0.47171717171717176,,,,,,,,,,,
5.761818181818182e-06,0.4757575757575757,,,,,,,,,,,
5.761818181818182e-06,0.4797979797979798,,,,,,,,,,,
5.761818181818182e-06,0.48383838383838385,,,,,,,,,,,
5.761818181818182e-06,0.4878787878787879,,,,,,,,,,,
5.761818181818182e-06,0.491919191919192,,,,,,,,,,,
5.761818181818182e-06,0.49595959595959593,,,,,,,,,,,
5.761818181818182e-06,0.5,,,,,,,,,,,
5.862727272727273e-06,0.1,,,,,,,,,,,
5.862727272727273e-06,0.10404040404040404,,,,,,,,,,,
5.862727272727273e-06,0.10808080808080808,,,,,,,,,,,
5.862727272727273e-06,0.11212121212121212,,,,,,,,,,,
5.862727272727273e-06,0.11616161616161616,,,,,,,,,,,
5.862727272727273e-06,0.1202020202020202,,,,,,,,,,,
5.862727272727273e-06,0.12424242424242425,,,,,,,,,,,
5.862727272727273e-06,0.12828282828282828,,,,,,,,,,,
5.862727272727273e-06,0.13232323232323234,,,,,,,,,,,
5.862727272727273e-06,0.13636363636363635,,,,,,,,,,,
5.862727272727273e-06,0.14040404040404042,,,,,,,,,,,
5.862727272727273e-06,0.14444444444444446,,,,,,,,,,,
5.862727272727273e-06,0.1484848484848485,,,,,,,,,,,
5.862727272727273e-06,0.15252525252525254,,,,,,,,,,,
5.862727272727273e-06,0.15656565656565657,,,,,,,,,,,
5.862727272727273e-06,0.1606060606060606,,,,,,,,,,,
5.862727272727273e-06,0.16464646464646465,,,,,,,,,,,
5.862727272727273e-06,0.1686868686868687,,,,,,,,,,,
5.862727272727273e-06,0.17272727272727273,,,,,,,,,,,
5.862727272727273e-06,0.17676767676767677,,,,,,,,,,,
5.862727272727273e-06,0.1808080808080808,,,,,,,,,,,
5.862727272727273e-06,0.18484848484848487,,,,,,,,,,,
5.862727272727273e-06,0.18888888888888888,,,,,,,,,,,
5.862727272727273e-06,0.19292929292929295,,,,,,,,,,,
5.862727272727273e-06,0.19696969696969696,,,,,,,,,,,
5.862727272727273e-06,0.20101010101010103,,,,,,,,,,,
5.862727272727273e-06,0.20505050505050504,,,,,,,,,,,
5.862727272727273e-06,0.2090909090909091,,,,,,,,,,,
5.862727272727273e-06,0.21313131313131314,,,,,,,,,,,
5.862727272727273e-06,0.21717171717171718,,,,,,,,,,,
5.862727272727273e-06,0.22121212121212122,,,,,,,,,,,
5.862727272727273e-06,0.22525252525252526,,,,,,,,,,,
5.862727272727273e-06,0.2292929292929293,,,,,,,,,,,
5.862727272727273e-06,0.23333333333333334,,,,,,,,,,,
5.862727272727273e-06,0.23737373737373738,,,,,,,,,,,
5.862727272727273e-06,0.24141414141414141,,,,,,,,,,,
5.862727272727273e-06,0.24545454545454545,,,,,,,,,,,
5.862727272727273e-06,0.2494949494949495,,,,,,,,,,,
5.862727272727273e-06,0.2535353535353535,,,,,,,,,,,
5.862727272727273e-06,0.25757575757575757,,,,,,,,,,,
5.862727272727273e-06,0.26161616161616164,,,,,,,,,,,
5.862727272727273e-06,0.2656565656565657,,,,,,,,,,,
5.862727272727273e-06,0.2696969696969697,,,,,,,,,,,
5.862727272727273e-06,0.2737373737373737,,,,,,,,,,,
5.862727272727273e-06,0.2777777777777778,,,,,,,,,,,
5.862727272727273e-06,0.28181818181818186,,,,,,,,,,,
5.862727272727273e-06,0.28585858585858587,,,,,,,,,,,
5.862727272727273e-06,0.2898989898989899,,,,,,,,,,,
5.862727272727273e-06,0.29393939393939394,,,,,,,,,,,
5.862727272727273e-06,0.297979797979798,,,,,,,,,,,
5.862727272727273e-06,0.302020202020202,,,,,,,,,,,
5.862727272727273e-06,0.30606060606060603,,,,,,,,,,,
5.862727272727273e-06,0.3101010101010101,,,,,,,,,,,
5.862727272727273e-06,0.31414141414141417,,,,,,,,,,,
5.862727272727273e-06,0.3181818181818182,,,,,,,,,,,
5.862727272727273e-06,0.3222222222222222,,,,,,,,,,,
5.862727272727273e-06,0.32626262626262625,,,,,,,,,,,
5.862727272727273e-06,0.3303030303030303,,,,,,,,,,,
5.862727272727273e-06,0.3343434343434344,,,,,,,,,,,
5.862727272727273e-06,0.3383838383838384,,,,,,,,,,,
5.862727272727273e-06,0.3424242424242424,,,,,,,,,,,
5.862727272727273e-06,0.3464646464646465,,,,,,,,,,,
5.862727272727273e-06,0.35050505050505054,,,,,,,,,,,
5.862727272727273e-06,0.3545454545454545,,,,,,,,,,,
5.862727272727273e-06,0.35858585858585856,,,,,,,,,,,
5.862727272727273e-06,0.36262626262626263,,,,,,,,,,,
5.862727272727273e-06,0.3666666666666667,,,,,,,,,,,
5.862727272727273e-06,0.37070707070707076,,,,,,,,,,,
5.862727272727273e-06,0.3747474747474747,,,,,,,,,,,
5.862727272727273e-06,0.3787878787878788,,,,,,,,,,,
5.862727272727273e-06,0.38282828282828285,,,,,,,,,,,
5.862727272727273e-06,0.3868686868686869,,,,,,,,,,,
5.862727272727273e-06,0.3909090909090909,,,,,,,,,,,
5.862727272727273e-06,0.39494949494949494,,,,,,,,,,,
5.862727272727273e-06,0.398989898989899,,,,,,,,,,,
5.862727272727273e-06,0.40303030303030307,,,,,,,,,,,
5.862727272727273e-06,0.407070707070707,,,,,,,,,,,
5.862727272727273e-06,0.4111111111111111,,,,,,,,,,,
5.862727272727273e-06,0.41515151515151516,,,,,,,,,,,
5.862727272727273e-06,0.4191919191919192,,,,,,,,,,,
5.862727272727273e-06,0.4232323232323232,,,,,,,,,,,
5.862727272727273e-06,0.42727272727272725,,,,,,,,,,,
5.862727272727273e-06,0.4313131313131313,,,,,,,,,,,
5.862727272727273e-06,0.4353535353535354,,,,,,,,,,,
5.862727272727273e-06,0.43939393939393945,,,,,,,,,,,
5.862727272727273e-06,0.4434343434343434,,,,,,,,,,,
5.862727272727273e-06,0.44747474747474747,,,,,,,,,,,
5.862727272727273e-06,0.45151515151515154,,,,,,,,,,,
5.862727272727273e-06,0.4555555555555556,,,,,,,,,,,
5.862727272727273e-06,0.45959595959595956,,,,,,,,,,,
5.862727272727273e-06,0.4636363636363636,,,,,,,,,,,
5.862727272727273e-06,0.4676767676767677,,,,,,,,,,,
5.862727272727273e-06,0.47171717171717176,,,,,,,,,,,
5.862727272727273e-06,0.4757575757575757,,,,,,,,,,,
5.862727272727273e-06,0.4797979797979798,,,,,,,,,,,
5.862727272727273e-06,0.48383838383838385,,,,,,,,,,,
5.862727272727273e-06,0.4878787878787879,,,,,,,,,,,
5.862727272727273e-06,0.491919191919192,,,,,,,,,,,
5.862727272727273e-06,0.49595959595959593,,,,,,,,,,,
5.862727272727273e-06,0.5,,,,,,,,,,,
5.963636363636365e-06,0.1,,,,,,,,,,,
5.963636363636365e-06,0.10404040404040404,,,,,,,,,,,
5.963636363636365e-06,0.10808080808080808,,,,,,,,,,,
5.963636363636365e-06,0.11212121212121212,,,,,,,,,,,
5.963636363636365e-06,0.11616161616161616,,,,,,,,,,,
5.963636363636365e-06,0.1202020202020202,,,,,,,,,,,
5.963636363636365e-06,0.12424242424242425,,,,,,,,,,,
5.963636363636365e-06,0.12828282828282828,,,,,,,,,,,
5.963636363636365e-06,0.13232323232323234,,,,,,,,,,,
5.963636363636365e-06,0.13636363636363635,,,,,,,,,,,
5.963636363636365e-06,0.14040404040404042,,,,,,,,,,,
5.963636363636365e-06,0.14444444444444446,,,,,,,,,,,
5.963636363636365e-06,0.1484848484848485,,,,,,,,,,,
5.963636363636365e-06,0.15252525252525254,,,,,,,,,,,
5.963636363636365e-06,0.15656565656565657,,,,,,,,,,,
5.963636363636365e-06,0.1606060606060606,,,,,,,,,,,
5.963636363636365e-06,0.16464646464646465,,,,,,,,,,,
5.963636363636365e-06,0.1686868686868687,,,,,,,,,,,
5.963636363636365e-06,0.17272727272727273,,,,,,,,,,,
5.963636363636365e-06,0.17676767676767677,,,,,,,,,,,
5.963636363636365e-06,0.1808080808080808,,,,,,,,,,,
5.963636363636365e-06,0.18484848484848487,,,,,,,,,,,
5.963636363636365e-06,0.18888888888888888,,,,,,,,,,,
5.963636363636365e-06,0.19292929292929295,,,,,,,,,,,
5.963636363636365e-06,0.19696969696969696,,,,,,,,,,,
5.963636363636365e-06,0.20101010101010103,,,,,,,,,,,
5.963636363636365e-06,0.20505050505050504,,,,,,,,,,,
5.963636363636365e-06,0.2090909090909091,,,,,,,,,,,
5.963636363636365e-06,0.21313131313131314,,,,,,,,,,,
5.963636363636365e-06,0.21717171717171718,,,,,,,,,,,
5.963636363636365e-06,0.22121212121212122,,,,,,,,,,,
5.963636363636365e-06,0.22525252525252526,,,,,,,,,,,
5.963636363636365e-06,0.2292929292929293,,,,,,,,,,,
5.963636363636365e-06,0.23333333333333334,,,,,,,,,,,
5.963636363636365e-06,0.23737373737373738,,,,,,,,,,,
5.963636363636365e-06,0.24141414141414141,,,,,,,,,,,
5.963636363636365e-06,0.24545454545454545,,,,,,,,,,,
5.963636363636365e-06,0.2494949494949495,,,,,,,,,,,
5.963636363636365e-06,0.2535353535353535,,,,,,,,,,,
5.963636363636365e-06,0.25757575757575757,,,,,,,,,,,
5.963636363636365e-06,0.26161616161616164,,,,,,,,,,,
5.963636363636365e-06,0.2656565656565657,,,,,,,,,,,
5.963636363636365e-06,0.2696969696969697,,,,,,,,,,,
5.963636363636365e-06,0.2737373737373737,,,,,,,,,,,
5.963636363636365e-06,0.2777777777777778,,,,,,,,,,,
5.963636363636365e-06,0.28181818181818186,,,,,,,,,,,
5.963636363636365e-06,0.28585858585858587,,,,,,,,,,,
5.963636363636365e-06,0.2898989898989899,,,,,,,,,,,
5.963636363636365e-06,0.29393939393939394,,,,,,,,,,,
5.963636363636365e-06,0.297979797979798,,,,,,,,,,,
5.963636363636365e-06,0.302020202020202,,,,,,,,,,,
5.963636363636365e-06,0.30606060606060603,,,,,,,,,,,
5.963636363636365e-06,0.3101010101010101,,,,,,,,,,,
5.963636363636365e-06,0.31414141414141417,,,,,,,,,,,
5.963636363636365e-06,0.3181818181818182,,,,,,,,,,,
5.963636363636365e-06,0.3222222222222222,,,,,,,,,,,
5.963636363636365e-06,0.32626262626262625,,,,,,,,,,,
5.963636363636365e-06,0.3303030303030303,,,,,,,,,,,
5.963636363636365e-06,0.3343434343434344,,,,,,,,,,,
5.963636363636365e-06,0.3383838383838384,,,,,,,,,,,
5.963636363636365e-06,0.3424242424242424,,,,,,,,,,,
5.963636363636365e-06,0.3464646464646465,,,,,,,,,,,
5.963636363636365e-06,0.35050505050505054,,,,,,,,,,,
5.963636363636365e-06,0.3545454545454545,,,,,,,,,,,
5.963636363636365e-06,0.35858585858585856,,,,,,,,,,,
5.963636363636365e-06,0.36262626262626263,,,,,,,,,,,
5.963636363636365e-06,0.3666666666666667,,,,,,,,,,,
5.963636363636365e-06,0.37070707070707076,,,,,,,,,,,
5.963636363636365e-06,0.3747474747474747,,,,,,,,,,,
5.963636363636365e-06,0.3787878787878788,,,,,,,,,,,
5.963636363636365e-06,0.38282828282828285,,,,,,,,,,,
5.963636363636365e-06,0.3868686868686869,,,,,,,,,,,
5.963636363636365e-06,0.3909090909090909,,,,,,,,,,,
5.963636363636365e-06,0.39494949494949494,,,,,,,,,,,
5.963636363636365e-06,0.398989898989899,,,,,,,,,,,
5.963636363636365e-06,0.40303030303030307,,,,,,,,,,,
5.963636363636365e-06,0.407070707070707,,,,,,,,,,,
5.963636363636365e-06,0.4111111111111111,,,,,,,,,,,
5.963636363636365e-06,0.41515151515151516,,,,,,,,,,,
5.963636363636365e-06,0.4191919191919192,,,,,,,,,,,
5.963636363636365e-06,0.4232323232323232,,,,,,,,,,,
5.963636363636365e-06,0.42727272727272725,,,,,,,,,,,
5.963636363636365e-06,0.4313131313131313,,,,,,,,,,,
5.963636363636365e-06,0.4353535353535354,,,,,,,,,,,
5.963636363636365e-06,0.43939393939393945,,,,,,,,,,,
5.963636363636365e-06,0.4434343434343434,,,,,,,,,,,
5.963636363636365e-06,0.44747474747474747,,,,,,,,,,,
5.963636363636365e-06,0.45151515151515154,,,,,,,,,,,
5.963636363636365e-06,0.4555555555555556,,,,,,,,,,,
5.963636363636365e-06,0.45959595959595956,,,,,,,,,,,
5.963636363636365e-06,0.4636363636363636,,,,,,,,,,,
5.963636363636365e-06,0.4676767676767677,,,,,,,,,,,
5.963636363636365e-06,0.47171717171717176,,,,,,,,,,,
5.963636363636365e-06,0.4757575757575757,,,,,,,,,,,
5.963636363636365e-06,0.4797979797979798,,,,,,,,,,,
5.963636363636365e-06,0.48383838383838385,,,,,,,,,,,
5.963636363636365e-06,0.4878787878787879,,,,,,,,,,,
5.963636363636365e-06,0.491919191919192,,,,,,,,,,,
5.963636363636365e-06,0.49595959595959593,,,,,,,,,,,
5.963636363636365e-06,0.5,,,,,,,,,,,
6.064545454545455e-06,0.1,,,,,,,,,,,
6.064545454545455e-06,0.10404040404040404,,,,,,,,,,,
6.064545454545455e-06,0.10808080808080808,,,,,,,,,,,
6.064545454545455e-06,0.11212121212121212,,,,,,,,,,,
6.064545454545455e-06,0.11616161616161616,,,,,,,,,,,
6.064545454545455e-06,0.1202020202020202,,,,,,,,,,,
6.064545454545455e-06,0.12424242424242425,,,,,,,,,,,
6.064545454545455e-06,0.12828282828282828,,,,,,,,,,,
6.064545454545455e-06,0.13232323232323234,,,,,,,,,,,
6.064545454545455e-06,0.13636363636363635,,,,,,,,,,,
6.064545454545455e-06,0.14040404040404042,,,,,,,,,,,
6.064545454545455e-06,0.14444444444444446,,,,,,,,,,,
6.064545454545455e-06,0.1484848484848485,,,,,,,,,,,
6.064545454545455e-06,0.15252525252525254,,,,,,,,,,,
6.064545454545455e-06,0.15656565656565657,,,,,,,,,,,
6.064545454545455e-06,0.1606060606060606,,,,,,,,,,,
6.064545454545455e-06,0.16464646464646465,,,,,,,,,,,
6.064545454545455e-06,0.1686868686868687,,,,,,,,,,,
6.064545454545455e-06,0.17272727272727273,,,,,,,,,,,
6.064545454545455e-06,0.17676767676767677,,,,,,,,,,,
6.064545454545455e-06,0.1808080808080808,,,,,,,,,,,
6.064545454545455e-06,0.18484848484848487,,,,,,,,,,,
6.064545454545455e-06,0.18888888888888888,,,,,,,,,,,
6.064545454545455e-06,0.19292929292929295,,,,,,,,,,,
6.064545454545455e-06,0.19696969696969696,,,,,,,,,,,
6.064545454545455e-06,0.20101010101010103,,,,,,,,,,,
6.064545454545455e-06,0.20505050505050504,,,,,,,,,,,
6.064545454545455e-06,0.2090909090909091,,,,,,,,,,,
6.064545454545455e-06,0.21313131313131314,,,,,,,,,,,
6.064545454545455e-06,0.21717171717171718,,,,,,,,,,,
6.064545454545455e-06,0.22121212121212122,,,,,,,,,,,
6.064545454545455e-06,0.22525252525252526,,,,,,,,,,,
6.064545454545455e-06,0.2292929292929293,,,,,,,,,,,
6.064545454545455e-06,0.23333333333333334,,,,,,,,,,,
6.064545454545455e-06,0.23737373737373738,,,,,,,,,,,
6.064545454545455e-06,0.24141414141414141,,,,,,,,,,,
6.064545454545455e-06,0.24545454545454545,,,,,,,,,,,
6.064545454545455e-06,0.2494949494949495,,,,,,,,,,,
6.064545454545455e-06,0.2535353535353535,,,,,,,,,,,
6.064545454545455e-06,0.25757575757575757,,,,,,,,,,,
6.064545454545455e-06,0.26161616161616164,,,,,,,,,,,
6.064545454545455e-06,0.2656565656565657,,,,,,,,,,,
6.064545454545455e-06,0.2696969696969697,,,,,,,,,,,
6.064545454545455e-06,0.2737373737373737,,,,,,,,,,,
6.064545454545455e-06,0.2777777777777778,,,,,,,,,,,
6.064545454545455e-06,0.28181818181818186,,,,,,,,,,,
6.064545454545455e-06,0.28585858585858587,,,,,,,,,,,
6.064545454545455e-06,0.2898989898989899,,,,,,,,,,,
6.064545454545455e-06,0.29393939393939394,,,,,,,,,,,
6.064545454545455e-06,0.297979797979798,,,,,,,,,,,
6.064545454545455e-06,0.302020202020202,,,,,,,,,,,
6.064545454545455e-06,0.30606060606060603,,,,,,,,,,,
6.064545454545455e-06,0.3101010101010101,,,,,,,,,,,
6.064545454545455e-06,0.31414141414141417,,,,,,,,,,,
6.064545454545455e-06,0.3181818181818182,,,,,,,,,,,
6.064545454545455e-06,0.3222222222222222,,,,,,,,,,,
6.064545454545455e-06,0.32626262626262625,,,,,,,,,,,
6.064545454545455e-06,0.3303030303030303,,,,,,,,,,,
6.064545454545455e-06,0.3343434343434344,,,,,,,,,,,
6.064545454545455e-06,0.3383838383838384,,,,,,,,,,,
6.064545454545455e-06,0.3424242424242424,,,,,,,,,,,
6.064545454545455e-06,0.3464646464646465,,,,,,,,,,,
6.064545454545455e-06,0.35050505050505054,,,,,,,,,,,
6.064545454545455e-06,0.3545454545454545,,,,,,,,,,,
6.064545454545455e-06,0.35858585858585856,,,,,,,,,,,
6.064545454545455e-06,0.36262626262626263,,,,,,,,,,,
6.064545454545455e-06,0.3666666666666667,,,,,,,,,,,
6.064545454545455e-06,0.37070707070707076,,,,,,,,,,,
6.064545454545455e-06,0.3747474747474747,,,,,,,,,,,
6.064545454545455e-06,0.3787878787878788,,,,,,,,,,,
6.064545454545455e-06,0.38282828282828285,,,,,,,,,,,
6.064545454545455e-06,0.3868686868686869,,,,,,,,,,,
6.064545454545455e-06,0.3909090909090909,,,,,,,,,,,
6.064545454545455e-06,0.39494949494949494,,,,,,,,,,,
6.064545454545455e-06,0.398989898989899,,,,,,,,,,,
6.064545454545455e-06,0.40303030303030307,,,,,,,,,,,
6.064545454545455e-06,0.407070707070707,,,,,,,,,,,
6.064545454545455e-06,0.4111111111111111,,,,,,,,,,,
6.064545454545455e-06,0.41515151515151516,,,,,,,,,,,
6.064545454545455e-06,0.4191919191919192,,,,,,,,,,,
6.064545454545455e-06,0.4232323232323232,,,,,,,,,,,
6.064545454545455e-06,0.42727272727272725,,,,,,,,,,,
6.064545454545455e-06,0.4313131313131313,,,,,,,,,,,
6.064545454545455e-06,0.4353535353535354,,,,,,,,,,,
6.064545454545455e-06,0.43939393939393945,,,,,,,,,,,
6.064545454545455e-06,0.4434343434343434,,,,,,,,,,,
6.064545454545455e-06,0.44747474747474747,,,,,,,,,,,
6.064545454545455e-06,0.45151515151515154,,,,,,,,,,,
6.064545454545455e-06,0.4555555555555556,,,,,,,,,,,
6.064545454545455e-06,0.45959595959595956,,,,,,,,,,,
6.064545454545455e-06,0.4636363636363636,,,,,,,,,,,
6.064545454545455e-06,0.4676767676767677,,,,,,,,,,,
6.064545454545455e-06,0.47171717171717176,,,,,,,,,,,
6.064545454545455e-06,0.4757575757575757,,,,,,,,,,,
6.064545454545455e-06,0.4797979797979798,,,,,,,,,,,
6.064545454545455e-06,0.48383838383838385,,,,,,,,,,,
6.064545454545455e-06,0.4878787878787879,,,,,,,,,,,
6.064545454545455e-06,0.491919191919192,,,,,,,,,,,
6.064545454545455e-06,0.49595959595959593,,,,,,,,,,,
6.064545454545455e-06,0.5,,,,,,,,,,,
6.165454545454546e-06,0.1,,,,,,,,,,,
6.165454545454546e-06,0.10404040404040404,,,,,,,,,,,
6.165454545454546e-06,0.10808080808080808,,,,,,,,,,,
6.165454545454546e-06,0.11212121212121212,,,,,,,,,,,
6.165454545454546e-06,0.11616161616161616,,,,,,,,,,,
6.165454545454546e-06,0.1202020202020202,,,,,,,,,,,
6.165454545454546e-06,0.12424242424242425,,,,,,,,,,,
6.165454545454546e-06,0.12828282828282828,,,,,,,,,,,
6.165454545454546e-06,0.13232323232323234,,,,,,,,,,,
6.165454545454546e-06,0.13636363636363635,,,,,,,,,,,
6.165454545454546e-06,0.14040404040404042,,,,,,,,,,,
6.165454545454546e-06,0.14444444444444446,,,,,,,,,,,
6.165454545454546e-06,0.1484848484848485,,,,,,,,,,,
6.165454545454546e-06,0.15252525252525254,,,,,,,,,,,
6.165454545454546e-06,0.15656565656565657,,,,,,,,,,,
6.165454545454546e-06,0.1606060606060606,,,,,,,,,,,
6.165454545454546e-06,0.16464646464646465,,,,,,,,,,,
6.165454545454546e-06,0.1686868686868687,,,,,,,,,,,
6.165454545454546e-06,0.17272727272727273,,,,,,,,,,,
6.165454545454546e-06,0.17676767676767677,,,,,,,,,,,
6.165454545454546e-06,0.1808080808080808,,,,,,,,,,,
6.165454545454546e-06,0.18484848484848487,,,,,,,,,,,
6.165454545454546e-06,0.18888888888888888,,,,,,,,,,,
6.165454545454546e-06,0.19292929292929295,,,,,,,,,,,
6.165454545454546e-06,0.19696969696969696,,,,,,,,,,,
6.165454545454546e-06,0.20101010101010103,,,,,,,,,,,
6.165454545454546e-06,0.20505050505050504,,,,,,,,,,,
6.165454545454546e-06,0.2090909090909091,,,,,,,,,,,
6.165454545454546e-06,0.21313131313131314,,,,,,,,,,,
6.165454545454546e-06,0.21717171717171718,,,,,,,,,,,
6.165454545454546e-06,0.22121212121212122,,,,,,,,,,,
6.165454545454546e-06,0.22525252525252526,,,,,,,,,,,
6.165454545454546e-06,0.2292929292929293,,,,,,,,,,,
6.165454545454546e-06,0.23333333333333334,,,,,,,,,,,
6.165454545454546e-06,0.23737373737373738,,,,,,,,,,,
6.165454545454546e-06,0.24141414141414141,,,,,,,,,,,
6.165454545454546e-06,0.24545454545454545,,,,,,,,,,,
6.165454545454546e-06,0.2494949494949495,,,,,,,,,,,
6.165454545454546e-06,0.2535353535353535,,,,,,,,,,,
6.165454545454546e-06,0.25757575757575757,,,,,,,,,,,
6.165454545454546e-06,0.26161616161616164,,,,,,,,,,,
6.165454545454546e-06,0.2656565656565657,,,,,,,,,,,
6.165454545454546e-06,0.2696969696969697,,,,,,,,,,,
6.165454545454546e-06,0.2737373737373737,,,,,,,,,,,
6.165454545454546e-06,0.2777777777777778,,,,,,,,,,,
6.165454545454546e-06,0.28181818181818186,,,,,,,,,,,
6.165454545454546e-06,0.28585858585858587,,,,,,,,,,,
6.165454545454546e-06,0.2898989898989899,,,,,,,,,,,
6.165454545454546e-06,0.29393939393939394,,,,,,,,,,,
6.165454545454546e-06,0.297979797979798,,,,,,,,,,,
6.165454545454546e-06,0.302020202020202,,,,,,,,,,,
6.165454545454546e-06,0.30606060606060603,,,,,,,,,,,
6.165454545454546e-06,0.3101010101010101,,,,,,,,,,,
6.165454545454546e-06,0.31414141414141417,,,,,,,,,,,
6.165454545454546e-06,0.3181818181818182,,,,,,,,,,,
6.165454545454546e-06,0.3222222222222222,,,,,,,,,,,
6.165454545454546e-06,0.32626262626262625,,,,,,,,,,,
6.165454545454546e-06,0.3303030303030303,,,,,,,,,,,
6.165454545454546e-06,0.3343434343434344,,,,,,,,,,,
6.165454545454546e-06,0.3383838383838384,,,,,,,,,,,
6.165454545454546e-06,0.3424242424242424,,,,,,,,,,,
6.165454545454546e-06,0.3464646464646465,,,,,,,,,,,
6.165454545454546e-06,0.35050505050505054,,,,,,,,,,,
6.165454545454546e-06,0.3545454545454545,,,,,,,,,,,
6.165454545454546e-06,0.35858585858585856,,,,,,,,,,,
6.165454545454546e-06,0.36262626262626263,,,,,,,,,,,
6.165454545454546e-06,0.3666666666666667,,,,,,,,,,,
6.165454545454546e-06,0.37070707070707076,,,,,,,,,,,
6.165454545454546e-06,0.3747474747474747,,,,,,,,,,,
6.165454545454546e-06,0.3787878787878788,,,,,,,,,,,
6.165454545454546e-06,0.38282828282828285,,,,,,,,,,,
6.165454545454546e-06,0.3868686868686869,,,,,,,,,,,
6.165454545454546e-06,0.3909090909090909,,,,,,,,,,,
6.165454545454546e-06,0.39494949494949494,,,,,,,,,,,
6.165454545454546e-06,0.398989898989899,,,,,,,,,,,
6.165454545454546e-06,0.40303030303030307,,,,,,,,,,,
6.165454545454546e-06,0.407070707070707,,,,,,,,,,,
6.165454545454546e-06,0.4111111111111111,,,,,,,,,,,
6.165454545454546e-06,0.41515151515151516,,,,,,,,,,,
6.165454545454546e-06,0.4191919191919192,,,,,,,,,,,
6.165454545454546e-06,0.4232323232323232,,,,,,,,,,,
6.165454545454546e-06,0.42727272727272725,,,,,,,,,,,
6.165454545454546e-06,0.4313131313131313,,,,,,,,,,,
6.165454545454546e-06,0.4353535353535354,,,,,,,,,,,
6.165454545454546e-06,0.43939393939393945,,,,,,,,,,,
6.165454545454546e-06,0.4434343434343434,,,,,,,,,,,
6.165454545454546e-06,0.44747474747474747,,,,,,,,,,,
6.165454545454546e-06,0.45151515151515154,,,,,,,,,,,
6.165454545454546e-06,0.4555555555555556,,,,,,,,,,,
6.165454545454546e-06,0.45959595959595956,,,,,,,,,,,
6.165454545454546e-06,0.4636363636363636,,,,,,,,,,,
6.165454545454546e-06,0.4676767676767677,,,,,,,,,,,
6.165454545454546e-06,0.47171717171717176,,,,,,,,,,,
6.165454545454546e-06,0.4757575757575757,,,,,,,,,,,
6.165454545454546e-06,0.4797979797979798,,,,,,,,,,,
6.165454545454546e-06,0.48383838383838385,,,,,,,,,,,
6.165454545454546e-06,0.4878787878787879,,,,,,,,,,,
6.165454545454546e-06,0.491919191919192,,,,,,,,,,,
6.165454545454546e-06,0.49595959595959593,,,,,,,,,,,
6.165454545454546e-06,0.5,,,,,,,,,,,
6.266363636363638e-06,0.1,,,,,,,,,,,
6.266363636363638e-06,0.10404040404040404,,,,,,,,,,,
6.266363636363638e-06,0.10808080808080808,,,,,,,,,,,
6.266363636363638e-06,0.11212121212121212,,,,,,,,,,,
6.266363636363638e-06,0.11616161616161616,,,,,,,,,,,
6.266363636363638e-06,0.1202020202020202,,,,,,,,,,,
6.266363636363638e-06,0.12424242424242425,,,,,,,,,,,
6.266363636363638e-06,0.12828282828282828,,,,,,,,,,,
6.266363636363638e-06,0.13232323232323234,,,,,,,,,,,
6.266363636363638e-06,0.13636363636363635,,,,,,,,,,,
6.266363636363638e-06,0.14040404040404042,,,,,,,,,,,
6.266363636363638e-06,0.14444444444444446,,,,,,,,,,,
6.266363636363638e-06,0.1484848484848485,,,,,,,,,,,
6.266363636363638e-06,0.15252525252525254,,,,,,,,,,,
6.266363636363638e-06,0.15656565656565657,,,,,,,,,,,
6.266363636363638e-06,0.1606060606060606,,,,,,,,,,,
6.266363636363638e-06,0.16464646464646465,,,,,,,,,,,
6.266363636363638e-06,0.1686868686868687,,,,,,,,,,,
6.266363636363638e-06,0.17272727272727273,,,,,,,,,,,
6.266363636363638e-06,0.17676767676767677,,,,,,,,,,,
6.266363636363638e-06,0.1808080808080808,,,,,,,,,,,
6.266363636363638e-06,0.18484848484848487,,,,,,,,,,,
6.266363636363638e-06,0.18888888888888888,,,,,,,,,,,
6.266363636363638e-06,0.19292929292929295,,,,,,,,,,,
6.266363636363638e-06,0.19696969696969696,,,,,,,,,,,
6.266363636363638e-06,0.20101010101010103,,,,,,,,,,,
6.266363636363638e-06,0.20505050505050504,,,,,,,,,,,
6.266363636363638e-06,0.2090909090909091,,,,,,,,,,,
6.266363636363638e-06,0.21313131313131314,,,,,,,,,,,
6.266363636363638e-06,0.21717171717171718,,,,,,,,,,,
6.266363636363638e-06,0.22121212121212122,,,,,,,,,,,
6.266363636363638e-06,0.22525252525252526,,,,,,,,,,,
6.266363636363638e-06,0.2292929292929293,,,,,,,,,,,
6.266363636363638e-06,0.23333333333333334,,,,,,,,,,,
6.266363636363638e-06,0.23737373737373738,,,,,,,,,,,
6.266363636363638e-06,0.24141414141414141,,,,,,,,,,,
6.266363636363638e-06,0.24545454545454545,,,,,,,,,,,
6.266363636363638e-06,0.2494949494949495,,,,,,,,,,,
6.266363636363638e-06,0.2535353535353535,,,,,,,,,,,
6.266363636363638e-06,0.25757575757575757,,,,,,,,,,,
6.266363636363638e-06,0.26161616161616164,,,,,,,,,,,
6.266363636363638e-06,0.2656565656565657,,,,,,,,,,,
6.266363636363638e-06,0.2696969696969697,,,,,,,,,,,
6.266363636363638e-06,0.2737373737373737,,,,,,,,,,,
6.266363636363638e-06,0.2777777777777778,,,,,,,,,,,
6.266363636363638e-06,0.28181818181818186,,,,,,,,,,,
6.266363636363638e-06,0.28585858585858587,,,,,,,,,,,
6.266363636363638e-06,0.2898989898989899,,,,,,,,,,,
6.266363636363638e-06,0.29393939393939394,,,,,,,,,,,
6.266363636363638e-06,0.297979797979798,,,,,,,,,,,
6.266363636363638e-06,0.302020202020202,,,,,,,,,,,
6.266363636363638e-06,0.30606060606060603,,,,,,,,,,,
6.266363636363638e-06,0.3101010101010101,,,,,,,,,,,
6.266363636363638e-06,0.31414141414141417,,,,,,,,,,,
6.266363636363638e-06,0.3181818181818182,,,,,,,,,,,
6.266363636363638e-06,0.3222222222222222,,,,,,,,,,,
6.266363636363638e-06,0.32626262626262625,,,,,,,,,,,
6.266363636363638e-06,0.3303030303030303,,,,,,,,,,,
6.266363636363638e-06,0.3343434343434344,,,,,,,,,,,
6.266363636363638e-06,0.3383838383838384,,,,,,,,,,,
6.266363636363638e-06,0.3424242424242424,,,,,,,,,,,
6.266363636363638e-06,0.3464646464646465,,,,,,,,,,,
6.266363636363638e-06,0.35050505050505054,,,,,,,,,,,
6.266363636363638e-06,0.3545454545454545,,,,,,,,,,,
6.266363636363638e-06,0.35858585858585856,,,,,,,,,,,
6.266363636363638e-06,0.36262626262626263,,,,,,,,,,,
6.266363636363638e-06,0.3666666666666667,,,,,,,,,,,
6.266363636363638e-06,0.37070707070707076,,,,,,,,,,,
6.266363636363638e-06,0.3747474747474747,,,,,,,,,,,
6.266363636363638e-06,0.3787878787878788,,,,,,,,,,,
6.266363636363638e-06,0.38282828282828285,,,,,,,,,,,
6.266363636363638e-06,0.3868686868686869,,,,,,,,,,,
6.266363636363638e-06,0.3909090909090909,,,,,,,,,,,
6.266363636363638e-06,0.39494949494949494,,,,,,,,,,,
6.266363636363638e-06,0.398989898989899,,,,,,,,,,,
6.266363636363638e-06,0.40303030303030307,,,,,,,,,,,
6.266363636363638e-06,0.407070707070707,,,,,,,,,,,
6.266363636363638e-06,0.4111111111111111,,,,,,,,,,,
6.266363636363638e-06,0.41515151515151516,,,,,,,,,,,
6.266363636363638e-06,0.4191919191919192,,,,,,,,,,,
6.266363636363638e-06,0.4232323232323232,,,,,,,,,,,
6.266363636363638e-06,0.42727272727272725,,,,,,,,,,,
6.266363636363638e-06,0.4313131313131313,,,,,,,,,,,
6.266363636363638e-06,0.4353535353535354,,,,,,,,,,,
6.266363636363638e-06,0.43939393939393945,,,,,,,,,,,
6.266363636363638e-06,0.4434343434343434,,,,,,,,,,,
6.266363636363638e-06,0.44747474747474747,,,,,,,,,,,
6.266363636363638e-06,0.45151515151515154,,,,,,,,,,,
6.266363636363638e-06,0.4555555555555556,,,,,,,,,,,
6.266363636363638e-06,0.45959595959595956,,,,,,,,,,,
6.266363636363638e-06,0.4636363636363636,,,,,,,,,,,
6.266363636363638e-06,0.4676767676767677,,,,,,,,,,,
6.266363636363638e-06,0.47171717171717176,,,,,,,,,,,
6.266363636363638e-06,0.4757575757575757,,,,,,,,,,,
6.266363636363638e-06,0.4797979797979798,,,,,,,,,,,
6.266363636363638e-06,0.48383838383838385,,,,,,,,,,,
6.266363636363638e-06,0.4878787878787879,,,,,,,,,,,
6.266363636363638e-06,0.491919191919192,,,,,,,,,,,
6.266363636363638e-06,0.49595959595959593,,,,,,,,,,,
6.266363636363638e-06,0.5,,,,,,,,,,,
6.367272727272728e-06,0.1,,,,,,,,,,,
6.367272727272728e-06,0.10404040404040404,,,,,,,,,,,
6.367272727272728e-06,0.10808080808080808,,,,,,,,,,,
6.367272727272728e-06,0.11212121212121212,,,,,,,,,,,
6.367272727272728e-06,0.11616161616161616,,,,,,,,,,,
6.367272727272728e-06,0.1202020202020202,,,,,,,,,,,
6.367272727272728e-06,0.12424242424242425,,,,,,,,,,,
6.367272727272728e-06,0.12828282828282828,,,,,,,,,,,
6.367272727272728e-06,0.13232323232323234,,,,,,,,,,,
6.367272727272728e-06,0.13636363636363635,,,,,,,,,,,
6.367272727272728e-06,0.14040404040404042,,,,,,,,,,,
6.367272727272728e-06,0.14444444444444446,,,,,,,,,,,
6.367272727272728e-06,0.1484848484848485,,,,,,,,,,,
6.367272727272728e-06,0.15252525252525254,,,,,,,,,,,
6.367272727272728e-06,0.15656565656565657,,,,,,,,,,,
6.367272727272728e-06,0.1606060606060606,,,,,,,,,,,
6.367272727272728e-06,0.16464646464646465,,,,,,,,,,,
6.367272727272728e-06,0.1686868686868687,,,,,,,,,,,
6.367272727272728e-06,0.17272727272727273,,,,,,,,,,,
6.367272727272728e-06,0.17676767676767677,,,,,,,,,,,
6.367272727272728e-06,0.1808080808080808,,,,,,,,,,,
6.367272727272728e-06,0.18484848484848487,,,,,,,,,,,
6.367272727272728e-06,0.18888888888888888,,,,,,,,,,,
6.367272727272728e-06,0.19292929292929295,,,,,,,,,,,
6.367272727272728e-06,0.19696969696969696,,,,,,,,,,,
6.367272727272728e-06,0.20101010101010103,,,,,,,,,,,
6.367272727272728e-06,0.20505050505050504,,,,,,,,,,,
6.367272727272728e-06,0.2090909090909091,,,,,,,,,,,
6.367272727272728e-06,0.21313131313131314,,,,,,,,,,,
6.367272727272728e-06,0.21717171717171718,,,,,,,,,,,
6.367272727272728e-06,0.22121212121212122,,,,,,,,,,,
6.367272727272728e-06,0.22525252525252526,,,,,,,,,,,
6.367272727272728e-06,0.2292929292929293,,,,,,,,,,,
6.367272727272728e-06,0.23333333333333334,,,,,,,,,,,
6.367272727272728e-06,0.23737373737373738,,,,,,,,,,,
6.367272727272728e-06,0.24141414141414141,,,,,,,,,,,
6.367272727272728e-06,0.24545454545454545,,,,,,,,,,,
6.367272727272728e-06,0.2494949494949495,,,,,,,,,,,
6.367272727272728e-06,0.2535353535353535,,,,,,,,,,,
6.367272727272728e-06,0.25757575757575757,,,,,,,,,,,
6.367272727272728e-06,0.26161616161616164,,,,,,,,,,,
6.367272727272728e-06,0.2656565656565657,,,,,,,,,,,
6.367272727272728e-06,0.2696969696969697,,,,,,,,,,,
6.367272727272728e-06,0.2737373737373737,,,,,,,,,,,
6.367272727272728e-06,0.2777777777777778,,,,,,,,,,,
6.367272727272728e-06,0.28181818181818186,,,,,,,,,,,
6.367272727272728e-06,0.28585858585858587,,,,,,,,,,,
6.367272727272728e-06,0.2898989898989899,,,,,,,,,,,
6.367272727272728e-06,0.29393939393939394,,,,,,,,,,,
6.367272727272728e-06,0.297979797979798,,,,,,,,,,,
6.367272727272728e-06,0.302020202020202,,,,,,,,,,,
6.367272727272728e-06,0.30606060606060603,,,,,,,,,,,
6.367272727272728e-06,0.3101010101010101,,,,,,,,,,,
6.367272727272728e-06,0.31414141414141417,,,,,,,,,,,
6.367272727272728e-06,0.3181818181818182,,,,,,,,,,,
6.367272727272728e-06,0.3222222222222222,,,,,,,,,,,
6.367272727272728e-06,0.32626262626262625,,,,,,,,,,,
6.367272727272728e-06,0.3303030303030303,,,,,,,,,,,
6.367272727272728e-06,0.3343434343434344,,,,,,,,,,,
6.367272727272728e-06,0.3383838383838384,,,,,,,,,,,
6.367272727272728e-06,0.3424242424242424,,,,,,,,,,,
6.367272727272728e-06,0.3464646464646465,,,,,,,,,,,
6.367272727272728e-06,0.35050505050505054,,,,,,,,,,,
6.367272727272728e-06,0.3545454545454545,,,,,,,,,,,
6.367272727272728e-06,0.35858585858585856,,,,,,,,,,,
6.367272727272728e-06,0.36262626262626263,,,,,,,,,,,
6.367272727272728e-06,0.3666666666666667,,,,,,,,,,,
6.367272727272728e-06,0.37070707070707076,,,,,,,,,,,
6.367272727272728e-06,0.3747474747474747,,,,,,,,,,,
6.367272727272728e-06,0.3787878787878788,,,,,,,,,,,
6.367272727272728e-06,0.38282828282828285,,,,,,,,,,,
6.367272727272728e-06,0.3868686868686869,,,,,,,,,,,
6.367272727272728e-06,0.3909090909090909,,,,,,,,,,,
6.367272727272728e-06,0.39494949494949494,,,,,,,,,,,
6.367272727272728e-06,0.398989898989899,,,,,,,,,,,
6.367272727272728e-06,0.40303030303030307,,,,,,,,,,,
6.367272727272728e-06,0.407070707070707,,,,,,,,,,,
6.367272727272728e-06,0.4111111111111111,,,,,,,,,,,
6.367272727272728e-06,0.41515151515151516,,,,,,,,,,,
6.367272727272728e-06,0.4191919191919192,,,,,,,,,,,
6.367272727272728e-06,0.4232323232323232,,,,,,,,,,,
6.367272727272728e-06,0.42727272727272725,,,,,,,,,,,
6.367272727272728e-06,0.4313131313131313,,,,,,,,,,,
6.367272727272728e-06,0.4353535353535354,,,,,,,,,,,
6.367272727272728e-06,0.43939393939393945,,,,,,,,,,,
6.367272727272728e-06,0.4434343434343434,,,,,,,,,,,
6.367272727272728e-06,0.44747474747474747,,,,,,,,,,,
6.367272727272728e-06,0.45151515151515154,,,,,,,,,,,
6.367272727272728e-06,0.4555555555555556,,,,,,,,,,,
6.367272727272728e-06,0.45959595959595956,,,,,,,,,,,
6.367272727272728e-06,0.4636363636363636,,,,,,,,,,,
6.367272727272728e-06,0.4676767676767677,,,,,,,,,,,
6.367272727272728e-06,0.47171717171717176,,,,,,,,,,,
6.367272727272728e-06,0.4757575757575757,,,,,,,,,,,
6.367272727272728e-06,0.4797979797979798,,,,,,,,,,,
6.367272727272728e-06,0.48383838383838385,,,,,,,,,,,
6.367272727272728e-06,0.4878787878787879,,,,,,,,,,,
6.367272727272728e-06,0.491919191919192,,,,,,,,,,,
6.367272727272728e-06,0.49595959595959593,,,,,,,,,,,
6.367272727272728e-06,0.5,,,,,,,,,,,
6.468181818181819e-06,0.1,,,,,,,,,,,
6.468181818181819e-06,0.10404040404040404,,,,,,,,,,,
6.468181818181819e-06,0.10808080808080808,,,,,,,,,,,
6.468181818181819e-06,0.11212121212121212,,,,,,,,,,,
6.468181818181819e-06,0.11616161616161616,,,,,,,,,,,
6.468181818181819e-06,0.1202020202020202,,,,,,,,,,,
6.468181818181819e-06,0.12424242424242425,,,,,,,,,,,
6.468181818181819e-06,0.12828282828282828,,,,,,,,,,,
6.468181818181819e-06,0.13232323232323234,,,,,,,,,,,
6.468181818181819e-06,0.13636363636363635,,,,,,,,,,,
6.468181818181819e-06,0.14040404040404042,,,,,,,,,,,
6.468181818181819e-06,0.14444444444444446,,,,,,,,,,,
6.468181818181819e-06,0.1484848484848485,,,,,,,,,,,
6.468181818181819e-06,0.15252525252525254,,,,,,,,,,,
6.468181818181819e-06,0.15656565656565657,,,,,,,,,,,
6.468181818181819e-06,0.1606060606060606,,,,,,,,,,,
6.468181818181819e-06,0.16464646464646465,,,,,,,,,,,
6.468181818181819e-06,0.1686868686868687,,,,,,,,,,,
6.468181818181819e-06,0.17272727272727273,,,,,,,,,,,
6.468181818181819e-06,0.17676767676767677,,,,,,,,,,,
6.468181818181819e-06,0.1808080808080808,,,,,,,,,,,
6.468181818181819e-06,0.18484848484848487,,,,,,,,,,,
6.468181818181819e-06,0.18888888888888888,,,,,,,,,,,
6.468181818181819e-06,0.19292929292929295,,,,,,,,,,,
6.468181818181819e-06,0.19696969696969696,,,,,,,,,,,
6.468181818181819e-06,0.20101010101010103,,,,,,,,,,,
6.468181818181819e-06,0.20505050505050504,,,,,,,,,,,
6.468181818181819e-06,0.2090909090909091,,,,,,,,,,,
6.468181818181819e-06,0.21313131313131314,,,,,,,,,,,
6.468181818181819e-06,0.21717171717171718,,,,,,,,,,,
6.468181818181819e-06,0.22121212121212122,,,,,,,,,,,
6.468181818181819e-06,0.22525252525252526,,,,,,,,,,,
6.468181818181819e-06,0.2292929292929293,,,,,,,,,,,
6.468181818181819e-06,0.23333333333333334,,,,,,,,,,,
6.468181818181819e-06,0.23737373737373738,,,,,,,,,,,
6.468181818181819e-06,0.24141414141414141,,,,,,,,,,,
6.468181818181819e-06,0.24545454545454545,,,,,,,,,,,
6.468181818181819e-06,0.2494949494949495,,,,,,,,,,,
6.468181818181819e-06,0.2535353535353535,,,,,,,,,,,
6.468181818181819e-06,0.25757575757575757,,,,,,,,,,,
6.468181818181819e-06,0.26161616161616164,,,,,,,,,,,
6.468181818181819e-06,0.2656565656565657,,,,,,,,,,,
6.468181818181819e-06,0.2696969696969697,,,,,,,,,,,
6.468181818181819e-06,0.2737373737373737,,,,,,,,,,,
6.468181818181819e-06,0.2777777777777778,,,,,,,,,,,
6.468181818181819e-06,0.28181818181818186,,,,,,,,,,,
6.468181818181819e-06,0.28585858585858587,,,,,,,,,,,
6.468181818181819e-06,0.2898989898989899,,,,,,,,,,,
6.468181818181819e-06,0.29393939393939394,,,,,,,,,,,
6.468181818181819e-06,0.297979797979798,,,,,,,,,,,
6.468181818181819e-06,0.302020202020202,,,,,,,,,,,
6.468181818181819e-06,0.30606060606060603,,,,,,,,,,,
6.468181818181819e-06,0.3101010101010101,,,,,,,,,,,
6.468181818181819e-06,0.31414141414141417,,,,,,,,,,,
6.468181818181819e-06,0.3181818181818182,,,,,,,,,,,
6.468181818181819e-06,0.3222222222222222,,,,,,,,,,,
6.468181818181819e-06,0.32626262626262625,,,,,,,,,,,
6.468181818181819e-06,0.3303030303030303,,,,,,,,,,,
6.468181818181819e-06,0.3343434343434344,,,,,,,,,,,
6.468181818181819e-06,0.3383838383838384,,,,,,,,,,,
6.468181818181819e-06,0.3424242424242424,,,,,,,,,,,
6.468181818181819e-06,0.3464646464646465,,,,,,,,,,,
6.468181818181819e-06,0.35050505050505054,,,,,,,,,,,
6.468181818181819e-06,0.3545454545454545,,,,,,,,,,,
6.468181818181819e-06,0.35858585858585856,,,,,,,,,,,
6.468181818181819e-06,0.36262626262626263,,,,,,,,,,,
6.468181818181819e-06,0.3666666666666667,,,,,,,,,,,
6.468181818181819e-06,0.37070707070707076,,,,,,,,,,,
6.468181818181819e-06,0.3747474747474747,,,,,,,,,,,
6.468181818181819e-06,0.3787878787878788,,,,,,,,,,,
6.468181818181819e-06,0.38282828282828285,,,,,,,,,,,
6.468181818181819e-06,0.3868686868686869,,,,,,,,,,,
6.468181818181819e-06,0.3909090909090909,,,,,,,,,,,
6.468181818181819e-06,0.39494949494949494,,,,,,,,,,,
6.468181818181819e-06,0.398989898989899,,,,,,,,,,,
6.468181818181819e-06,0.40303030303030307,,,,,,,,,,,
6.468181818181819e-06,0.407070707070707,,,,,,,,,,,
6.468181818181819e-06,0.4111111111111111,,,,,,,,,,,
6.468181818181819e-06,0.41515151515151516,,,,,,,,,,,
6.468181818181819e-06,0.4191919191919192,,,,,,,,,,,
6.468181818181819e-06,0.4232323232323232,,,,,,,,,,,
6.468181818181819e-06,0.42727272727272725,,,,,,,,,,,
6.468181818181819e-06,0.4313131313131313,,,,,,,,,,,
6.468181818181819e-06,0.4353535353535354,,,,,,,,,,,
6.468181818181819e-06,0.43939393939393945,,,,,,,,,,,
6.468181818181819e-06,0.4434343434343434,,,,,,,,,,,
6.468181818181819e-06,0.44747474747474747,,,,,,,,,,,
6.468181818181819e-06,0.45151515151515154,,,,,,,,,,,
6.468181818181819e-06,0.4555555555555556,,,,,,,,,,,
6.468181818181819e-06,0.45959595959595956,,,,,,,,,,,
6.468181818181819e-06,0.4636363636363636,,,,,,,,,,,
6.468181818181819e-06,0.4676767676767677,,,,,,,,,,,
6.468181818181819e-06,0.47171717171717176,,,,,,,,,,,
6.468181818181819e-06,0.4757575757575757,,,,,,,,,,,
6.468181818181819e-06,0.4797979797979798,,,,,,,,,,,
6.468181818181819e-06,0.48383838383838385,,,,,,,,,,,
6.468181818181819e-06,0.4878787878787879,,,,,,,,,,,
6.468181818181819e-06,0.491919191919192,,,,,,,,,,,
6.468181818181819e-06,0.49595959595959593,,,,,,,,,,,
6.468181818181819e-06,0.5,,,,,,,,,,,
6.56909090909091e-06,0.1,,,,,,,,,,,
6.56909090909091e-06,0.10404040404040404,,,,,,,,,,,
6.56909090909091e-06,0.10808080808080808,,,,,,,,,,,
6.56909090909091e-06,0.11212121212121212,,,,,,,,,,,
6.56909090909091e-06,0.11616161616161616,,,,,,,,,,,
6.56909090909091e-06,0.1202020202020202,,,,,,,,,,,
6.56909090909091e-06,0.12424242424242425,,,,,,,,,,,
6.56909090909091e-06,0.12828282828282828,,,,,,,,,,,
6.56909090909091e-06,0.13232323232323234,,,,,,,,,,,
6.56909090909091e-06,0.13636363636363635,,,,,,,,,,,
6.56909090909091e-06,0.14040404040404042,,,,,,,,,,,
6.56909090909091e-06,0.14444444444444446,,,,,,,,,,,
6.56909090909091e-06,0.1484848484848485,,,,,,,,,,,
6.56909090909091e-06,0.15252525252525254,,,,,,,,,,,
6.56909090909091e-06,0.15656565656565657,,,,,,,,,,,
6.56909090909091e-06,0.1606060606060606,,,,,,,,,,,
6.56909090909091e-06,0.16464646464646465,,,,,,,,,,,
6.56909090909091e-06,0.1686868686868687,,,,,,,,,,,
6.56909090909091e-06,0.17272727272727273,,,,,,,,,,,
6.56909090909091e-06,0.17676767676767677,,,,,,,,,,,
6.56909090909091e-06,0.1808080808080808,,,,,,,,,,,
6.56909090909091e-06,0.18484848484848487,,,,,,,,,,,
6.56909090909091e-06,0.18888888888888888,,,,,,,,,,,
6.56909090909091e-06,0.19292929292929295,,,,,,,,,,,
6.56909090909091e-06,0.19696969696969696,,,,,,,,,,,
6.56909090909091e-06,0.20101010101010103,,,,,,,,,,,
6.56909090909091e-06,0.20505050505050504,,,,,,,,,,,
6.56909090909091e-06,0.2090909090909091,,,,,,,,,,,
6.56909090909091e-06,0.21313131313131314,,,,,,,,,,,
6.56909090909091e-06,0.21717171717171718,,,,,,,,,,,
6.56909090909091e-06,0.22121212121212122,,,,,,,,,,,
6.56909090909091e-06,0.22525252525252526,,,,,,,,,,,
6.56909090909091e-06,0.2292929292929293,,,,,,,,,,,
6.56909090909091e-06,0.23333333333333334,,,,,,,,,,,
6.56909090909091e-06,0.23737373737373738,,,,,,,,,,,
6.56909090909091e-06,0.24141414141414141,,,,,,,,,,,
6.56909090909091e-06,0.24545454545454545,,,,,,,,,,,
6.56909090909091e-06,0.2494949494949495,,,,,,,,,,,
6.56909090909091e-06,0.2535353535353535,,,,,,,,,,,
6.56909090909091e-06,0.25757575757575757,,,,,,,,,,,
6.56909090909091e-06,0.26161616161616164,,,,,,,,,,,
6.56909090909091e-06,0.2656565656565657,,,,,,,,,,,
6.56909090909091e-06,0.2696969696969697,,,,,,,,,,,
6.56909090909091e-06,0.2737373737373737,,,,,,,,,,,
6.56909090909091e-06,0.2777777777777778,,,,,,,,,,,
6.56909090909091e-06,0.28181818181818186,,,,,,,,,,,
6.56909090909091e-06,0.28585858585858587,,,,,,,,,,,
6.56909090909091e-06,0.2898989898989899,,,,,,,,,,,
6.56909090909091e-06,0.29393939393939394,,,,,,,,,,,
6.56909090909091e-06,0.297979797979798,,,,,,,,,,,
6.56909090909091e-06,0.302020202020202,,,,,,,,,,,
6.56909090909091e-06,0.30606060606060603,,,,,,,,,,,
6.56909090909091e-06,0.3101010101010101,,,,,,,,,,,
6.56909090909091e-06,0.31414141414141417,,,,,,,,,,,
6.56909090909091e-06,0.3181818181818182,,,,,,,,,,,
6.56909090909091e-06,0.3222222222222222,,,,,,,,,,,
6.56909090909091e-06,0.32626262626262625,,,,,,,,,,,
6.56909090909091e-06,0.3303030303030303,,,,,,,,,,,
6.56909090909091e-06,0.3343434343434344,,,,,,,,,,,
6.56909090909091e-06,0.3383838383838384,,,,,,,,,,,
6.56909090909091e-06,0.3424242424242424,,,,,,,,,,,
6.56909090909091e-06,0.3464646464646465,,,,,,,,,,,
6.56909090909091e-06,0.35050505050505054,,,,,,,,,,,
6.56909090909091e-06,0.3545454545454545,,,,,,,,,,,
6.56909090909091e-06,0.35858585858585856,,,,,,,,,,,
6.56909090909091e-06,0.36262626262626263,,,,,,,,,,,
6.56909090909091e-06,0.3666666666666667,,,,,,,,,,,
6.56909090909091e-06,0.37070707070707076,,,,,,,,,,,
6.56909090909091e-06,0.3747474747474747,,,,,,,,,,,
6.56909090909091e-06,0.3787878787878788,,,,,,,,,,,
6.56909090909091e-06,0.38282828282828285,,,,,,,,,,,
6.56909090909091e-06,0.3868686868686869,,,,,,,,,,,
6.56909090909091e-06,0.3909090909090909,,,,,,,,,,,
6.56909090909091e-06,0.39494949494949494,,,,,,,,,,,
6.56909090909091e-06,0.398989898989899,,,,,,,,,,,
6.56909090909091e-06,0.40303030303030307,,,,,,,,,,,
6.56909090909091e-06,0.407070707070707,,,,,,,,,,,
6.56909090909091e-06,0.4111111111111111,,,,,,,,,,,
6.56909090909091e-06,0.41515151515151516,,,,,,,,,,,
6.56909090909091e-06,0.4191919191919192,,,,,,,,,,,
6.56909090909091e-06,0.4232323232323232,,,,,,,,,,,
6.56909090909091e-06,0.42727272727272725,,,,,,,,,,,
6.56909090909091e-06,0.4313131313131313,,,,,,,,,,,
6.56909090909091e-06,0.4353535353535354,,,,,,,,,,,
6.56909090909091e-06,0.43939393939393945,,,,,,,,,,,
6.56909090909091e-06,0.4434343434343434,,,,,,,,,,,
6.56909090909091e-06,0.44747474747474747,,,,,,,,,,,
6.56909090909091e-06,0.45151515151515154,,,,,,,,,,,
6.56909090909091e-06,0.4555555555555556,,,,,,,,,,,
6.56909090909091e-06,0.45959595959595956,,,,,,,,,,,
6.56909090909091e-06,0.4636363636363636,,,,,,,,,,,
6.56909090909091e-06,0.4676767676767677,,,,,,,,,,,
6.56909090909091e-06,0.47171717171717176,,,,,,,,,,,
6.56909090909091e-06,0.4757575757575757,,,,,,,,,,,
6.56909090909091e-06,0.4797979797979798,,,,,,,,,,,
6.56909090909091e-06,0.48383838383838385,,,,,,,,,,,
6.56909090909091e-06,0.4878787878787879,,,,,,,,,,,
6.56909090909091e-06,0.491919191919192,,,,,,,,,,,
6.56909090909091e-06,0.49595959595959593,,,,,,,,,,,
6.56909090909091e-06,0.5,,,,,,,,,,,
6.6700000000000005e-06,0.1,,,,,,,,,,,
6.6700000000000005e-06,0.10404040404040404,,,,,,,,,,,
6.6700000000000005e-06,0.10808080808080808,,,,,,,,,,,
6.6700000000000005e-06,0.11212121212121212,,,,,,,,,,,
6.6700000000000005e-06,0.11616161616161616,,,,,,,,,,,
6.6700000000000005e-06,0.1202020202020202,,,,,,,,,,,
6.6700000000000005e-06,0.12424242424242425,,,,,,,,,,,
6.6700000000000005e-06,0.12828282828282828,,,,,,,,,,,
6.6700000000000005e-06,0.13232323232323234,,,,,,,,,,,
6.6700000000000005e-06,0.13636363636363635,,,,,,,,,,,
6.6700000000000005e-06,0.14040404040404042,,,,,,,,,,,
6.6700000000000005e-06,0.14444444444444446,,,,,,,,,,,
6.6700000000000005e-06,0.1484848484848485,,,,,,,,,,,
6.6700000000000005e-06,0.15252525252525254,,,,,,,,,,,
6.6700000000000005e-06,0.15656565656565657,,,,,,,,,,,
6.6700000000000005e-06,0.1606060606060606,,,,,,,,,,,
6.6700000000000005e-06,0.16464646464646465,,,,,,,,,,,
6.6700000000000005e-06,0.1686868686868687,,,,,,,,,,,
6.6700000000000005e-06,0.17272727272727273,,,,,,,,,,,
6.6700000000000005e-06,0.17676767676767677,,,,,,,,,,,
6.6700000000000005e-06,0.1808080808080808,,,,,,,,,,,
6.6700000000000005e-06,0.18484848484848487,,,,,,,,,,,
6.6700000000000005e-06,0.18888888888888888,,,,,,,,,,,
6.6700000000000005e-06,0.19292929292929295,,,,,,,,,,,
6.6700000000000005e-06,0.19696969696969696,,,,,,,,,,,
6.6700000000000005e-06,0.20101010101010103,,,,,,,,,,,
6.6700000000000005e-06,0.20505050505050504,,,,,,,,,,,
6.6700000000000005e-06,0.2090909090909091,,,,,,,,,,,
6.6700000000000005e-06,0.21313131313131314,,,,,,,,,,,
6.6700000000000005e-06,0.21717171717171718,,,,,,,,,,,
6.6700000000000005e-06,0.22121212121212122,,,,,,,,,,,
6.6700000000000005e-06,0.22525252525252526,,,,,,,,,,,
6.6700000000000005e-06,0.2292929292929293,,,,,,,,,,,
6.6700000000000005e-06,0.23333333333333334,,,,,,,,,,,
6.6700000000000005e-06,0.23737373737373738,,,,,,,,,,,
6.6700000000000005e-06,0.24141414141414141,,,,,,,,,,,
6.6700000000000005e-06,0.24545454545454545,,,,,,,,,,,
6.6700000000000005e-06,0.2494949494949495,,,,,,,,,,,
6.6700000000000005e-06,0.2535353535353535,,,,,,,,,,,
6.6700000000000005e-06,0.25757575757575757,,,,,,,,,,,
6.6700000000000005e-06,0.26161616161616164,,,,,,,,,,,
6.6700000000000005e-06,0.2656565656565657,,,,,,,,,,,
6.6700000000000005e-06,0.2696969696969697,,,,,,,,,,,
6.6700000000000005e-06,0.2737373737373737,,,,,,,,,,,
6.6700000000000005e-06,0.2777777777777778,,,,,,,,,,,
6.6700000000000005e-06,0.28181818181818186,,,,,,,,,,,
6.6700000000000005e-06,0.28585858585858587,,,,,,,,,,,
6.6700000000000005e-06,0.2898989898989899,,,,,,,,,,,
6.6700000000000005e-06,0.29393939393939394,,,,,,,,,,,
6.6700000000000005e-06,0.297979797979798,,,,,,,,,,,
6.6700000000000005e-06,0.302020202020202,,,,,,,,,,,
6.6700000000000005e-06,0.30606060606060603,,,,,,,,,,,
6.6700000000000005e-06,0.3101010101010101,,,,,,,,,,,
6.6700000000000005e-06,0.31414141414141417,,,,,,,,,,,
6.6700000000000005e-06,0.3181818181818182,,,,,,,,,,,
6.6700000000000005e-06,0.3222222222222222,,,,,,,,,,,
6.6700000000000005e-06,0.32626262626262625,,,,,,,,,,,
6.6700000000000005e-06,0.3303030303030303,,,,,,,,,,,
6.6700000000000005e-06,0.3343434343434344,,,,,,,,,,,
6.6700000000000005e-06,0.3383838383838384,,,,,,,,,,,
6.6700000000000005e-06,0.3424242424242424,,,,,,,,,,,
6.6700000000000005e-06,0.3464646464646465,,,,,,,,,,,
6.6700000000000005e-06,0.35050505050505054,,,,,,,,,,,
6.6700000000000005e-06,0.3545454545454545,,,,,,,,,,,
6.6700000000000005e-06,0.35858585858585856,,,,,,,,,,,
6.6700000000000005e-06,0.36262626262626263,,,,,,,,,,,
6.6700000000000005e-06,0.3666666666666667,,,,,,,,,,,
6.6700000000000005e-06,0.37070707070707076,,,,,,,,,,,
6.6700000000000005e-06,0.3747474747474747,,,,,,,,,,,
6.6700000000000005e-06,0.3787878787878788,,,,,,,,,,,
6.6700000000000005e-06,0.38282828282828285,,,,,,,,,,,
6.6700000000000005e-06,0.3868686868686869,,,,,,,,,,,
6.6700000000000005e-06,0.3909090909090909,,,,,,,,,,,
6.6700000000000005e-06,0.39494949494949494,,,,,,,,,,,
6.6700000000000005e-06,0.398989898989899,,,,,,,,,,,
6.6700000000000005e-06,0.40303030303030307,,,,,,,,,,,
6.6700000000000005e-06,0.407070707070707,,,,,,,,,,,
6.6700000000000005e-06,0.4111111111111111,,,,,,,,,,,
6.6700000000000005e-06,0.41515151515151516,,,,,,,,,,,
6.6700000000000005e-06,0.4191919191919192,,,,,,,,,,,
6.6700000000000005e-06,0.4232323232323232,,,,,,,,,,,
6.6700000000000005e-06,0.42727272727272725,,,,,,,,,,,
6.6700000000000005e-06,0.4313131313131313,,,,,,,,,,,
6.6700000000000005e-06,0.4353535353535354,,,,,,,,,,,
6.6700000000000005e-06,0.43939393939393945,,,,,,,,,,,
6.6700000000000005e-06,0.4434343434343434,,,,,,,,,,,
6.6700000000000005e-06,0.44747474747474747,,,,,,,,,,,
6.6700000000000005e-06,0.45151515151515154,,,,,,,,,,,
6.6700000000000005e-06,0.4555555555555556,,,,,,,,,,,
6.6700000000000005e-06,0.45959595959595956,,,,,,,,,,,
6.6700000000000005e-06,0.4636363636363636,,,,,,,,,,,
6.6700000000000005e-06,0.4676767676767677,,,,,,,,,,,
6.6700000000000005e-06,0.47171717171717176,,,,,,,,,,,
6.6700000000000005e-06,0.4757575757575757,,,,,,,,,,,
6.6700000000000005e-06,0.4797979797979798,,,,,,,,,,,
6.6700000000000005e-06,0.48383838383838385,,,,,,,,,,,
6.6700000000000005e-06,0.4878787878787879,,,,,,,,,,,
6.6700000000000005e-06,0.491919191919192,,,,,,,,,,,
6.6700000000000005e-06,0.49595959595959593,,,,,,,,,,,
6.6700000000000005e-06,0.5,,,,,,,,,,,
6.770909090909092e-06,0.1,,,,,,,,,,,
6.770909090909092e-06,0.10404040404040404,,,,,,,,,,,
6.770909090909092e-06,0.10808080808080808,,,,,,,,,,,
6.770909090909092e-06,0.11212121212121212,,,,,,,,,,,
6.770909090909092e-06,0.11616161616161616,,,,,,,,,,,
6.770909090909092e-06,0.1202020202020202,,,,,,,,,,,
6.770909090909092e-06,0.12424242424242425,,,,,,,,,,,
6.770909090909092e-06,0.12828282828282828,,,,,,,,,,,
6.770909090909092e-06,0.13232323232323234,,,,,,,,,,,
6.770909090909092e-06,0.13636363636363635,,,,,,,,,,,
6.770909090909092e-06,0.14040404040404042,,,,,,,,,,,
6.770909090909092e-06,0.14444444444444446,,,,,,,,,,,
6.770909090909092e-06,0.1484848484848485,,,,,,,,,,,
6.770909090909092e-06,0.15252525252525254,,,,,,,,,,,
6.770909090909092e-06,0.15656565656565657,,,,,,,,,,,
6.770909090909092e-06,0.1606060606060606,,,,,,,,,,,
6.770909090909092e-06,0.16464646464646465,,,,,,,,,,,
6.770909090909092e-06,0.1686868686868687,,,,,,,,,,,
6.770909090909092e-06,0.17272727272727273,,,,,,,,,,,
6.770909090909092e-06,0.17676767676767677,,,,,,,,,,,
6.770909090909092e-06,0.1808080808080808,,,,,,,,,,,
6.770909090909092e-06,0.18484848484848487,,,,,,,,,,,
6.770909090909092e-06,0.18888888888888888,,,,,,,,,,,
6.770909090909092e-06,0.19292929292929295,,,,,,,,,,,
6.770909090909092e-06,0.19696969696969696,,,,,,,,,,,
6.770909090909092e-06,0.20101010101010103,,,,,,,,,,,
6.770909090909092e-06,0.20505050505050504,,,,,,,,,,,
6.770909090909092e-06,0.2090909090909091,,,,,,,,,,,
6.770909090909092e-06,0.21313131313131314,,,,,,,,,,,
6.770909090909092e-06,0.21717171717171718,,,,,,,,,,,
6.770909090909092e-06,0.22121212121212122,,,,,,,,,,,
6.770909090909092e-06,0.22525252525252526,,,,,,,,,,,
6.770909090909092e-06,0.2292929292929293,,,,,,,,,,,
6.770909090909092e-06,0.23333333333333334,,,,,,,,,,,
6.770909090909092e-06,0.23737373737373738,,,,,,,,,,,
6.770909090909092e-06,0.24141414141414141,,,,,,,,,,,
6.770909090909092e-06,0.24545454545454545,,,,,,,,,,,
6.770909090909092e-06,0.2494949494949495,,,,,,,,,,,
6.770909090909092e-06,0.2535353535353535,,,,,,,,,,,
6.770909090909092e-06,0.25757575757575757,,,,,,,,,,,
6.770909090909092e-06,0.26161616161616164,,,,,,,,,,,
6.770909090909092e-06,0.2656565656565657,,,,,,,,,,,
6.770909090909092e-06,0.2696969696969697,,,,,,,,,,,
6.770909090909092e-06,0.2737373737373737,,,,,,,,,,,
6.770909090909092e-06,0.2777777777777778,,,,,,,,,,,
6.770909090909092e-06,0.28181818181818186,,,,,,,,,,,
6.770909090909092e-06,0.28585858585858587,,,,,,,,,,,
6.770909090909092e-06,0.2898989898989899,,,,,,,,,,,
6.770909090909092e-06,0.29393939393939394,,,,,,,,,,,
6.770909090909092e-06,0.297979797979798,,,,,,,,,,,
6.770909090909092e-06,0.302020202020202,,,,,,,,,,,
6.770909090909092e-06,0.30606060606060603,,,,,,,,,,,
6.770909090909092e-06,0.3101010101010101,,,,,,,,,,,
6.770909090909092e-06,0.31414141414141417,,,,,,,,,,,
6.770909090909092e-06,0.3181818181818182,,,,,,,,,,,
6.770909090909092e-06,0.3222222222222222,,,,,,,,,,,
6.770909090909092e-06,0.32626262626262625,,,,,,,,,,,
6.770909090909092e-06,0.3303030303030303,,,,,,,,,,,
6.770909090909092e-06,0.3343434343434344,,,,,,,,,,,
6.770909090909092e-06,0.3383838383838384,,,,,,,,,,,
6.770909090909092e-06,0.3424242424242424,,,,,,,,,,,
6.770909090909092e-06,0.3464646464646465,,,,,,,,,,,
6.770909090909092e-06,0.35050505050505054,,,,,,,,,,,
6.770909090909092e-06,0.3545454545454545,,,,,,,,,,,
6.770909090909092e-06,0.35858585858585856,,,,,,,,,,,
6.770909090909092e-06,0.36262626262626263,,,,,,,,,,,
6.770909090909092e-06,0.3666666666666667,,,,,,,,,,,
6.770909090909092e-06,0.37070707070707076,,,,,,,,,,,
6.770909090909092e-06,0.3747474747474747,,,,,,,,,,,
6.770909090909092e-06,0.3787878787878788,,,,,,,,,,,
6.770909090909092e-06,0.38282828282828285,,,,,,,,,,,
6.770909090909092e-06,0.3868686868686869,,,,,,,,,,,
6.770909090909092e-06,0.3909090909090909,,,,,,,,,,,
6.770909090909092e-06,0.39494949494949494,,,,,,,,,,,
6.770909090909092e-06,0.398989898989899,,,,,,,,,,,
6.770909090909092e-06,0.40303030303030307,,,,,,,,,,,
6.770909090909092e-06,0.407070707070707,,,,,,,,,,,
6.770909090909092e-06,0.4111111111111111,,,,,,,,,,,
6.770909090909092e-06,0.41515151515151516,,,,,,,,,,,
6.770909090909092e-06,0.4191919191919192,,,,,,,,,,,
6.770909090909092e-06,0.4232323232323232,,,,,,,,,,,
6.770909090909092e-06,0.42727272727272725,,,,,,,,,,,
6.770909090909092e-06,0.4313131313131313,,,,,,,,,,,
6.770909090909092e-06,0.4353535353535354,,,,,,,,,,,
6.770909090909092e-06,0.43939393939393945,,,,,,,,,,,
6.770909090909092e-06,0.4434343434343434,,,,,,,,,,,
6.770909090909092e-06,0.44747474747474747,,,,,,,,,,,
6.770909090909092e-06,0.45151515151515154,,,,,,,,,,,
6.770909090909092e-06,0.4555555555555556,,,,,,,,,,,
6.770909090909092e-06,0.45959595959595956,,,,,,,,,,,
6.770909090909092e-06,0.4636363636363636,,,,,,,,,,,
6.770909090909092e-06,0.4676767676767677,,,,,,,,,,,
6.770909090909092e-06,0.47171717171717176,,,,,,,,,,,
6.770909090909092e-06,0.4757575757575757,,,,,,,,,,,
6.770909090909092e-06,0.4797979797979798,,,,,,,,,,,
6.770909090909092e-06,0.48383838383838385,,,,,,,,,,,
6.770909090909092e-06,0.4878787878787879,,,,,,,,,,,
6.770909090909092e-06,0.491919191919192,,,,,,,,,,,
6.770909090909092e-06,0.49595959595959593,,,,,,,,,,,
6.770909090909092e-06,0.5,,,,,,,,,,,
6.871818181818183e-06,0.1,,,,,,,,,,,
6.871818181818183e-06,0.10404040404040404,,,,,,,,,,,
6.871818181818183e-06,0.10808080808080808,,,,,,,,,,,
6.871818181818183e-06,0.11212121212121212,,,,,,,,,,,
6.871818181818183e-06,0.11616161616161616,,,,,,,,,,,
6.871818181818183e-06,0.1202020202020202,,,,,,,,,,,
6.871818181818183e-06,0.12424242424242425,,,,,,,,,,,
6.871818181818183e-06,0.12828282828282828,,,,,,,,,,,
6.871818181818183e-06,0.13232323232323234,,,,,,,,,,,
6.871818181818183e-06,0.13636363636363635,,,,,,,,,,,
6.871818181818183e-06,0.14040404040404042,,,,,,,,,,,
6.871818181818183e-06,0.14444444444444446,,,,,,,,,,,
6.871818181818183e-06,0.1484848484848485,,,,,,,,,,,
6.871818181818183e-06,0.15252525252525254,,,,,,,,,,,
6.871818181818183e-06,0.15656565656565657,,,,,,,,,,,
6.871818181818183e-06,0.1606060606060606,,,,,,,,,,,
6.871818181818183e-06,0.16464646464646465,,,,,,,,,,,
6.871818181818183e-06,0.1686868686868687,,,,,,,,,,,
6.871818181818183e-06,0.17272727272727273,,,,,,,,,,,
6.871818181818183e-06,0.17676767676767677,,,,,,,,,,,
6.871818181818183e-06,0.1808080808080808,,,,,,,,,,,
6.871818181818183e-06,0.18484848484848487,,,,,,,,,,,
6.871818181818183e-06,0.18888888888888888,,,,,,,,,,,
6.871818181818183e-06,0.19292929292929295,,,,,,,,,,,
6.871818181818183e-06,0.19696969696969696,,,,,,,,,,,
6.871818181818183e-06,0.20101010101010103,,,,,,,,,,,
6.871818181818183e-06,0.20505050505050504,,,,,,,,,,,
6.871818181818183e-06,0.2090909090909091,,,,,,,,,,,
6.871818181818183e-06,0.21313131313131314,,,,,,,,,,,
6.871818181818183e-06,0.21717171717171718,,,,,,,,,,,
6.871818181818183e-06,0.22121212121212122,,,,,,,,,,,
6.871818181818183e-06,0.22525252525252526,,,,,,,,,,,
6.871818181818183e-06,0.2292929292929293,,,,,,,,,,,
6.871818181818183e-06,0.23333333333333334,,,,,,,,,,,
6.871818181818183e-06,0.23737373737373738,,,,,,,,,,,
6.871818181818183e-06,0.24141414141414141,,,,,,,,,,,
6.871818181818183e-06,0.24545454545454545,,,,,,,,,,,
6.871818181818183e-06,0.2494949494949495,,,,,,,,,,,
6.871818181818183e-06,0.2535353535353535,,,,,,,,,,,
6.871818181818183e-06,0.25757575757575757,,,,,,,,,,,
6.871818181818183e-06,0.26161616161616164,,,,,,,,,,,
6.871818181818183e-06,0.2656565656565657,,,,,,,,,,,
6.871818181818183e-06,0.2696969696969697,,,,,,,,,,,
6.871818181818183e-06,0.2737373737373737,,,,,,,,,,,
6.871818181818183e-06,0.2777777777777778,,,,,,,,,,,
6.871818181818183e-06,0.28181818181818186,,,,,,,,,,,
6.871818181818183e-06,0.28585858585858587,,,,,,,,,,,
6.871818181818183e-06,0.2898989898989899,,,,,,,,,,,
6.871818181818183e-06,0.29393939393939394,,,,,,,,,,,
6.871818181818183e-06,0.297979797979798,,,,,,,,,,,
6.871818181818183e-06,0.302020202020202,,,,,,,,,,,
6.871818181818183e-06,0.30606060606060603,,,,,,,,,,,
6.871818181818183e-06,0.3101010101010101,,,,,,,,,,,
6.871818181818183e-06,0.31414141414141417,,,,,,,,,,,
6.871818181818183e-06,0.3181818181818182,,,,,,,,,,,
6.871818181818183e-06,0.3222222222222222,,,,,,,,,,,
6.871818181818183e-06,0.32626262626262625,,,,,,,,,,,
6.871818181818183e-06,0.3303030303030303,,,,,,,,,,,
6.871818181818183e-06,0.3343434343434344,,,,,,,,,,,
6.871818181818183e-06,0.3383838383838384,,,,,,,,,,,
6.871818181818183e-06,0.3424242424242424,,,,,,,,,,,
6.871818181818183e-06,0.3464646464646465,,,,,,,,,,,
6.871818181818183e-06,0.35050505050505054,,,,,,,,,,,
6.871818181818183e-06,0.3545454545454545,,,,,,,,,,,
6.871818181818183e-06,0.35858585858585856,,,,,,,,,,,
6.871818181818183e-06,0.36262626262626263,,,,,,,,,,,
6.871818181818183e-06,0.3666666666666667,,,,,,,,,,,
6.871818181818183e-06,0.37070707070707076,,,,,,,,,,,
6.871818181818183e-06,0.3747474747474747,,,,,,,,,,,
6.871818181818183e-06,0.3787878787878788,,,,,,,,,,,
6.871818181818183e-06,0.38282828282828285,,,,,,,,,,,
6.871818181818183e-06,0.3868686868686869,,,,,,,,,,,
6.871818181818183e-06,0.3909090909090909,,,,,,,,,,,
6.871818181818183e-06,0.39494949494949494,,,,,,,,,,,
6.871818181818183e-06,0.398989898989899,,,,,,,,,,,
6.871818181818183e-06,0.40303030303030307,,,,,,,,,,,
6.871818181818183e-06,0.407070707070707,,,,,,,,,,,
6.871818181818183e-06,0.4111111111111111,,,,,,,,,,,
6.871818181818183e-06,0.41515151515151516,,,,,,,,,,,
6.871818181818183e-06,0.4191919191919192,,,,,,,,,,,
6.871818181818183e-06,0.4232323232323232,,,,,,,,,,,
6.871818181818183e-06,0.42727272727272725,,,,,,,,,,,
6.871818181818183e-06,0.4313131313131313,,,,,,,,,,,
6.871818181818183e-06,0.4353535353535354,,,,,,,,,,,
6.871818181818183e-06,0.43939393939393945,,,,,,,,,,,
6.871818181818183e-06,0.4434343434343434,,,,,,,,,,,
6.871818181818183e-06,0.44747474747474747,,,,,,,,,,,
6.871818181818183e-06,0.45151515151515154,,,,,,,,,,,
6.871818181818183e-06,0.4555555555555556,,,,,,,,,,,
6.871818181818183e-06,0.45959595959595956,,,,,,,,,,,
6.871818181818183e-06,0.4636363636363636,,,,,,,,,,,
6.871818181818183e-06,0.4676767676767677,,,,,,,,,,,
6.871818181818183e-06,0.47171717171717176,,,,,,,,,,,
6.871818181818183e-06,0.4757575757575757,,,,,,,,,,,
6.871818181818183e-06,0.4797979797979798,,,,,,,,,,,
6.871818181818183e-06,0.48383838383838385,,,,,,,,,,,
6.871818181818183e-06,0.4878787878787879,,,,,,,,,,,
6.871818181818183e-06,0.491919191919192,,,,,,,,,,,
6.871818181818183e-06,0.49595959595959593,,,,,,,,,,,
6.871818181818183e-06,0.5,,,,,,,,,,,
6.9727272727272735e-06,0.1,,,,,,,,,,,
6.9727272727272735e-06,0.10404040404040404,,,,,,,,,,,
6.9727272727272735e-06,0.10808080808080808,,,,,,,,,,,
6.9727272727272735e-06,0.11212121212121212,,,,,,,,,,,
6.9727272727272735e-06,0.11616161616161616,,,,,,,,,,,
6.9727272727272735e-06,0.1202020202020202,,,,,,,,,,,
6.9727272727272735e-06,0.12424242424242425,,,,,,,,,,,
6.9727272727272735e-06,0.12828282828282828,,,,,,,,,,,
6.9727272727272735e-06,0.13232323232323234,,,,,,,,,,,
6.9727272727272735e-06,0.13636363636363635,,,,,,,,,,,
6.9727272727272735e-06,0.14040404040404042,,,,,,,,,,,
6.9727272727272735e-06,0.14444444444444446,,,,,,,,,,,
6.9727272727272735e-06,0.1484848484848485,,,,,,,,,,,
6.9727272727272735e-06,0.15252525252525254,,,,,,,,,,,
6.9727272727272735e-06,0.15656565656565657,,,,,,,,,,,
6.9727272727272735e-06,0.1606060606060606,,,,,,,,,,,
6.9727272727272735e-06,0.16464646464646465,,,,,,,,,,,
6.9727272727272735e-06,0.1686868686868687,,,,,,,,,,,
6.9727272727272735e-06,0.17272727272727273,,,,,,,,,,,
6.9727272727272735e-06,0.17676767676767677,,,,,,,,,,,
6.9727272727272735e-06,0.1808080808080808,,,,,,,,,,,
6.9727272727272735e-06,0.18484848484848487,,,,,,,,,,,
6.9727272727272735e-06,0.18888888888888888,,,,,,,,,,,
6.9727272727272735e-06,0.19292929292929295,,,,,,,,,,,
6.9727272727272735e-06,0.19696969696969696,,,,,,,,,,,
6.9727272727272735e-06,0.20101010101010103,,,,,,,,,,,
6.9727272727272735e-06,0.20505050505050504,,,,,,,,,,,
6.9727272727272735e-06,0.2090909090909091,,,,,,,,,,,
6.9727272727272735e-06,0.21313131313131314,,,,,,,,,,,
6.9727272727272735e-06,0.21717171717171718,,,,,,,,,,,
6.9727272727272735e-06,0.22121212121212122,,,,,,,,,,,
6.9727272727272735e-06,0.22525252525252526,,,,,,,,,,,
6.9727272727272735e-06,0.2292929292929293,,,,,,,,,,,
6.9727272727272735e-06,0.23333333333333334,,,,,,,,,,,
6.9727272727272735e-06,0.23737373737373738,,,,,,,,,,,
6.9727272727272735e-06,0.24141414141414141,,,,,,,,,,,
6.9727272727272735e-06,0.24545454545454545,,,,,,,,,,,
6.9727272727272735e-06,0.2494949494949495,,,,,,,,,,,
6.9727272727272735e-06,0.2535353535353535,,,,,,,,,,,
6.9727272727272735e-06,0.25757575757575757,,,,,,,,,,,
6.9727272727272735e-06,0.26161616161616164,,,,,,,,,,,
6.9727272727272735e-06,0.2656565656565657,,,,,,,,,,,
6.9727272727272735e-06,0.2696969696969697,,,,,,,,,,,
6.9727272727272735e-06,0.2737373737373737,,,,,,,,,,,
6.9727272727272735e-06,0.2777777777777778,,,,,,,,,,,
6.9727272727272735e-06,0.28181818181818186,,,,,,,,,,,
6.9727272727272735e-06,0.28585858585858587,,,,,,,,,,,
6.9727272727272735e-06,0.2898989898989899,,,,,,,,,,,
6.9727272727272735e-06,0.29393939393939394,,,,,,,,,,,
6.9727272727272735e-06,0.297979797979798,,,,,,,,,,,
6.9727272727272735e-06,0.302020202020202,,,,,,,,,,,
6.9727272727272735e-06,0.30606060606060603,,,,,,,,,,,
6.9727272727272735e-06,0.3101010101010101,,,,,,,,,,,
6.9727272727272735e-06,0.31414141414141417,,,,,,,,,,,
6.9727272727272735e-06,0.3181818181818182,,,,,,,,,,,
6.9727272727272735e-06,0.3222222222222222,,,,,,,,,,,
6.9727272727272735e-06,0.32626262626262625,,,,,,,,,,,
6.9727272727272735e-06,0.3303030303030303,,,,,,,,,,,
6.9727272727272735e-06,0.3343434343434344,,,,,,,,,,,
6.9727272727272735e-06,0.3383838383838384,,,,,,,,,,,
6.9727272727272735e-06,0.3424242424242424,,,,,,,,,,,
6.9727272727272735e-06,0.3464646464646465,,,,,,,,,,,
6.9727272727272735e-06,0.35050505050505054,,,,,,,,,,,
6.9727272727272735e-06,0.3545454545454545,,,,,,,,,,,
6.9727272727272735e-06,0.35858585858585856,,,,,,,,,,,
6.9727272727272735e-06,0.36262626262626263,,,,,,,,,,,
6.9727272727272735e-06,0.3666666666666667,,,,,,,,,,,
6.9727272727272735e-06,0.37070707070707076,,,,,,,,,,,
6.9727272727272735e-06,0.3747474747474747,,,,,,,,,,,
6.9727272727272735e-06,0.3787878787878788,,,,,,,,,,,
6.9727272727272735e-06,0.38282828282828285,,,,,,,,,,,
6.9727272727272735e-06,0.3868686868686869,,,,,,,,,,,
6.9727272727272735e-06,0.3909090909090909,,,,,,,,,,,
6.9727272727272735e-06,0.39494949494949494,,,,,,,,,,,
6.9727272727272735e-06,0.398989898989899,,,,,,,,,,,
6.9727272727272735e-06,0.40303030303030307,,,,,,,,,,,
6.9727272727272735e-06,0.407070707070707,,,,,,,,,,,
6.9727272727272735e-06,0.4111111111111111,,,,,,,,,,,
6.9727272727272735e-06,0.41515151515151516,,,,,,,,,,,
6.9727272727272735e-06,0.4191919191919192,,,,,,,,,,,
6.9727272727272735e-06,0.4232323232323232,,,,,,,,,,,
6.9727272727272735e-06,0.42727272727272725,,,,,,,,,,,
6.9727272727272735e-06,0.4313131313131313,,,,,,,,,,,
6.9727272727272735e-06,0.4353535353535354,,,,,,,,,,,
6.9727272727272735e-06,0.43939393939393945,,,,,,,,,,,
6.9727272727272735e-06,0.4434343434343434,,,,,,,,,,,
6.9727272727272735e-06,0.44747474747474747,,,,,,,,,,,
6.9727272727272735e-06,0.45151515151515154,,,,,,,,,,,
6.9727272727272735e-06,0.4555555555555556,,,,,,,,,,,
6.9727272727272735e-06,0.45959595959595956,,,,,,,,,,,
6.9727272727272735e-06,0.4636363636363636,,,,,,,,,,,
6.9727272727272735e-06,0.4676767676767677,,,,,,,,,,,
6.9727272727272735e-06,0.47171717171717176,,,,,,,,,,,
6.9727272727272735e-06,0.4757575757575757,,,,,,,,,,,
6.9727272727272735e-06,0.4797979797979798,,,,,,,,,,,
6.9727272727272735e-06,0.48383838383838385,,,,,,,,,,,
6.9727272727272735e-06,0.4878787878787879,,,,,,,,,,,
6.9727272727272735e-06,0.491919191919192,,,,,,,,,,,
6.9727272727272735e-06,0.49595959595959593,,,,,,,,,,,
6.9727272727272735e-06,0.5,,,,,,,,,,,
7.073636363636365e-06,0.1,,,,,,,,,,,
7.073636363636365e-06,0.10404040404040404,,,,,,,,,,,
7.073636363636365e-06,0.10808080808080808,,,,,,,,,,,
7.073636363636365e-06,0.11212121212121212,,,,,,,,,,,
7.073636363636365e-06,0.11616161616161616,,,,,,,,,,,
7.073636363636365e-06,0.1202020202020202,,,,,,,,,,,
7.073636363636365e-06,0.12424242424242425,,,,,,,,,,,
7.073636363636365e-06,0.12828282828282828,,,,,,,,,,,
7.073636363636365e-06,0.13232323232323234,,,,,,,,,,,
7.073636363636365e-06,0.13636363636363635,,,,,,,,,,,
7.073636363636365e-06,0.14040404040404042,,,,,,,,,,,
7.073636363636365e-06,0.14444444444444446,,,,,,,,,,,
7.073636363636365e-06,0.1484848484848485,,,,,,,,,,,
7.073636363636365e-06,0.15252525252525254,,,,,,,,,,,
7.073636363636365e-06,0.15656565656565657,,,,,,,,,,,
7.073636363636365e-06,0.1606060606060606,,,,,,,,,,,
7.073636363636365e-06,0.16464646464646465,,,,,,,,,,,
7.073636363636365e-06,0.1686868686868687,,,,,,,,,,,
7.073636363636365e-06,0.17272727272727273,,,,,,,,,,,
7.073636363636365e-06,0.17676767676767677,,,,,,,,,,,
7.073636363636365e-06,0.1808080808080808,,,,,,,,,,,
7.073636363636365e-06,0.18484848484848487,,,,,,,,,,,
7.073636363636365e-06,0.18888888888888888,,,,,,,,,,,
7.073636363636365e-06,0.19292929292929295,,,,,,,,,,,
7.073636363636365e-06,0.19696969696969696,,,,,,,,,,,
7.073636363636365e-06,0.20101010101010103,,,,,,,,,,,
7.073636363636365e-06,0.20505050505050504,,,,,,,,,,,
7.073636363636365e-06,0.2090909090909091,,,,,,,,,,,
7.073636363636365e-06,0.21313131313131314,,,,,,,,,,,
7.073636363636365e-06,0.21717171717171718,,,,,,,,,,,
7.073636363636365e-06,0.22121212121212122,,,,,,,,,,,
7.073636363636365e-06,0.22525252525252526,,,,,,,,,,,
7.073636363636365e-06,0.2292929292929293,,,,,,,,,,,
7.073636363636365e-06,0.23333333333333334,,,,,,,,,,,
7.073636363636365e-06,0.23737373737373738,,,,,,,,,,,
7.073636363636365e-06,0.24141414141414141,,,,,,,,,,,
7.073636363636365e-06,0.24545454545454545,,,,,,,,,,,
7.073636363636365e-06,0.2494949494949495,,,,,,,,,,,
7.073636363636365e-06,0.2535353535353535,,,,,,,,,,,
7.073636363636365e-06,0.25757575757575757,,,,,,,,,,,
7.073636363636365e-06,0.26161616161616164,,,,,,,,,,,
7.073636363636365e-06,0.2656565656565657,,,,,,,,,,,
7.073636363636365e-06,0.2696969696969697,,,,,,,,,,,
7.073636363636365e-06,0.2737373737373737,,,,,,,,,,,
7.073636363636365e-06,0.2777777777777778,,,,,,,,,,,
7.073636363636365e-06,0.28181818181818186,,,,,,,,,,,
7.073636363636365e-06,0.28585858585858587,,,,,,,,,,,
7.073636363636365e-06,0.2898989898989899,,,,,,,,,,,
7.073636363636365e-06,0.29393939393939394,,,,,,,,,,,
7.073636363636365e-06,0.297979797979798,,,,,,,,,,,
7.073636363636365e-06,0.302020202020202,,,,,,,,,,,
7.073636363636365e-06,0.30606060606060603,,,,,,,,,,,
7.073636363636365e-06,0.3101010101010101,,,,,,,,,,,
7.073636363636365e-06,0.31414141414141417,,,,,,,,,,,
7.073636363636365e-06,0.3181818181818182,,,,,,,,,,,
7.073636363636365e-06,0.3222222222222222,,,,,,,,,,,
7.073636363636365e-06,0.32626262626262625,,,,,,,,,,,
7.073636363636365e-06,0.3303030303030303,,,,,,,,,,,
7.073636363636365e-06,0.3343434343434344,,,,,,,,,,,
7.073636363636365e-06,0.3383838383838384,,,,,,,,,,,
7.073636363636365e-06,0.3424242424242424,,,,,,,,,,,
7.073636363636365e-06,0.3464646464646465,,,,,,,,,,,
7.073636363636365e-06,0.35050505050505054,,,,,,,,,,,
7.073636363636365e-06,0.3545454545454545,,,,,,,,,,,
7.073636363636365e-06,0.35858585858585856,,,,,,,,,,,
7.073636363636365e-06,0.36262626262626263,,,,,,,,,,,
7.073636363636365e-06,0.3666666666666667,,,,,,,,,,,
7.073636363636365e-06,0.37070707070707076,,,,,,,,,,,
7.073636363636365e-06,0.3747474747474747,,,,,,,,,,,
7.073636363636365e-06,0.3787878787878788,,,,,,,,,,,
7.073636363636365e-06,0.38282828282828285,,,,,,,,,,,
7.073636363636365e-06,0.3868686868686869,,,,,,,,,,,
7.073636363636365e-06,0.3909090909090909,,,,,,,,,,,
7.073636363636365e-06,0.39494949494949494,,,,,,,,,,,
7.073636363636365e-06,0.398989898989899,,,,,,,,,,,
7.073636363636365e-06,0.40303030303030307,,,,,,,,,,,
7.073636363636365e-06,0.407070707070707,,,,,,,,,,,
7.073636363636365e-06,0.4111111111111111,,,,,,,,,,,
7.073636363636365e-06,0.41515151515151516,,,,,,,,,,,
7.073636363636365e-06,0.4191919191919192,,,,,,,,,,,
7.073636363636365e-06,0.4232323232323232,,,,,,,,,,,
7.073636363636365e-06,0.42727272727272725,,,,,,,,,,,
7.073636363636365e-06,0.4313131313131313,,,,,,,,,,,
7.073636363636365e-06,0.4353535353535354,,,,,,,,,,,
7.073636363636365e-06,0.43939393939393945,,,,,,,,,,,
7.073636363636365e-06,0.4434343434343434,,,,,,,,,,,
7.073636363636365e-06,0.44747474747474747,,,,,,,,,,,
7.073636363636365e-06,0.45151515151515154,,,,,,,,,,,
7.073636363636365e-06,0.4555555555555556,,,,,,,,,,,
7.073636363636365e-06,0.45959595959595956,,,,,,,,,,,
7.073636363636365e-06,0.4636363636363636,,,,,,,,,,,
7.073636363636365e-06,0.4676767676767677,,,,,,,,,,,
7.073636363636365e-06,0.47171717171717176,,,,,,,,,,,
7.073636363636365e-06,0.4757575757575757,,,,,,,,,,,
7.073636363636365e-06,0.4797979797979798,,,,,,,,,,,
7.073636363636365e-06,0.48383838383838385,,,,,,,,,,,
7.073636363636365e-06,0.4878787878787879,,,,,,,,,,,
7.073636363636365e-06,0.491919191919192,,,,,,,,,,,
7.073636363636365e-06,0.49595959595959593,,,,,,,,,,,
7.073636363636365e-06,0.5,,,,,,,,,,,
7.174545454545456e-06,0.1,,,,,,,,,,,
7.174545454545456e-06,0.10404040404040404,,,,,,,,,,,
7.174545454545456e-06,0.10808080808080808,,,,,,,,,,,
7.174545454545456e-06,0.11212121212121212,,,,,,,,,,,
7.174545454545456e-06,0.11616161616161616,,,,,,,,,,,
7.174545454545456e-06,0.1202020202020202,,,,,,,,,,,
7.174545454545456e-06,0.12424242424242425,,,,,,,,,,,
7.174545454545456e-06,0.12828282828282828,,,,,,,,,,,
7.174545454545456e-06,0.13232323232323234,,,,,,,,,,,
7.174545454545456e-06,0.13636363636363635,,,,,,,,,,,
7.174545454545456e-06,0.14040404040404042,,,,,,,,,,,
7.174545454545456e-06,0.14444444444444446,,,,,,,,,,,
7.174545454545456e-06,0.1484848484848485,,,,,,,,,,,
7.174545454545456e-06,0.15252525252525254,,,,,,,,,,,
7.174545454545456e-06,0.15656565656565657,,,,,,,,,,,
7.174545454545456e-06,0.1606060606060606,,,,,,,,,,,
7.174545454545456e-06,0.16464646464646465,,,,,,,,,,,
7.174545454545456e-06,0.1686868686868687,,,,,,,,,,,
7.174545454545456e-06,0.17272727272727273,,,,,,,,,,,
7.174545454545456e-06,0.17676767676767677,,,,,,,,,,,
7.174545454545456e-06,0.1808080808080808,,,,,,,,,,,
7.174545454545456e-06,0.18484848484848487,,,,,,,,,,,
7.174545454545456e-06,0.18888888888888888,,,,,,,,,,,
7.174545454545456e-06,0.19292929292929295,,,,,,,,,,,
7.174545454545456e-06,0.19696969696969696,,,,,,,,,,,
7.174545454545456e-06,0.20101010101010103,,,,,,,,,,,
7.174545454545456e-06,0.20505050505050504,,,,,,,,,,,
7.174545454545456e-06,0.2090909090909091,,,,,,,,,,,
7.174545454545456e-06,0.21313131313131314,,,,,,,,,,,
7.174545454545456e-06,0.21717171717171718,,,,,,,,,,,
7.174545454545456e-06,0.22121212121212122,,,,,,,,,,,
7.174545454545456e-06,0.22525252525252526,,,,,,,,,,,
7.174545454545456e-06,0.2292929292929293,,,,,,,,,,,
7.174545454545456e-06,0.23333333333333334,,,,,,,,,,,
7.174545454545456e-06,0.23737373737373738,,,,,,,,,,,
7.174545454545456e-06,0.24141414141414141,,,,,,,,,,,
7.174545454545456e-06,0.24545454545454545,,,,,,,,,,,
7.174545454545456e-06,0.2494949494949495,,,,,,,,,,,
7.174545454545456e-06,0.2535353535353535,,,,,,,,,,,
7.174545454545456e-06,0.25757575757575757,,,,,,,,,,,
7.174545454545456e-06,0.26161616161616164,,,,,,,,,,,
7.174545454545456e-06,0.2656565656565657,,,,,,,,,,,
7.174545454545456e-06,0.2696969696969697,,,,,,,,,,,
7.174545454545456e-06,0.2737373737373737,,,,,,,,,,,
7.174545454545456e-06,0.2777777777777778,,,,,,,,,,,
7.174545454545456e-06,0.28181818181818186,,,,,,,,,,,
7.174545454545456e-06,0.28585858585858587,,,,,,,,,,,
7.174545454545456e-06,0.2898989898989899,,,,,,,,,,,
7.174545454545456e-06,0.29393939393939394,,,,,,,,,,,
7.174545454545456e-06,0.297979797979798,,,,,,,,,,,
7.174545454545456e-06,0.302020202020202,,,,,,,,,,,
7.174545454545456e-06,0.30606060606060603,,,,,,,,,,,
7.174545454545456e-06,0.3101010101010101,,,,,,,,,,,
7.174545454545456e-06,0.31414141414141417,,,,,,,,,,,
7.174545454545456e-06,0.3181818181818182,,,,,,,,,,,
7.174545454545456e-06,0.3222222222222222,,,,,,,,,,,
7.174545454545456e-06,0.32626262626262625,,,,,,,,,,,
7.174545454545456e-06,0.3303030303030303,,,,,,,,,,,
7.174545454545456e-06,0.3343434343434344,,,,,,,,,,,
7.174545454545456e-06,0.3383838383838384,,,,,,,,,,,
7.174545454545456e-06,0.3424242424242424,,,,,,,,,,,
7.174545454545456e-06,0.3464646464646465,,,,,,,,,,,
7.174545454545456e-06,0.35050505050505054,,,,,,,,,,,
7.174545454545456e-06,0.3545454545454545,,,,,,,,,,,
7.174545454545456e-06,0.35858585858585856,,,,,,,,,,,
7.174545454545456e-06,0.36262626262626263,,,,,,,,,,,
7.174545454545456e-06,0.3666666666666667,,,,,,,,,,,
7.174545454545456e-06,0.37070707070707076,,,,,,,,,,,
7.174545454545456e-06,0.3747474747474747,,,,,,,,,,,
7.174545454545456e-06,0.3787878787878788,,,,,,,,,,,
7.174545454545456e-06,0.38282828282828285,,,,,,,,,,,
7.174545454545456e-06,0.3868686868686869,,,,,,,,,,,
7.174545454545456e-06,0.3909090909090909,,,,,,,,,,,
7.174545454545456e-06,0.39494949494949494,,,,,,,,,,,
7.174545454545456e-06,0.398989898989899,,,,,,,,,,,
7.174545454545456e-06,0.40303030303030307,,,,,,,,,,,
7.174545454545456e-06,0.407070707070707,,,,,,,,,,,
7.174545454545456e-06,0.4111111111111111,,,,,,,,,,,
7.174545454545456e-06,0.41515151515151516,,,,,,,,,,,
7.174545454545456e-06,0.4191919191919192,,,,,,,,,,,
7.174545454545456e-06,0.4232323232323232,,,,,,,,,,,
7.174545454545456e-06,0.42727272727272725,,,,,,,,,,,
7.174545454545456e-06,0.4313131313131313,,,,,,,,,,,
7.174545454545456e-06,0.4353535353535354,,,,,,,,,,,
7.174545454545456e-06,0.43939393939393945,,,,,,,,,,,
7.174545454545456e-06,0.4434343434343434,,,,,,,,,,,
7.174545454545456e-06,0.44747474747474747,,,,,,,,,,,
7.174545454545456e-06,0.45151515151515154,,,,,,,,,,,
7.174545454545456e-06,0.4555555555555556,,,,,,,,,,,
7.174545454545456e-06,0.45959595959595956,,,,,,,,,,,
7.174545454545456e-06,0.4636363636363636,,,,,,,,,,,
7.174545454545456e-06,0.4676767676767677,,,,,,,,,,,
7.174545454545456e-06,0.47171717171717176,,,,,,,,,,,
7.174545454545456e-06,0.4757575757575757,,,,,,,,,,,
7.174545454545456e-06,0.4797979797979798,,,,,,,,,,,
7.174545454545456e-06,0.48383838383838385,,,,,,,,,,,
7.174545454545456e-06,0.4878787878787879,,,,,,,,,,,
7.174545454545456e-06,0.491919191919192,,,,,,,,,,,
7.174545454545456e-06,0.49595959595959593,,,,,,,,,,,
7.174545454545456e-06,0.5,,,,,,,,,,,
7.2754545454545465e-06,0.1,,,,,,,,,,,
7.2754545454545465e-06,0.10404040404040404,,,,,,,,,,,
7.2754545454545465e-06,0.10808080808080808,,,,,,,,,,,
7.2754545454545465e-06,0.11212121212121212,,,,,,,,,,,
7.2754545454545465e-06,0.11616161616161616,,,,,,,,,,,
7.2754545454545465e-06,0.1202020202020202,,,,,,,,,,,
7.2754545454545465e-06,0.12424242424242425,,,,,,,,,,,
7.2754545454545465e-06,0.12828282828282828,,,,,,,,,,,
7.2754545454545465e-06,0.13232323232323234,,,,,,,,,,,
7.2754545454545465e-06,0.13636363636363635,,,,,,,,,,,
7.2754545454545465e-06,0.14040404040404042,,,,,,,,,,,
7.2754545454545465e-06,0.14444444444444446,,,,,,,,,,,
7.2754545454545465e-06,0.1484848484848485,,,,,,,,,,,
7.2754545454545465e-06,0.15252525252525254,,,,,,,,,,,
7.2754545454545465e-06,0.15656565656565657,,,,,,,,,,,
7.2754545454545465e-06,0.1606060606060606,,,,,,,,,,,
7.2754545454545465e-06,0.16464646464646465,,,,,,,,,,,
7.2754545454545465e-06,0.1686868686868687,,,,,,,,,,,
7.2754545454545465e-06,0.17272727272727273,,,,,,,,,,,
7.2754545454545465e-06,0.17676767676767677,,,,,,,,,,,
7.2754545454545465e-06,0.1808080808080808,,,,,,,,,,,
7.2754545454545465e-06,0.18484848484848487,,,,,,,,,,,
7.2754545454545465e-06,0.18888888888888888,,,,,,,,,,,
7.2754545454545465e-06,0.19292929292929295,,,,,,,,,,,
7.2754545454545465e-06,0.19696969696969696,,,,,,,,,,,
7.2754545454545465e-06,0.20101010101010103,,,,,,,,,,,
7.2754545454545465e-06,0.20505050505050504,,,,,,,,,,,
7.2754545454545465e-06,0.2090909090909091,,,,,,,,,,,
7.2754545454545465e-06,0.21313131313131314,,,,,,,,,,,
7.2754545454545465e-06,0.21717171717171718,,,,,,,,,,,
7.2754545454545465e-06,0.22121212121212122,,,,,,,,,,,
7.2754545454545465e-06,0.22525252525252526,,,,,,,,,,,
7.2754545454545465e-06,0.2292929292929293,,,,,,,,,,,
7.2754545454545465e-06,0.23333333333333334,,,,,,,,,,,
7.2754545454545465e-06,0.23737373737373738,,,,,,,,,,,
7.2754545454545465e-06,0.24141414141414141,,,,,,,,,,,
7.2754545454545465e-06,0.24545454545454545,,,,,,,,,,,
7.2754545454545465e-06,0.2494949494949495,,,,,,,,,,,
7.2754545454545465e-06,0.2535353535353535,,,,,,,,,,,
7.2754545454545465e-06,0.25757575757575757,,,,,,,,,,,
7.2754545454545465e-06,0.26161616161616164,,,,,,,,,,,
7.2754545454545465e-06,0.2656565656565657,,,,,,,,,,,
7.2754545454545465e-06,0.2696969696969697,,,,,,,,,,,
7.2754545454545465e-06,0.2737373737373737,,,,,,,,,,,
7.2754545454545465e-06,0.2777777777777778,,,,,,,,,,,
7.2754545454545465e-06,0.28181818181818186,,,,,,,,,,,
7.2754545454545465e-06,0.28585858585858587,,,,,,,,,,,
7.2754545454545465e-06,0.2898989898989899,,,,,,,,,,,
7.2754545454545465e-06,0.29393939393939394,,,,,,,,,,,
7.2754545454545465e-06,0.297979797979798,,,,,,,,,,,
7.2754545454545465e-06,0.302020202020202,,,,,,,,,,,
7.2754545454545465e-06,0.30606060606060603,,,,,,,,,,,
7.2754545454545465e-06,0.3101010101010101,,,,,,,,,,,
7.2754545454545465e-06,0.31414141414141417,,,,,,,,,,,
7.2754545454545465e-06,0.3181818181818182,,,,,,,,,,,
7.2754545454545465e-06,0.3222222222222222,,,,,,,,,,,
7.2754545454545465e-06,0.32626262626262625,,,,,,,,,,,
7.2754545454545465e-06,0.3303030303030303,,,,,,,,,,,
7.2754545454545465e-06,0.3343434343434344,,,,,,,,,,,
7.2754545454545465e-06,0.3383838383838384,,,,,,,,,,,
7.2754545454545465e-06,0.3424242424242424,,,,,,,,,,,
7.2754545454545465e-06,0.3464646464646465,,,,,,,,,,,
7.2754545454545465e-06,0.35050505050505054,,,,,,,,,,,
7.2754545454545465e-06,0.3545454545454545,,,,,,,,,,,
7.2754545454545465e-06,0.35858585858585856,,,,,,,,,,,
7.2754545454545465e-06,0.36262626262626263,,,,,,,,,,,
7.2754545454545465e-06,0.3666666666666667,,,,,,,,,,,
7.2754545454545465e-06,0.37070707070707076,,,,,,,,,,,
7.2754545454545465e-06,0.3747474747474747,,,,,,,,,,,
7.2754545454545465e-06,0.3787878787878788,,,,,,,,,,,
7.2754545454545465e-06,0.38282828282828285,,,,,,,,,,,
7.2754545454545465e-06,0.3868686868686869,,,,,,,,,,,
7.2754545454545465e-06,0.3909090909090909,,,,,,,,,,,
7.2754545454545465e-06,0.39494949494949494,,,,,,,,,,,
7.2754545454545465e-06,0.398989898989899,,,,,,,,,,,
7.2754545454545465e-06,0.40303030303030307,,,,,,,,,,,
7.2754545454545465e-06,0.407070707070707,,,,,,,,,,,
7.2754545454545465e-06,0.4111111111111111,,,,,,,,,,,
7.2754545454545465e-06,0.41515151515151516,,,,,,,,,,,
7.2754545454545465e-06,0.4191919191919192,,,,,,,,,,,
7.2754545454545465e-06,0.4232323232323232,,,,,,,,,,,
7.2754545454545465e-06,0.42727272727272725,,,,,,,,,,,
7.2754545454545465e-06,0.4313131313131313,,,,,,,,,,,
7.2754545454545465e-06,0.4353535353535354,,,,,,,,,,,
7.2754545454545465e-06,0.43939393939393945,,,,,,,,,,,
7.2754545454545465e-06,0.4434343434343434,,,,,,,,,,,
7.2754545454545465e-06,0.44747474747474747,,,,,,,,,,,
7.2754545454545465e-06,0.45151515151515154,,,,,,,,,,,
7.2754545454545465e-06,0.4555555555555556,,,,,,,,,,,
7.2754545454545465e-06,0.45959595959595956,,,,,,,,,,,
7.2754545454545465e-06,0.4636363636363636,,,,,,,,,,,
7.2754545454545465e-06,0.4676767676767677,,,,,,,,,,,
7.2754545454545465e-06,0.47171717171717176,,,,,,,,,,,
7.2754545454545465e-06,0.4757575757575757,,,,,,,,,,,
7.2754545454545465e-06,0.4797979797979798,,,,,,,,,,,
7.2754545454545465e-06,0.48383838383838385,,,,,,,,,,,
7.2754545454545465e-06,0.4878787878787879,,,,,,,,,,,
7.2754545454545465e-06,0.491919191919192,,,,,,,,,,,
7.2754545454545465e-06,0.49595959595959593,,,,,,,,,,,
7.2754545454545465e-06,0.5,,,,,,,,,,,
7.376363636363637e-06,0.1,,,,,,,,,,,
7.376363636363637e-06,0.10404040404040404,,,,,,,,,,,
7.376363636363637e-06,0.10808080808080808,,,,,,,,,,,
7.376363636363637e-06,0.11212121212121212,,,,,,,,,,,
7.376363636363637e-06,0.11616161616161616,,,,,,,,,,,
7.376363636363637e-06,0.1202020202020202,,,,,,,,,,,
7.376363636363637e-06,0.12424242424242425,,,,,,,,,,,
7.376363636363637e-06,0.12828282828282828,,,,,,,,,,,
7.376363636363637e-06,0.13232323232323234,,,,,,,,,,,
7.376363636363637e-06,0.13636363636363635,,,,,,,,,,,
7.376363636363637e-06,0.14040404040404042,,,,,,,,,,,
7.376363636363637e-06,0.14444444444444446,,,,,,,,,,,
7.376363636363637e-06,0.1484848484848485,,,,,,,,,,,
7.376363636363637e-06,0.15252525252525254,,,,,,,,,,,
7.376363636363637e-06,0.15656565656565657,,,,,,,,,,,
7.376363636363637e-06,0.1606060606060606,,,,,,,,,,,
7.376363636363637e-06,0.16464646464646465,,,,,,,,,,,
7.376363636363637e-06,0.1686868686868687,,,,,,,,,,,
7.376363636363637e-06,0.17272727272727273,,,,,,,,,,,
7.376363636363637e-06,0.17676767676767677,,,,,,,,,,,
7.376363636363637e-06,0.1808080808080808,,,,,,,,,,,
7.376363636363637e-06,0.18484848484848487,,,,,,,,,,,
7.376363636363637e-06,0.18888888888888888,,,,,,,,,,,
7.376363636363637e-06,0.19292929292929295,,,,,,,,,,,
7.376363636363637e-06,0.19696969696969696,,,,,,,,,,,
7.376363636363637e-06,0.20101010101010103,,,,,,,,,,,
7.376363636363637e-06,0.20505050505050504,,,,,,,,,,,
7.376363636363637e-06,0.2090909090909091,,,,,,,,,,,
7.376363636363637e-06,0.21313131313131314,,,,,,,,,,,
7.376363636363637e-06,0.21717171717171718,,,,,,,,,,,
7.376363636363637e-06,0.22121212121212122,,,,,,,,,,,
7.376363636363637e-06,0.22525252525252526,,,,,,,,,,,
7.376363636363637e-06,0.2292929292929293,,,,,,,,,,,
7.376363636363637e-06,0.23333333333333334,,,,,,,,,,,
7.376363636363637e-06,0.23737373737373738,,,,,,,,,,,
7.376363636363637e-06,0.24141414141414141,,,,,,,,,,,
7.376363636363637e-06,0.24545454545454545,,,,,,,,,,,
7.376363636363637e-06,0.2494949494949495,,,,,,,,,,,
7.376363636363637e-06,0.2535353535353535,,,,,,,,,,,
7.376363636363637e-06,0.25757575757575757,,,,,,,,,,,
7.376363636363637e-06,0.26161616161616164,,,,,,,,,,,
7.376363636363637e-06,0.2656565656565657,,,,,,,,,,,
7.376363636363637e-06,0.2696969696969697,,,,,,,,,,,
7.376363636363637e-06,0.2737373737373737,,,,,,,,,,,
7.376363636363637e-06,0.2777777777777778,,,,,,,,,,,
7.376363636363637e-06,0.28181818181818186,,,,,,,,,,,
7.376363636363637e-06,0.28585858585858587,,,,,,,,,,,
7.376363636363637e-06,0.2898989898989899,,,,,,,,,,,
7.376363636363637e-06,0.29393939393939394,,,,,,,,,,,
7.376363636363637e-06,0.297979797979798,,,,,,,,,,,
7.376363636363637e-06,0.302020202020202,,,,,,,,,,,
7.376363636363637e-06,0.30606060606060603,,,,,,,,,,,
7.376363636363637e-06,0.3101010101010101,,,,,,,,,,,
7.376363636363637e-06,0.31414141414141417,,,,,,,,,,,
7.376363636363637e-06,0.3181818181818182,,,,,,,,,,,
7.376363636363637e-06,0.3222222222222222,,,,,,,,,,,
7.376363636363637e-06,0.32626262626262625,,,,,,,,,,,
7.376363636363637e-06,0.3303030303030303,,,,,,,,,,,
7.376363636363637e-06,0.3343434343434344,,,,,,,,,,,
7.376363636363637e-06,0.3383838383838384,,,,,,,,,,,
7.376363636363637e-06,0.3424242424242424,,,,,,,,,,,
7.376363636363637e-06,0.3464646464646465,,,,,,,,,,,
7.376363636363637e-06,0.35050505050505054,,,,,,,,,,,
7.376363636363637e-06,0.3545454545454545,,,,,,,,,,,
7.376363636363637e-06,0.35858585858585856,,,,,,,,,,,
7.376363636363637e-06,0.36262626262626263,,,,,,,,,,,
7.376363636363637e-06,0.3666666666666667,,,,,,,,,,,
7.376363636363637e-06,0.37070707070707076,,,,,,,,,,,
7.376363636363637e-06,0.3747474747474747,,,,,,,,,,,
7.376363636363637e-06,0.3787878787878788,,,,,,,,,,,
7.376363636363637e-06,0.38282828282828285,,,,,,,,,,,
7.376363636363637e-06,0.3868686868686869,,,,,,,,,,,
7.376363636363637e-06,0.3909090909090909,,,,,,,,,,,
7.376363636363637e-06,0.39494949494949494,,,,,,,,,,,
7.376363636363637e-06,0.398989898989899,,,,,,,,,,,
7.376363636363637e-06,0.40303030303030307,,,,,,,,,,,
7.376363636363637e-06,0.407070707070707,,,,,,,,,,,
7.376363636363637e-06,0.4111111111111111,,,,,,,,,,,
7.376363636363637e-06,0.41515151515151516,,,,,,,,,,,
7.376363636363637e-06,0.4191919191919192,,,,,,,,,,,
7.376363636363637e-06,0.4232323232323232,,,,,,,,,,,
7.376363636363637e-06,0.42727272727272725,,,,,,,,,,,
7.376363636363637e-06,0.4313131313131313,,,,,,,,,,,
7.376363636363637e-06,0.4353535353535354,,,,,,,,,,,
7.376363636363637e-06,0.43939393939393945,,,,,,,,,,,
7.376363636363637e-06,0.4434343434343434,,,,,,,,,,,
7.376363636363637e-06,0.44747474747474747,,,,,,,,,,,
7.376363636363637e-06,0.45151515151515154,,,,,,,,,,,
7.376363636363637e-06,0.4555555555555556,,,,,,,,,,,
7.376363636363637e-06,0.45959595959595956,,,,,,,,,,,
7.376363636363637e-06,0.4636363636363636,,,,,,,,,,,
7.376363636363637e-06,0.4676767676767677,,,,,,,,,,,
7.376363636363637e-06,0.47171717171717176,,,,,,,,,,,
7.376363636363637e-06,0.4757575757575757,,,,,,,,,,,
7.376363636363637e-06,0.4797979797979798,,,,,,,,,,,
7.376363636363637e-06,0.48383838383838385,,,,,,,,,,,
7.376363636363637e-06,0.4878787878787879,,,,,,,,,,,
7.376363636363637e-06,0.491919191919192,,,,,,,,,,,
7.376363636363637e-06,0.49595959595959593,,,,,,,,,,,
7.376363636363637e-06,0.5,,,,,,,,,,,
7.477272727272728e-06,0.1,,,,,,,,,,,
7.477272727272728e-06,0.10404040404040404,,,,,,,,,,,
7.477272727272728e-06,0.10808080808080808,,,,,,,,,,,
7.477272727272728e-06,0.11212121212121212,,,,,,,,,,,
7.477272727272728e-06,0.11616161616161616,,,,,,,,,,,
7.477272727272728e-06,0.1202020202020202,,,,,,,,,,,
7.477272727272728e-06,0.12424242424242425,,,,,,,,,,,
7.477272727272728e-06,0.12828282828282828,,,,,,,,,,,
7.477272727272728e-06,0.13232323232323234,,,,,,,,,,,
7.477272727272728e-06,0.13636363636363635,,,,,,,,,,,
7.477272727272728e-06,0.14040404040404042,,,,,,,,,,,
7.477272727272728e-06,0.14444444444444446,,,,,,,,,,,
7.477272727272728e-06,0.1484848484848485,,,,,,,,,,,
7.477272727272728e-06,0.15252525252525254,,,,,,,,,,,
7.477272727272728e-06,0.15656565656565657,,,,,,,,,,,
7.477272727272728e-06,0.1606060606060606,,,,,,,,,,,
7.477272727272728e-06,0.16464646464646465,,,,,,,,,,,
7.477272727272728e-06,0.1686868686868687,,,,,,,,,,,
7.477272727272728e-06,0.17272727272727273,,,,,,,,,,,
7.477272727272728e-06,0.17676767676767677,,,,,,,,,,,
7.477272727272728e-06,0.1808080808080808,,,,,,,,,,,
7.477272727272728e-06,0.18484848484848487,,,,,,,,,,,
7.477272727272728e-06,0.18888888888888888,,,,,,,,,,,
7.477272727272728e-06,0.19292929292929295,,,,,,,,,,,
7.477272727272728e-06,0.19696969696969696,,,,,,,,,,,
7.477272727272728e-06,0.20101010101010103,,,,,,,,,,,
7.477272727272728e-06,0.20505050505050504,,,,,,,,,,,
7.477272727272728e-06,0.2090909090909091,,,,,,,,,,,
7.477272727272728e-06,0.21313131313131314,,,,,,,,,,,
7.477272727272728e-06,0.21717171717171718,,,,,,,,,,,
7.477272727272728e-06,0.22121212121212122,,,,,,,,,,,
7.477272727272728e-06,0.22525252525252526,,,,,,,,,,,
7.477272727272728e-06,0.2292929292929293,,,,,,,,,,,
7.477272727272728e-06,0.23333333333333334,,,,,,,,,,,
7.477272727272728e-06,0.23737373737373738,,,,,,,,,,,
7.477272727272728e-06,0.24141414141414141,,,,,,,,,,,
7.477272727272728e-06,0.24545454545454545,,,,,,,,,,,
7.477272727272728e-06,0.2494949494949495,,,,,,,,,,,
7.477272727272728e-06,0.2535353535353535,,,,,,,,,,,
7.477272727272728e-06,0.25757575757575757,,,,,,,,,,,
7.477272727272728e-06,0.26161616161616164,,,,,,,,,,,
7.477272727272728e-06,0.2656565656565657,,,,,,,,,,,
7.477272727272728e-06,0.2696969696969697,,,,,,,,,,,
7.477272727272728e-06,0.2737373737373737,,,,,,,,,,,
7.477272727272728e-06,0.2777777777777778,,,,,,,,,,,
7.477272727272728e-06,0.28181818181818186,,,,,,,,,,,
7.477272727272728e-06,0.28585858585858587,,,,,,,,,,,
7.477272727272728e-06,0.2898989898989899,,,,,,,,,,,
7.477272727272728e-06,0.29393939393939394,,,,,,,,,,,
7.477272727272728e-06,0.297979797979798,,,,,,,,,,,
7.477272727272728e-06,0.302020202020202,,,,,,,,,,,
7.477272727272728e-06,0.30606060606060603,,,,,,,,,,,
7.477272727272728e-06,0.3101010101010101,,,,,,,,,,,
7.477272727272728e-06,0.31414141414141417,,,,,,,,,,,
7.477272727272728e-06,0.3181818181818182,,,,,,,,,,,
7.477272727272728e-06,0.3222222222222222,,,,,,,,,,,
7.477272727272728e-06,0.32626262626262625,,,,,,,,,,,
7.477272727272728e-06,0.3303030303030303,,,,,,,,,,,
7.477272727272728e-06,0.3343434343434344,,,,,,,,,,,
7.477272727272728e-06,0.3383838383838384,,,,,,,,,,,
7.477272727272728e-06,0.3424242424242424,,,,,,,,,,,
7.477272727272728e-06,0.3464646464646465,,,,,,,,,,,
7.477272727272728e-06,0.35050505050505054,,,,,,,,,,,
7.477272727272728e-06,0.3545454545454545,,,,,,,,,,,
7.477272727272728e-06,0.35858585858585856,,,,,,,,,,,
7.477272727272728e-06,0.36262626262626263,,,,,,,,,,,
7.477272727272728e-06,0.3666666666666667,,,,,,,,,,,
7.477272727272728e-06,0.37070707070707076,,,,,,,,,,,
7.477272727272728e-06,0.3747474747474747,,,,,,,,,,,
7.477272727272728e-06,0.3787878787878788,,,,,,,,,,,
7.477272727272728e-06,0.38282828282828285,,,,,,,,,,,
7.477272727272728e-06,0.3868686868686869,,,,,,,,,,,
7.477272727272728e-06,0.3909090909090909,,,,,,,,,,,
7.477272727272728e-06,0.39494949494949494,,,,,,,,,,,
7.477272727272728e-06,0.398989898989899,,,,,,,,,,,
7.477272727272728e-06,0.40303030303030307,,,,,,,,,,,
7.477272727272728e-06,0.407070707070707,,,,,,,,,,,
7.477272727272728e-06,0.4111111111111111,,,,,,,,,,,
7.477272727272728e-06,0.41515151515151516,,,,,,,,,,,
7.477272727272728e-06,0.4191919191919192,,,,,,,,,,,
7.477272727272728e-06,0.4232323232323232,,,,,,,,,,,
7.477272727272728e-06,0.42727272727272725,,,,,,,,,,,
7.477272727272728e-06,0.4313131313131313,,,,,,,,,,,
7.477272727272728e-06,0.4353535353535354,,,,,,,,,,,
7.477272727272728e-06,0.43939393939393945,,,,,,,,,,,
7.477272727272728e-06,0.4434343434343434,,,,,,,,,,,
7.477272727272728e-06,0.44747474747474747,,,,,,,,,,,
7.477272727272728e-06,0.45151515151515154,,,,,,,,,,,
7.477272727272728e-06,0.4555555555555556,,,,,,,,,,,
7.477272727272728e-06,0.45959595959595956,,,,,,,,,,,
7.477272727272728e-06,0.4636363636363636,,,,,,,,,,,
7.477272727272728e-06,0.4676767676767677,,,,,,,,,,,
7.477272727272728e-06,0.47171717171717176,,,,,,,,,,,
7.477272727272728e-06,0.4757575757575757,,,,,,,,,,,
7.477272727272728e-06,0.4797979797979798,,,,,,,,,,,
7.477272727272728e-06,0.48383838383838385,,,,,,,,,,,
7.477272727272728e-06,0.4878787878787879,,,,,,,,,,,
7.477272727272728e-06,0.491919191919192,,,,,,,,,,,
7.477272727272728e-06,0.49595959595959593,,,,,,,,,,,
7.477272727272728e-06,0.5,,,,,,,,,,,
7.5781818181818195e-06,0.1,,,,,,,,,,,
7.5781818181818195e-06,0.10404040404040404,,,,,,,,,,,
7.5781818181818195e-06,0.10808080808080808,,,,,,,,,,,
7.5781818181818195e-06,0.11212121212121212,,,,,,,,,,,
7.5781818181818195e-06,0.11616161616161616,,,,,,,,,,,
7.5781818181818195e-06,0.1202020202020202,,,,,,,,,,,
7.5781818181818195e-06,0.12424242424242425,,,,,,,,,,,
7.5781818181818195e-06,0.12828282828282828,,,,,,,,,,,
7.5781818181818195e-06,0.13232323232323234,,,,,,,,,,,
7.5781818181818195e-06,0.13636363636363635,,,,,,,,,,,
7.5781818181818195e-06,0.14040404040404042,,,,,,,,,,,
7.5781818181818195e-06,0.14444444444444446,,,,,,,,,,,
7.5781818181818195e-06,0.1484848484848485,,,,,,,,,,,
7.5781818181818195e-06,0.15252525252525254,,,,,,,,,,,
7.5781818181818195e-06,0.15656565656565657,,,,,,,,,,,
7.5781818181818195e-06,0.1606060606060606,,,,,,,,,,,
7.5781818181818195e-06,0.16464646464646465,,,,,,,,,,,
7.5781818181818195e-06,0.1686868686868687,,,,,,,,,,,
7.5781818181818195e-06,0.17272727272727273,,,,,,,,,,,
7.5781818181818195e-06,0.17676767676767677,,,,,,,,,,,
7.5781818181818195e-06,0.1808080808080808,,,,,,,,,,,
7.5781818181818195e-06,0.18484848484848487,,,,,,,,,,,
7.5781818181818195e-06,0.18888888888888888,,,,,,,,,,,
7.5781818181818195e-06,0.19292929292929295,,,,,,,,,,,
7.5781818181818195e-06,0.19696969696969696,,,,,,,,,,,
7.5781818181818195e-06,0.20101010101010103,,,,,,,,,,,
7.5781818181818195e-06,0.20505050505050504,,,,,,,,,,,
7.5781818181818195e-06,0.2090909090909091,,,,,,,,,,,
7.5781818181818195e-06,0.21313131313131314,,,,,,,,,,,
7.5781818181818195e-06,0.21717171717171718,,,,,,,,,,,
7.5781818181818195e-06,0.22121212121212122,,,,,,,,,,,
7.5781818181818195e-06,0.22525252525252526,,,,,,,,,,,
7.5781818181818195e-06,0.2292929292929293,,,,,,,,,,,
7.5781818181818195e-06,0.23333333333333334,,,,,,,,,,,
7.5781818181818195e-06,0.23737373737373738,,,,,,,,,,,
7.5781818181818195e-06,0.24141414141414141,,,,,,,,,,,
7.5781818181818195e-06,0.24545454545454545,,,,,,,,,,,
7.5781818181818195e-06,0.2494949494949495,,,,,,,,,,,
7.5781818181818195e-06,0.2535353535353535,,,,,,,,,,,
7.5781818181818195e-06,0.25757575757575757,,,,,,,,,,,
7.5781818181818195e-06,0.26161616161616164,,,,,,,,,,,
7.5781818181818195e-06,0.2656565656565657,,,,,,,,,,,
7.5781818181818195e-06,0.2696969696969697,,,,,,,,,,,
7.5781818181818195e-06,0.2737373737373737,,,,,,,,,,,
7.5781818181818195e-06,0.2777777777777778,,,,,,,,,,,
7.5781818181818195e-06,0.28181818181818186,,,,,,,,,,,
7.5781818181818195e-06,0.28585858585858587,,,,,,,,,,,
7.5781818181818195e-06,0.2898989898989899,,,,,,,,,,,
7.5781818181818195e-06,0.29393939393939394,,,,,,,,,,,
7.5781818181818195e-06,0.297979797979798,,,,,,,,,,,
7.5781818181818195e-06,0.302020202020202,,,,,,,,,,,
7.5781818181818195e-06,0.30606060606060603,,,,,,,,,,,
7.5781818181818195e-06,0.3101010101010101,,,,,,,,,,,
7.5781818181818195e-06,0.31414141414141417,,,,,,,,,,,
7.5781818181818195e-06,0.3181818181818182,,,,,,,,,,,
7.5781818181818195e-06,0.3222222222222222,,,,,,,,,,,
7.5781818181818195e-06,0.32626262626262625,,,,,,,,,,,
7.5781818181818195e-06,0.3303030303030303,,,,,,,,,,,
7.5781818181818195e-06,0.3343434343434344,,,,,,,,,,,
7.5781818181818195e-06,0.3383838383838384,,,,,,,,,,,
7.5781818181818195e-06,0.3424242424242424,,,,,,,,,,,
7.5781818181818195e-06,0.3464646464646465,,,,,,,,,,,
7.5781818181818195e-06,0.35050505050505054,,,,,,,,,,,
7.5781818181818195e-06,0.3545454545454545,,,,,,,,,,,
7.5781818181818195e-06,0.35858585858585856,,,,,,,,,,,
7.5781818181818195e-06,0.36262626262626263,,,,,,,,,,,
7.5781818181818195e-06,0.3666666666666667,,,,,,,,,,,
7.5781818181818195e-06,0.37070707070707076,,,,,,,,,,,
7.5781818181818195e-06,0.3747474747474747,,,,,,,,,,,
7.5781818181818195e-06,0.3787878787878788,,,,,,,,,,,
7.5781818181818195e-06,0.38282828282828285,,,,,,,,,,,
7.5781818181818195e-06,0.3868686868686869,,,,,,,,,,,
7.5781818181818195e-06,0.3909090909090909,,,,,,,,,,,
7.5781818181818195e-06,0.39494949494949494,,,,,,,,,,,
7.5781818181818195e-06,0.398989898989899,,,,,,,,,,,
7.5781818181818195e-06,0.40303030303030307,,,,,,,,,,,
7.5781818181818195e-06,0.407070707070707,,,,,,,,,,,
7.5781818181818195e-06,0.4111111111111111,,,,,,,,,,,
7.5781818181818195e-06,0.41515151515151516,,,,,,,,,,,
7.5781818181818195e-06,0.4191919191919192,,,,,,,,,,,
7.5781818181818195e-06,0.4232323232323232,,,,,,,,,,,
7.5781818181818195e-06,0.42727272727272725,,,,,,,,,,,
7.5781818181818195e-06,0.4313131313131313,,,,,,,,,,,
7.5781818181818195e-06,0.4353535353535354,,,,,,,,,,,
7.5781818181818195e-06,0.43939393939393945,,,,,,,,,,,
7.5781818181818195e-06,0.4434343434343434,,,,,,,,,,,
7.5781818181818195e-06,0.44747474747474747,,,,,,,,,,,
7.5781818181818195e-06,0.45151515151515154,,,,,,,,,,,
7.5781818181818195e-06,0.4555555555555556,,,,,,,,,,,
7.5781818181818195e-06,0.45959595959595956,,,,,,,,,,,
7.5781818181818195e-06,0.4636363636363636,,,,,,,,,,,
7.5781818181818195e-06,0.4676767676767677,,,,,,,,,,,
7.5781818181818195e-06,0.47171717171717176,,,,,,,,,,,
7.5781818181818195e-06,0.4757575757575757,,,,,,,,,,,
7.5781818181818195e-06,0.4797979797979798,,,,,,,,,,,
7.5781818181818195e-06,0.48383838383838385,,,,,,,,,,,
7.5781818181818195e-06,0.4878787878787879,,,,,,,,,,,
7.5781818181818195e-06,0.491919191919192,,,,,,,,,,,
7.5781818181818195e-06,0.49595959595959593,,,,,,,,,,,
7.5781818181818195e-06,0.5,,,,,,,,,,,
7.679090909090911e-06,0.1,,,,,,,,,,,
7.679090909090911e-06,0.10404040404040404,,,,,,,,,,,
7.679090909090911e-06,0.10808080808080808,,,,,,,,,,,
7.679090909090911e-06,0.11212121212121212,,,,,,,,,,,
7.679090909090911e-06,0.11616161616161616,,,,,,,,,,,
7.679090909090911e-06,0.1202020202020202,,,,,,,,,,,
7.679090909090911e-06,0.12424242424242425,,,,,,,,,,,
7.679090909090911e-06,0.12828282828282828,,,,,,,,,,,
7.679090909090911e-06,0.13232323232323234,,,,,,,,,,,
7.679090909090911e-06,0.13636363636363635,,,,,,,,,,,
7.679090909090911e-06,0.14040404040404042,,,,,,,,,,,
7.679090909090911e-06,0.14444444444444446,,,,,,,,,,,
7.679090909090911e-06,0.1484848484848485,,,,,,,,,,,
7.679090909090911e-06,0.15252525252525254,,,,,,,,,,,
7.679090909090911e-06,0.15656565656565657,,,,,,,,,,,
7.679090909090911e-06,0.1606060606060606,,,,,,,,,,,
7.679090909090911e-06,0.16464646464646465,,,,,,,,,,,
7.679090909090911e-06,0.1686868686868687,,,,,,,,,,,
7.679090909090911e-06,0.17272727272727273,,,,,,,,,,,
7.679090909090911e-06,0.17676767676767677,,,,,,,,,,,
7.679090909090911e-06,0.1808080808080808,,,,,,,,,,,
7.679090909090911e-06,0.18484848484848487,,,,,,,,,,,
7.679090909090911e-06,0.18888888888888888,,,,,,,,,,,
7.679090909090911e-06,0.19292929292929295,,,,,,,,,,,
7.679090909090911e-06,0.19696969696969696,,,,,,,,,,,
7.679090909090911e-06,0.20101010101010103,,,,,,,,,,,
7.679090909090911e-06,0.20505050505050504,,,,,,,,,,,
7.679090909090911e-06,0.2090909090909091,,,,,,,,,,,
7.679090909090911e-06,0.21313131313131314,,,,,,,,,,,
7.679090909090911e-06,0.21717171717171718,,,,,,,,,,,
7.679090909090911e-06,0.22121212121212122,,,,,,,,,,,
7.679090909090911e-06,0.22525252525252526,,,,,,,,,,,
7.679090909090911e-06,0.2292929292929293,,,,,,,,,,,
7.679090909090911e-06,0.23333333333333334,,,,,,,,,,,
7.679090909090911e-06,0.23737373737373738,,,,,,,,,,,
7.679090909090911e-06,0.24141414141414141,,,,,,,,,,,
7.679090909090911e-06,0.24545454545454545,,,,,,,,,,,
7.679090909090911e-06,0.2494949494949495,,,,,,,,,,,
7.679090909090911e-06,0.2535353535353535,,,,,,,,,,,
7.679090909090911e-06,0.25757575757575757,,,,,,,,,,,
7.679090909090911e-06,0.26161616161616164,,,,,,,,,,,
7.679090909090911e-06,0.2656565656565657,,,,,,,,,,,
7.679090909090911e-06,0.2696969696969697,,,,,,,,,,,
7.679090909090911e-06,0.2737373737373737,,,,,,,,,,,
7.679090909090911e-06,0.2777777777777778,,,,,,,,,,,
7.679090909090911e-06,0.28181818181818186,,,,,,,,,,,
7.679090909090911e-06,0.28585858585858587,,,,,,,,,,,
7.679090909090911e-06,0.2898989898989899,,,,,,,,,,,
7.679090909090911e-06,0.29393939393939394,,,,,,,,,,,
7.679090909090911e-06,0.297979797979798,,,,,,,,,,,
7.679090909090911e-06,0.302020202020202,,,,,,,,,,,
7.679090909090911e-06,0.30606060606060603,,,,,,,,,,,
7.679090909090911e-06,0.3101010101010101,,,,,,,,,,,
7.679090909090911e-06,0.31414141414141417,,,,,,,,,,,
7.679090909090911e-06,0.3181818181818182,,,,,,,,,,,
7.679090909090911e-06,0.3222222222222222,,,,,,,,,,,
7.679090909090911e-06,0.32626262626262625,,,,,,,,,,,
7.679090909090911e-06,0.3303030303030303,,,,,,,,,,,
7.679090909090911e-06,0.3343434343434344,,,,,,,,,,,
7.679090909090911e-06,0.3383838383838384,,,,,,,,,,,
7.679090909090911e-06,0.3424242424242424,,,,,,,,,,,
7.679090909090911e-06,0.3464646464646465,,,,,,,,,,,
7.679090909090911e-06,0.35050505050505054,,,,,,,,,,,
7.679090909090911e-06,0.3545454545454545,,,,,,,,,,,
7.679090909090911e-06,0.35858585858585856,,,,,,,,,,,
7.679090909090911e-06,0.36262626262626263,,,,,,,,,,,
7.679090909090911e-06,0.3666666666666667,,,,,,,,,,,
7.679090909090911e-06,0.37070707070707076,,,,,,,,,,,
7.679090909090911e-06,0.3747474747474747,,,,,,,,,,,
7.679090909090911e-06,0.3787878787878788,,,,,,,,,,,
7.679090909090911e-06,0.38282828282828285,,,,,,,,,,,
7.679090909090911e-06,0.3868686868686869,,,,,,,,,,,
7.679090909090911e-06,0.3909090909090909,,,,,,,,,,,
7.679090909090911e-06,0.39494949494949494,,,,,,,,,,,
7.679090909090911e-06,0.398989898989899,,,,,,,,,,,
7.679090909090911e-06,0.40303030303030307,,,,,,,,,,,
7.679090909090911e-06,0.407070707070707,,,,,,,,,,,
7.679090909090911e-06,0.4111111111111111,,,,,,,,,,,
7.679090909090911e-06,0.41515151515151516,,,,,,,,,,,
7.679090909090911e-06,0.4191919191919192,,,,,,,,,,,
7.679090909090911e-06,0.4232323232323232,,,,,,,,,,,
7.679090909090911e-06,0.42727272727272725,,,,,,,,,,,
7.679090909090911e-06,0.4313131313131313,,,,,,,,,,,
7.679090909090911e-06,0.4353535353535354,,,,,,,,,,,
7.679090909090911e-06,0.43939393939393945,,,,,,,,,,,
7.679090909090911e-06,0.4434343434343434,,,,,,,,,,,
7.679090909090911e-06,0.44747474747474747,,,,,,,,,,,
7.679090909090911e-06,0.45151515151515154,,,,,,,,,,,
7.679090909090911e-06,0.4555555555555556,,,,,,,,,,,
7.679090909090911e-06,0.45959595959595956,,,,,,,,,,,
7.679090909090911e-06,0.4636363636363636,,,,,,,,,,,
7.679090909090911e-06,0.4676767676767677,,,,,,,,,,,
7.679090909090911e-06,0.47171717171717176,,,,,,,,,,,
7.679090909090911e-06,0.4757575757575757,,,,,,,,,,,
7.679090909090911e-06,0.4797979797979798,,,,,,,,,,,
7.679090909090911e-06,0.48383838383838385,,,,,,,,,,,
7.679090909090911e-06,0.4878787878787879,,,,,,,,,,,
7.679090909090911e-06,0.491919191919192,,,,,,,,,,,
7.679090909090911e-06,0.49595959595959593,,,,,,,,,,,
7.679090909090911e-06,0.5,,,,,,,,,,,
7.780000000000002e-06,0.1,,,,,,,,,,,
7.780000000000002e-06,0.10404040404040404,,,,,,,,,,,
7.780000000000002e-06,0.10808080808080808,,,,,,,,,,,
7.780000000000002e-06,0.11212121212121212,,,,,,,,,,,
7.780000000000002e-06,0.11616161616161616,,,,,,,,,,,
7.780000000000002e-06,0.1202020202020202,,,,,,,,,,,
7.780000000000002e-06,0.12424242424242425,,,,,,,,,,,
7.780000000000002e-06,0.12828282828282828,,,,,,,,,,,
7.780000000000002e-06,0.13232323232323234,,,,,,,,,,,
7.780000000000002e-06,0.13636363636363635,,,,,,,,,,,
7.780000000000002e-06,0.14040404040404042,,,,,,,,,,,
7.780000000000002e-06,0.14444444444444446,,,,,,,,,,,
7.780000000000002e-06,0.1484848484848485,,,,,,,,,,,
7.780000000000002e-06,0.15252525252525254,,,,,,,,,,,
7.780000000000002e-06,0.15656565656565657,,,,,,,,,,,
7.780000000000002e-06,0.1606060606060606,,,,,,,,,,,
7.780000000000002e-06,0.16464646464646465,,,,,,,,,,,
7.780000000000002e-06,0.1686868686868687,,,,,,,,,,,
7.780000000000002e-06,0.17272727272727273,,,,,,,,,,,
7.780000000000002e-06,0.17676767676767677,,,,,,,,,,,
7.780000000000002e-06,0.1808080808080808,,,,,,,,,,,
7.780000000000002e-06,0.18484848484848487,,,,,,,,,,,
7.780000000000002e-06,0.18888888888888888,,,,,,,,,,,
7.780000000000002e-06,0.19292929292929295,,,,,,,,,,,
7.780000000000002e-06,0.19696969696969696,,,,,,,,,,,
7.780000000000002e-06,0.20101010101010103,,,,,,,,,,,
7.780000000000002e-06,0.20505050505050504,,,,,,,,,,,
7.780000000000002e-06,0.2090909090909091,,,,,,,,,,,
7.780000000000002e-06,0.21313131313131314,,,,,,,,,,,
7.780000000000002e-06,0.21717171717171718,,,,,,,,,,,
7.780000000000002e-06,0.22121212121212122,,,,,,,,,,,
7.780000000000002e-06,0.22525252525252526,,,,,,,,,,,
7.780000000000002e-06,0.2292929292929293,,,,,,,,,,,
7.780000000000002e-06,0.23333333333333334,,,,,,,,,,,
7.780000000000002e-06,0.23737373737373738,,,,,,,,,,,
7.780000000000002e-06,0.24141414141414141,,,,,,,,,,,
7.780000000000002e-06,0.24545454545454545,,,,,,,,,,,
7.780000000000002e-06,0.2494949494949495,,,,,,,,,,,
7.780000000000002e-06,0.2535353535353535,,,,,,,,,,,
7.780000000000002e-06,0.25757575757575757,,,,,,,,,,,
7.780000000000002e-06,0.26161616161616164,,,,,,,,,,,
7.780000000000002e-06,0.2656565656565657,,,,,,,,,,,
7.780000000000002e-06,0.2696969696969697,,,,,,,,,,,
7.780000000000002e-06,0.2737373737373737,,,,,,,,,,,
7.780000000000002e-06,0.2777777777777778,,,,,,,,,,,
7.780000000000002e-06,0.28181818181818186,,,,,,,,,,,
7.780000000000002e-06,0.28585858585858587,,,,,,,,,,,
7.780000000000002e-06,0.2898989898989899,,,,,,,,,,,
7.780000000000002e-06,0.29393939393939394,,,,,,,,,,,
7.780000000000002e-06,0.297979797979798,,,,,,,,,,,
7.780000000000002e-06,0.302020202020202,,,,,,,,,,,
7.780000000000002e-06,0.30606060606060603,,,,,,,,,,,
7.780000000000002e-06,0.3101010101010101,,,,,,,,,,,
7.780000000000002e-06,0.31414141414141417,,,,,,,,,,,
7.780000000000002e-06,0.3181818181818182,,,,,,,,,,,
7.780000000000002e-06,0.3222222222222222,,,,,,,,,,,
7.780000000000002e-06,0.32626262626262625,,,,,,,,,,,
7.780000000000002e-06,0.3303030303030303,,,,,,,,,,,
7.780000000000002e-06,0.3343434343434344,,,,,,,,,,,
7.780000000000002e-06,0.3383838383838384,,,,,,,,,,,
7.780000000000002e-06,0.3424242424242424,,,,,,,,,,,
7.780000000000002e-06,0.3464646464646465,,,,,,,,,,,
7.780000000000002e-06,0.35050505050505054,,,,,,,,,,,
7.780000000000002e-06,0.3545454545454545,,,,,,,,,,,
7.780000000000002e-06,0.35858585858585856,,,,,,,,,,,
7.780000000000002e-06,0.36262626262626263,,,,,,,,,,,
7.780000000000002e-06,0.3666666666666667,,,,,,,,,,,
7.780000000000002e-06,0.37070707070707076,,,,,,,,,,,
7.780000000000002e-06,0.3747474747474747,,,,,,,,,,,
7.780000000000002e-06,0.3787878787878788,,,,,,,,,,,
7.780000000000002e-06,0.38282828282828285,,,,,,,,,,,
7.780000000000002e-06,0.3868686868686869,,,,,,,,,,,
7.780000000000002e-06,0.3909090909090909,,,,,,,,,,,
7.780000000000002e-06,0.39494949494949494,,,,,,,,,,,
7.780000000000002e-06,0.398989898989899,,,,,,,,,,,
7.780000000000002e-06,0.40303030303030307,,,,,,,,,,,
7.780000000000002e-06,0.407070707070707,,,,,,,,,,,
7.780000000000002e-06,0.4111111111111111,,,,,,,,,,,
7.780000000000002e-06,0.41515151515151516,,,,,,,,,,,
7.780000000000002e-06,0.4191919191919192,,,,,,,,,,,
7.780000000000002e-06,0.4232323232323232,,,,,,,,,,,
7.780000000000002e-06,0.42727272727272725,,,,,,,,,,,
7.780000000000002e-06,0.4313131313131313,,,,,,,,,,,
7.780000000000002e-06,0.4353535353535354,,,,,,,,,,,
7.780000000000002e-06,0.43939393939393945,,,,,,,,,,,
7.780000000000002e-06,0.4434343434343434,,,,,,,,,,,
7.780000000000002e-06,0.44747474747474747,,,,,,,,,,,
7.780000000000002e-06,0.45151515151515154,,,,,,,,,,,
7.780000000000002e-06,0.4555555555555556,,,,,,,,,,,
7.780000000000002e-06,0.45959595959595956,,,,,,,,,,,
7.780000000000002e-06,0.4636363636363636,,,,,,,,,,,
7.780000000000002e-06,0.4676767676767677,,,,,,,,,,,
7.780000000000002e-06,0.47171717171717176,,,,,,,,,,,
7.780000000000002e-06,0.4757575757575757,,,,,,,,,,,
7.780000000000002e-06,0.4797979797979798,,,,,,,,,,,
7.780000000000002e-06,0.48383838383838385,,,,,,,,,,,
7.780000000000002e-06,0.4878787878787879,,,,,,,,,,,
7.780000000000002e-06,0.491919191919192,,,,,,,,,,,
7.780000000000002e-06,0.49595959595959593,,,,,,,,,,,
7.780000000000002e-06,0.5,,,,,,,,,,,
7.880909090909092e-06,0.1,,,,,,,,,,,
7.880909090909092e-06,0.10404040404040404,,,,,,,,,,,
7.880909090909092e-06,0.10808080808080808,,,,,,,,,,,
7.880909090909092e-06,0.11212121212121212,,,,,,,,,,,
7.880909090909092e-06,0.11616161616161616,,,,,,,,,,,
7.880909090909092e-06,0.1202020202020202,,,,,,,,,,,
7.880909090909092e-06,0.12424242424242425,,,,,,,,,,,
7.880909090909092e-06,0.12828282828282828,,,,,,,,,,,
7.880909090909092e-06,0.13232323232323234,,,,,,,,,,,
7.880909090909092e-06,0.13636363636363635,,,,,,,,,,,
7.880909090909092e-06,0.14040404040404042,,,,,,,,,,,
7.880909090909092e-06,0.14444444444444446,,,,,,,,,,,
7.880909090909092e-06,0.1484848484848485,,,,,,,,,,,
7.880909090909092e-06,0.15252525252525254,,,,,,,,,,,
7.880909090909092e-06,0.15656565656565657,,,,,,,,,,,
7.880909090909092e-06,0.1606060606060606,,,,,,,,,,,
7.880909090909092e-06,0.16464646464646465,,,,,,,,,,,
7.880909090909092e-06,0.1686868686868687,,,,,,,,,,,
7.880909090909092e-06,0.17272727272727273,,,,,,,,,,,
7.880909090909092e-06,0.17676767676767677,,,,,,,,,,,
7.880909090909092e-06,0.1808080808080808,,,,,,,,,,,
7.880909090909092e-06,0.18484848484848487,,,,,,,,,,,
7.880909090909092e-06,0.18888888888888888,,,,,,,,,,,
7.880909090909092e-06,0.19292929292929295,,,,,,,,,,,
7.880909090909092e-06,0.19696969696969696,,,,,,,,,,,
7.880909090909092e-06,0.20101010101010103,,,,,,,,,,,
7.880909090909092e-06,0.20505050505050504,,,,,,,,,,,
7.880909090909092e-06,0.2090909090909091,,,,,,,,,,,
7.880909090909092e-06,0.21313131313131314,,,,,,,,,,,
7.880909090909092e-06,0.21717171717171718,,,,,,,,,,,
7.880909090909092e-06,0.22121212121212122,,,,,,,,,,,
7.880909090909092e-06,0.22525252525252526,,,,,,,,,,,
7.880909090909092e-06,0.2292929292929293,,,,,,,,,,,
7.880909090909092e-06,0.23333333333333334,,,,,,,,,,,
7.880909090909092e-06,0.23737373737373738,,,,,,,,,,,
7.880909090909092e-06,0.24141414141414141,,,,,,,,,,,
7.880909090909092e-06,0.24545454545454545,,,,,,,,,,,
7.880909090909092e-06,0.2494949494949495,,,,,,,,,,,
7.880909090909092e-06,0.2535353535353535,,,,,,,,,,,
7.880909090909092e-06,0.25757575757575757,,,,,,,,,,,
7.880909090909092e-06,0.26161616161616164,,,,,,,,,,,
7.880909090909092e-06,0.2656565656565657,,,,,,,,,,,
7.880909090909092e-06,0.2696969696969697,,,,,,,,,,,
7.880909090909092e-06,0.2737373737373737,,,,,,,,,,,
7.880909090909092e-06,0.2777777777777778,,,,,,,,,,,
7.880909090909092e-06,0.28181818181818186,,,,,,,,,,,
7.880909090909092e-06,0.28585858585858587,,,,,,,,,,,
7.880909090909092e-06,0.2898989898989899,,,,,,,,,,,
7.880909090909092e-06,0.29393939393939394,,,,,,,,,,,
7.880909090909092e-06,0.297979797979798,,,,,,,,,,,
7.880909090909092e-06,0.302020202020202,,,,,,,,,,,
7.880909090909092e-06,0.30606060606060603,,,,,,,,,,,
7.880909090909092e-06,0.3101010101010101,,,,,,,,,,,
7.880909090909092e-06,0.31414141414141417,,,,,,,,,,,
7.880909090909092e-06,0.3181818181818182,,,,,,,,,,,
7.880909090909092e-06,0.3222222222222222,,,,,,,,,,,
7.880909090909092e-06,0.32626262626262625,,,,,,,,,,,
7.880909090909092e-06,0.3303030303030303,,,,,,,,,,,
7.880909090909092e-06,0.3343434343434344,,,,,,,,,,,
7.880909090909092e-06,0.3383838383838384,,,,,,,,,,,
7.880909090909092e-06,0.3424242424242424,,,,,,,,,,,
7.880909090909092e-06,0.3464646464646465,,,,,,,,,,,
7.880909090909092e-06,0.35050505050505054,,,,,,,,,,,
7.880909090909092e-06,0.3545454545454545,,,,,,,,,,,
7.880909090909092e-06,0.35858585858585856,,,,,,,,,,,
7.880909090909092e-06,0.36262626262626263,,,,,,,,,,,
7.880909090909092e-06,0.3666666666666667,,,,,,,,,,,
7.880909090909092e-06,0.37070707070707076,,,,,,,,,,,
7.880909090909092e-06,0.3747474747474747,,,,,,,,,,,
7.880909090909092e-06,0.3787878787878788,,,,,,,,,,,
7.880909090909092e-06,0.38282828282828285,,,,,,,,,,,
7.880909090909092e-06,0.3868686868686869,,,,,,,,,,,
7.880909090909092e-06,0.3909090909090909,,,,,,,,,,,
7.880909090909092e-06,0.39494949494949494,,,,,,,,,,,
7.880909090909092e-06,0.398989898989899,,,,,,,,,,,
7.880909090909092e-06,0.40303030303030307,,,,,,,,,,,
7.880909090909092e-06,0.407070707070707,,,,,,,,,,,
7.880909090909092e-06,0.4111111111111111,,,,,,,,,,,
7.880909090909092e-06,0.41515151515151516,,,,,,,,,,,
7.880909090909092e-06,0.4191919191919192,,,,,,,,,,,
7.880909090909092e-06,0.4232323232323232,,,,,,,,,,,
7.880909090909092e-06,0.42727272727272725,,,,,,,,,,,
7.880909090909092e-06,0.4313131313131313,,,,,,,,,,,
7.880909090909092e-06,0.4353535353535354,,,,,,,,,,,
7.880909090909092e-06,0.43939393939393945,,,,,,,,,,,
7.880909090909092e-06,0.4434343434343434,,,,,,,,,,,
7.880909090909092e-06,0.44747474747474747,,,,,,,,,,,
7.880909090909092e-06,0.45151515151515154,,,,,,,,,,,
7.880909090909092e-06,0.4555555555555556,,,,,,,,,,,
7.880909090909092e-06,0.45959595959595956,,,,,,,,,,,
7.880909090909092e-06,0.4636363636363636,,,,,,,,,,,
7.880909090909092e-06,0.4676767676767677,,,,,,,,,,,
7.880909090909092e-06,0.47171717171717176,,,,,,,,,,,
7.880909090909092e-06,0.4757575757575757,,,,,,,,,,,
7.880909090909092e-06,0.4797979797979798,,,,,,,,,,,
7.880909090909092e-06,0.48383838383838385,,,,,,,,,,,
7.880909090909092e-06,0.4878787878787879,,,,,,,,,,,
7.880909090909092e-06,0.491919191919192,,,,,,,,,,,
7.880909090909092e-06,0.49595959595959593,,,,,,,,,,,
7.880909090909092e-06,0.5,,,,,,,,,,,
7.981818181818183e-06,0.1,,,,,,,,,,,
7.981818181818183e-06,0.10404040404040404,,,,,,,,,,,
7.981818181818183e-06,0.10808080808080808,,,,,,,,,,,
7.981818181818183e-06,0.11212121212121212,,,,,,,,,,,
7.981818181818183e-06,0.11616161616161616,,,,,,,,,,,
7.981818181818183e-06,0.1202020202020202,,,,,,,,,,,
7.981818181818183e-06,0.12424242424242425,,,,,,,,,,,
7.981818181818183e-06,0.12828282828282828,,,,,,,,,,,
7.981818181818183e-06,0.13232323232323234,,,,,,,,,,,
7.981818181818183e-06,0.13636363636363635,,,,,,,,,,,
7.981818181818183e-06,0.14040404040404042,,,,,,,,,,,
7.981818181818183e-06,0.14444444444444446,,,,,,,,,,,
7.981818181818183e-06,0.1484848484848485,,,,,,,,,,,
7.981818181818183e-06,0.15252525252525254,,,,,,,,,,,
7.981818181818183e-06,0.15656565656565657,,,,,,,,,,,
7.981818181818183e-06,0.1606060606060606,,,,,,,,,,,
7.981818181818183e-06,0.16464646464646465,,,,,,,,,,,
7.981818181818183e-06,0.1686868686868687,,,,,,,,,,,
7.981818181818183e-06,0.17272727272727273,,,,,,,,,,,
7.981818181818183e-06,0.17676767676767677,,,,,,,,,,,
7.981818181818183e-06,0.1808080808080808,,,,,,,,,,,
7.981818181818183e-06,0.18484848484848487,,,,,,,,,,,
7.981818181818183e-06,0.18888888888888888,,,,,,,,,,,
7.981818181818183e-06,0.19292929292929295,,,,,,,,,,,
7.981818181818183e-06,0.19696969696969696,,,,,,,,,,,
7.981818181818183e-06,0.20101010101010103,,,,,,,,,,,
7.981818181818183e-06,0.20505050505050504,,,,,,,,,,,
7.981818181818183e-06,0.2090909090909091,,,,,,,,,,,
7.981818181818183e-06,0.21313131313131314,,,,,,,,,,,
7.981818181818183e-06,0.21717171717171718,,,,,,,,,,,
7.981818181818183e-06,0.22121212121212122,,,,,,,,,,,
7.981818181818183e-06,0.22525252525252526,,,,,,,,,,,
7.981818181818183e-06,0.2292929292929293,,,,,,,,,,,
7.981818181818183e-06,0.23333333333333334,,,,,,,,,,,
7.981818181818183e-06,0.23737373737373738,,,,,,,,,,,
7.981818181818183e-06,0.24141414141414141,,,,,,,,,,,
7.981818181818183e-06,0.24545454545454545,,,,,,,,,,,
7.981818181818183e-06,0.2494949494949495,,,,,,,,,,,
7.981818181818183e-06,0.2535353535353535,,,,,,,,,,,
7.981818181818183e-06,0.25757575757575757,,,,,,,,,,,
7.981818181818183e-06,0.26161616161616164,,,,,,,,,,,
7.981818181818183e-06,0.2656565656565657,,,,,,,,,,,
7.981818181818183e-06,0.2696969696969697,,,,,,,,,,,
7.981818181818183e-06,0.2737373737373737,,,,,,,,,,,
7.981818181818183e-06,0.2777777777777778,,,,,,,,,,,
7.981818181818183e-06,0.28181818181818186,,,,,,,,,,,
7.981818181818183e-06,0.28585858585858587,,,,,,,,,,,
7.981818181818183e-06,0.2898989898989899,,,,,,,,,,,
7.981818181818183e-06,0.29393939393939394,,,,,,,,,,,
7.981818181818183e-06,0.297979797979798,,,,,,,,,,,
7.981818181818183e-06,0.302020202020202,,,,,,,,,,,
7.981818181818183e-06,0.30606060606060603,,,,,,,,,,,
7.981818181818183e-06,0.3101010101010101,,,,,,,,,,,
7.981818181818183e-06,0.31414141414141417,,,,,,,,,,,
7.981818181818183e-06,0.3181818181818182,,,,,,,,,,,
7.981818181818183e-06,0.3222222222222222,,,,,,,,,,,
7.981818181818183e-06,0.32626262626262625,,,,,,,,,,,
7.981818181818183e-06,0.3303030303030303,,,,,,,,,,,
7.981818181818183e-06,0.3343434343434344,,,,,,,,,,,
7.981818181818183e-06,0.3383838383838384,,,,,,,,,,,
7.981818181818183e-06,0.3424242424242424,,,,,,,,,,,
7.981818181818183e-06,0.3464646464646465,,,,,,,,,,,
7.981818181818183e-06,0.35050505050505054,,,,,,,,,,,
7.981818181818183e-06,0.3545454545454545,,,,,,,,,,,
7.981818181818183e-06,0.35858585858585856,,,,,,,,,,,
7.981818181818183e-06,0.36262626262626263,,,,,,,,,,,
7.981818181818183e-06,0.3666666666666667,,,,,,,,,,,
7.981818181818183e-06,0.37070707070707076,,,,,,,,,,,
7.981818181818183e-06,0.3747474747474747,,,,,,,,,,,
7.981818181818183e-06,0.3787878787878788,,,,,,,,,,,
7.981818181818183e-06,0.38282828282828285,,,,,,,,,,,
7.981818181818183e-06,0.3868686868686869,,,,,,,,,,,
7.981818181818183e-06,0.3909090909090909,,,,,,,,,,,
7.981818181818183e-06,0.39494949494949494,,,,,,,,,,,
7.981818181818183e-06,0.398989898989899,,,,,,,,,,,
7.981818181818183e-06,0.40303030303030307,,,,,,,,,,,
7.981818181818183e-06,0.407070707070707,,,,,,,,,,,
7.981818181818183e-06,0.4111111111111111,,,,,,,,,,,
7.981818181818183e-06,0.41515151515151516,,,,,,,,,,,
7.981818181818183e-06,0.4191919191919192,,,,,,,,,,,
7.981818181818183e-06,0.4232323232323232,,,,,,,,,,,
7.981818181818183e-06,0.42727272727272725,,,,,,,,,,,
7.981818181818183e-06,0.4313131313131313,,,,,,,,,,,
7.981818181818183e-06,0.4353535353535354,,,,,,,,,,,
7.981818181818183e-06,0.43939393939393945,,,,,,,,,,,
7.981818181818183e-06,0.4434343434343434,,,,,,,,,,,
7.981818181818183e-06,0.44747474747474747,,,,,,,,,,,
7.981818181818183e-06,0.45151515151515154,,,,,,,,,,,
7.981818181818183e-06,0.4555555555555556,,,,,,,,,,,
7.981818181818183e-06,0.45959595959595956,,,,,,,,,,,
7.981818181818183e-06,0.4636363636363636,,,,,,,,,,,
7.981818181818183e-06,0.4676767676767677,,,,,,,,,,,
7.981818181818183e-06,0.47171717171717176,,,,,,,,,,,
7.981818181818183e-06,0.4757575757575757,,,,,,,,,,,
7.981818181818183e-06,0.4797979797979798,,,,,,,,,,,
7.981818181818183e-06,0.48383838383838385,,,,,,,,,,,
7.981818181818183e-06,0.4878787878787879,,,,,,,,,,,
7.981818181818183e-06,0.491919191919192,,,,,,,,,,,
7.981818181818183e-06,0.49595959595959593,,,,,,,,,,,
7.981818181818183e-06,0.5,,,,,,,,,,,
8.082727272727274e-06,0.1,,,,,,,,,,,
8.082727272727274e-06,0.10404040404040404,,,,,,,,,,,
8.082727272727274e-06,0.10808080808080808,,,,,,,,,,,
8.082727272727274e-06,0.11212121212121212,,,,,,,,,,,
8.082727272727274e-06,0.11616161616161616,,,,,,,,,,,
8.082727272727274e-06,0.1202020202020202,,,,,,,,,,,
8.082727272727274e-06,0.12424242424242425,,,,,,,,,,,
8.082727272727274e-06,0.12828282828282828,,,,,,,,,,,
8.082727272727274e-06,0.13232323232323234,,,,,,,,,,,
8.082727272727274e-06,0.13636363636363635,,,,,,,,,,,
8.082727272727274e-06,0.14040404040404042,,,,,,,,,,,
8.082727272727274e-06,0.14444444444444446,,,,,,,,,,,
8.082727272727274e-06,0.1484848484848485,,,,,,,,,,,
8.082727272727274e-06,0.15252525252525254,,,,,,,,,,,
8.082727272727274e-06,0.15656565656565657,,,,,,,,,,,
8.082727272727274e-06,0.1606060606060606,,,,,,,,,,,
8.082727272727274e-06,0.16464646464646465,,,,,,,,,,,
8.082727272727274e-06,0.1686868686868687,,,,,,,,,,,
8.082727272727274e-06,0.17272727272727273,,,,,,,,,,,
8.082727272727274e-06,0.17676767676767677,,,,,,,,,,,
8.082727272727274e-06,0.1808080808080808,,,,,,,,,,,
8.082727272727274e-06,0.18484848484848487,,,,,,,,,,,
8.082727272727274e-06,0.18888888888888888,,,,,,,,,,,
8.082727272727274e-06,0.19292929292929295,,,,,,,,,,,
8.082727272727274e-06,0.19696969696969696,,,,,,,,,,,
8.082727272727274e-06,0.20101010101010103,,,,,,,,,,,
8.082727272727274e-06,0.20505050505050504,,,,,,,,,,,
8.082727272727274e-06,0.2090909090909091,,,,,,,,,,,
8.082727272727274e-06,0.21313131313131314,,,,,,,,,,,
8.082727272727274e-06,0.21717171717171718,,,,,,,,,,,
8.082727272727274e-06,0.22121212121212122,,,,,,,,,,,
8.082727272727274e-06,0.22525252525252526,,,,,,,,,,,
8.082727272727274e-06,0.2292929292929293,,,,,,,,,,,
8.082727272727274e-06,0.23333333333333334,,,,,,,,,,,
8.082727272727274e-06,0.23737373737373738,,,,,,,,,,,
8.082727272727274e-06,0.24141414141414141,,,,,,,,,,,
8.082727272727274e-06,0.24545454545454545,,,,,,,,,,,
8.082727272727274e-06,0.2494949494949495,,,,,,,,,,,
8.082727272727274e-06,0.2535353535353535,,,,,,,,,,,
8.082727272727274e-06,0.25757575757575757,,,,,,,,,,,
8.082727272727274e-06,0.26161616161616164,,,,,,,,,,,
8.082727272727274e-06,0.2656565656565657,,,,,,,,,,,
8.082727272727274e-06,0.2696969696969697,,,,,,,,,,,
8.082727272727274e-06,0.2737373737373737,,,,,,,,,,,
8.082727272727274e-06,0.2777777777777778,,,,,,,,,,,
8.082727272727274e-06,0.28181818181818186,,,,,,,,,,,
8.082727272727274e-06,0.28585858585858587,,,,,,,,,,,
8.082727272727274e-06,0.2898989898989899,,,,,,,,,,,
8.082727272727274e-06,0.29393939393939394,,,,,,,,,,,
8.082727272727274e-06,0.297979797979798,,,,,,,,,,,
8.082727272727274e-06,0.302020202020202,,,,,,,,,,,
8.082727272727274e-06,0.30606060606060603,,,,,,,,,,,
8.082727272727274e-06,0.3101010101010101,,,,,,,,,,,
8.082727272727274e-06,0.31414141414141417,,,,,,,,,,,
8.082727272727274e-06,0.3181818181818182,,,,,,,,,,,
8.082727272727274e-06,0.3222222222222222,,,,,,,,,,,
8.082727272727274e-06,0.32626262626262625,,,,,,,,,,,
8.082727272727274e-06,0.3303030303030303,,,,,,,,,,,
8.082727272727274e-06,0.3343434343434344,,,,,,,,,,,
8.082727272727274e-06,0.3383838383838384,,,,,,,,,,,
8.082727272727274e-06,0.3424242424242424,,,,,,,,,,,
8.082727272727274e-06,0.3464646464646465,,,,,,,,,,,
8.082727272727274e-06,0.35050505050505054,,,,,,,,,,,
8.082727272727274e-06,0.3545454545454545,,,,,,,,,,,
8.082727272727274e-06,0.35858585858585856,,,,,,,,,,,
8.082727272727274e-06,0.36262626262626263,,,,,,,,,,,
8.082727272727274e-06,0.3666666666666667,,,,,,,,,,,
8.082727272727274e-06,0.37070707070707076,,,,,,,,,,,
8.082727272727274e-06,0.3747474747474747,,,,,,,,,,,
8.082727272727274e-06,0.3787878787878788,,,,,,,,,,,
8.082727272727274e-06,0.38282828282828285,,,,,,,,,,,
8.082727272727274e-06,0.3868686868686869,,,,,,,,,,,
8.082727272727274e-06,0.3909090909090909,,,,,,,,,,,
8.082727272727274e-06,0.39494949494949494,,,,,,,,,,,
8.082727272727274e-06,0.398989898989899,,,,,,,,,,,
8.082727272727274e-06,0.40303030303030307,,,,,,,,,,,
8.082727272727274e-06,0.407070707070707,,,,,,,,,,,
8.082727272727274e-06,0.4111111111111111,,,,,,,,,,,
8.082727272727274e-06,0.41515151515151516,,,,,,,,,,,
8.082727272727274e-06,0.4191919191919192,,,,,,,,,,,
8.082727272727274e-06,0.4232323232323232,,,,,,,,,,,
8.082727272727274e-06,0.42727272727272725,,,,,,,,,,,
8.082727272727274e-06,0.4313131313131313,,,,,,,,,,,
8.082727272727274e-06,0.4353535353535354,,,,,,,,,,,
8.082727272727274e-06,0.43939393939393945,,,,,,,,,,,
8.082727272727274e-06,0.4434343434343434,,,,,,,,,,,
8.082727272727274e-06,0.44747474747474747,,,,,,,,,,,
8.082727272727274e-06,0.45151515151515154,,,,,,,,,,,
8.082727272727274e-06,0.4555555555555556,,,,,,,,,,,
8.082727272727274e-06,0.45959595959595956,,,,,,,,,,,
8.082727272727274e-06,0.4636363636363636,,,,,,,,,,,
8.082727272727274e-06,0.4676767676767677,,,,,,,,,,,
8.082727272727274e-06,0.47171717171717176,,,,,,,,,,,
8.082727272727274e-06,0.4757575757575757,,,,,,,,,,,
8.082727272727274e-06,0.4797979797979798,,,,,,,,,,,
8.082727272727274e-06,0.48383838383838385,,,,,,,,,,,
8.082727272727274e-06,0.4878787878787879,,,,,,,,,,,
8.082727272727274e-06,0.491919191919192,,,,,,,,,,,
8.082727272727274e-06,0.49595959595959593,,,,,,,,,,,
8.082727272727274e-06,0.5,,,,,,,,,,,
8.183636363636365e-06,0.1,,,,,,,,,,,
8.183636363636365e-06,0.10404040404040404,,,,,,,,,,,
8.183636363636365e-06,0.10808080808080808,,,,,,,,,,,
8.183636363636365e-06,0.11212121212121212,,,,,,,,,,,
8.183636363636365e-06,0.11616161616161616,,,,,,,,,,,
8.183636363636365e-06,0.1202020202020202,,,,,,,,,,,
8.183636363636365e-06,0.12424242424242425,,,,,,,,,,,
8.183636363636365e-06,0.12828282828282828,,,,,,,,,,,
8.183636363636365e-06,0.13232323232323234,,,,,,,,,,,
8.183636363636365e-06,0.13636363636363635,,,,,,,,,,,
8.183636363636365e-06,0.14040404040404042,,,,,,,,,,,
8.183636363636365e-06,0.14444444444444446,,,,,,,,,,,
8.183636363636365e-06,0.1484848484848485,,,,,,,,,,,
8.183636363636365e-06,0.15252525252525254,,,,,,,,,,,
8.183636363636365e-06,0.15656565656565657,,,,,,,,,,,
8.183636363636365e-06,0.1606060606060606,,,,,,,,,,,
8.183636363636365e-06,0.16464646464646465,,,,,,,,,,,
8.183636363636365e-06,0.1686868686868687,,,,,,,,,,,
8.183636363636365e-06,0.17272727272727273,,,,,,,,,,,
8.183636363636365e-06,0.17676767676767677,,,,,,,,,,,
8.183636363636365e-06,0.1808080808080808,,,,,,,,,,,
8.183636363636365e-06,0.18484848484848487,,,,,,,,,,,
8.183636363636365e-06,0.18888888888888888,,,,,,,,,,,
8.183636363636365e-06,0.19292929292929295,,,,,,,,,,,
8.183636363636365e-06,0.19696969696969696,,,,,,,,,,,
8.183636363636365e-06,0.20101010101010103,,,,,,,,,,,
8.183636363636365e-06,0.20505050505050504,,,,,,,,,,,
8.183636363636365e-06,0.2090909090909091,,,,,,,,,,,
8.183636363636365e-06,0.21313131313131314,,,,,,,,,,,
8.183636363636365e-06,0.21717171717171718,,,,,,,,,,,
8.183636363636365e-06,0.22121212121212122,,,,,,,,,,,
8.183636363636365e-06,0.22525252525252526,,,,,,,,,,,
8.183636363636365e-06,0.2292929292929293,,,,,,,,,,,
8.183636363636365e-06,0.23333333333333334,,,,,,,,,,,
8.183636363636365e-06,0.23737373737373738,,,,,,,,,,,
8.183636363636365e-06,0.24141414141414141,,,,,,,,,,,
8.183636363636365e-06,0.24545454545454545,,,,,,,,,,,
8.183636363636365e-06,0.2494949494949495,,,,,,,,,,,
8.183636363636365e-06,0.2535353535353535,,,,,,,,,,,
8.183636363636365e-06,0.25757575757575757,,,,,,,,,,,
8.183636363636365e-06,0.26161616161616164,,,,,,,,,,,
8.183636363636365e-06,0.2656565656565657,,,,,,,,,,,
8.183636363636365e-06,0.2696969696969697,,,,,,,,,,,
8.183636363636365e-06,0.2737373737373737,,,,,,,,,,,
8.183636363636365e-06,0.2777777777777778,,,,,,,,,,,
8.183636363636365e-06,0.28181818181818186,,,,,,,,,,,
8.183636363636365e-06,0.28585858585858587,,,,,,,,,,,
8.183636363636365e-06,0.2898989898989899,,,,,,,,,,,
8.183636363636365e-06,0.29393939393939394,,,,,,,,,,,
8.183636363636365e-06,0.297979797979798,,,,,,,,,,,
8.183636363636365e-06,0.302020202020202,,,,,,,,,,,
8.183636363636365e-06,0.30606060606060603,,,,,,,,,,,
8.183636363636365e-06,0.3101010101010101,,,,,,,,,,,
8.183636363636365e-06,0.31414141414141417,,,,,,,,,,,
8.183636363636365e-06,0.3181818181818182,,,,,,,,,,,
8.183636363636365e-06,0.3222222222222222,,,,,,,,,,,
8.183636363636365e-06,0.32626262626262625,,,,,,,,,,,
8.183636363636365e-06,0.3303030303030303,,,,,,,,,,,
8.183636363636365e-06,0.3343434343434344,,,,,,,,,,,
8.183636363636365e-06,0.3383838383838384,,,,,,,,,,,
8.183636363636365e-06,0.3424242424242424,,,,,,,,,,,
8.183636363636365e-06,0.3464646464646465,,,,,,,,,,,
8.183636363636365e-06,0.35050505050505054,,,,,,,,,,,
8.183636363636365e-06,0.3545454545454545,,,,,,,,,,,
8.183636363636365e-06,0.35858585858585856,,,,,,,,,,,
8.183636363636365e-06,0.36262626262626263,,,,,,,,,,,
8.183636363636365e-06,0.3666666666666667,,,,,,,,,,,
8.183636363636365e-06,0.37070707070707076,,,,,,,,,,,
8.183636363636365e-06,0.3747474747474747,,,,,,,,,,,
8.183636363636365e-06,0.3787878787878788,,,,,,,,,,,
8.183636363636365e-06,0.38282828282828285,,,,,,,,,,,
8.183636363636365e-06,0.3868686868686869,,,,,,,,,,,
8.183636363636365e-06,0.3909090909090909,,,,,,,,,,,
8.183636363636365e-06,0.39494949494949494,,,,,,,,,,,
8.183636363636365e-06,0.398989898989899,,,,,,,,,,,
8.183636363636365e-06,0.40303030303030307,,,,,,,,,,,
8.183636363636365e-06,0.407070707070707,,,,,,,,,,,
8.183636363636365e-06,0.4111111111111111,,,,,,,,,,,
8.183636363636365e-06,0.41515151515151516,,,,,,,,,,,
8.183636363636365e-06,0.4191919191919192,,,,,,,,,,,
8.183636363636365e-06,0.4232323232323232,,,,,,,,,,,
8.183636363636365e-06,0.42727272727272725,,,,,,,,,,,
8.183636363636365e-06,0.4313131313131313,,,,,,,,,,,
8.183636363636365e-06,0.4353535353535354,,,,,,,,,,,
8.183636363636365e-06,0.43939393939393945,,,,,,,,,,,
8.183636363636365e-06,0.4434343434343434,,,,,,,,,,,
8.183636363636365e-06,0.44747474747474747,,,,,,,,,,,
8.183636363636365e-06,0.45151515151515154,,,,,,,,,,,
8.183636363636365e-06,0.4555555555555556,,,,,,,,,,,
8.183636363636365e-06,0.45959595959595956,,,,,,,,,,,
8.183636363636365e-06,0.4636363636363636,,,,,,,,,,,
8.183636363636365e-06,0.4676767676767677,,,,,,,,,,,
8.183636363636365e-06,0.47171717171717176,,,,,,,,,,,
8.183636363636365e-06,0.4757575757575757,,,,,,,,,,,
8.183636363636365e-06,0.4797979797979798,,,,,,,,,,,
8.183636363636365e-06,0.48383838383838385,,,,,,,,,,,
8.183636363636365e-06,0.4878787878787879,,,,,,,,,,,
8.183636363636365e-06,0.491919191919192,,,,,,,,,,,
8.183636363636365e-06,0.49595959595959593,,,,,,,,,,,
8.183636363636365e-06,0.5,,,,,,,,,,,
8.284545454545455e-06,0.1,,,,,,,,,,,
8.284545454545455e-06,0.10404040404040404,,,,,,,,,,,
8.284545454545455e-06,0.10808080808080808,,,,,,,,,,,
8.284545454545455e-06,0.11212121212121212,,,,,,,,,,,
8.284545454545455e-06,0.11616161616161616,,,,,,,,,,,
8.284545454545455e-06,0.1202020202020202,,,,,,,,,,,
8.284545454545455e-06,0.12424242424242425,,,,,,,,,,,
8.284545454545455e-06,0.12828282828282828,,,,,,,,,,,
8.284545454545455e-06,0.13232323232323234,,,,,,,,,,,
8.284545454545455e-06,0.13636363636363635,,,,,,,,,,,
8.284545454545455e-06,0.14040404040404042,,,,,,,,,,,
8.284545454545455e-06,0.14444444444444446,,,,,,,,,,,
8.284545454545455e-06,0.1484848484848485,,,,,,,,,,,
8.284545454545455e-06,0.15252525252525254,,,,,,,,,,,
8.284545454545455e-06,0.15656565656565657,,,,,,,,,,,
8.284545454545455e-06,0.1606060606060606,,,,,,,,,,,
8.284545454545455e-06,0.16464646464646465,,,,,,,,,,,
8.284545454545455e-06,0.1686868686868687,,,,,,,,,,,
8.284545454545455e-06,0.17272727272727273,,,,,,,,,,,
8.284545454545455e-06,0.17676767676767677,,,,,,,,,,,
8.284545454545455e-06,0.1808080808080808,,,,,,,,,,,
8.284545454545455e-06,0.18484848484848487,,,,,,,,,,,
8.284545454545455e-06,0.18888888888888888,,,,,,,,,,,
8.284545454545455e-06,0.19292929292929295,,,,,,,,,,,
8.284545454545455e-06,0.19696969696969696,,,,,,,,,,,
8.284545454545455e-06,0.20101010101010103,,,,,,,,,,,
8.284545454545455e-06,0.20505050505050504,,,,,,,,,,,
8.284545454545455e-06,0.2090909090909091,,,,,,,,,,,
8.284545454545455e-06,0.21313131313131314,,,,,,,,,,,
8.284545454545455e-06,0.21717171717171718,,,,,,,,,,,
8.284545454545455e-06,0.22121212121212122,,,,,,,,,,,
8.284545454545455e-06,0.22525252525252526,,,,,,,,,,,
8.284545454545455e-06,0.2292929292929293,,,,,,,,,,,
8.284545454545455e-06,0.23333333333333334,,,,,,,,,,,
8.284545454545455e-06,0.23737373737373738,,,,,,,,,,,
8.284545454545455e-06,0.24141414141414141,,,,,,,,,,,
8.284545454545455e-06,0.24545454545454545,,,,,,,,,,,
8.284545454545455e-06,0.2494949494949495,,,,,,,,,,,
8.284545454545455e-06,0.2535353535353535,,,,,,,,,,,
8.284545454545455e-06,0.25757575757575757,,,,,,,,,,,
8.284545454545455e-06,0.26161616161616164,,,,,,,,,,,
8.284545454545455e-06,0.2656565656565657,,,,,,,,,,,
8.284545454545455e-06,0.2696969696969697,,,,,,,,,,,
8.284545454545455e-06,0.2737373737373737,,,,,,,,,,,
8.284545454545455e-06,0.2777777777777778,,,,,,,,,,,
8.284545454545455e-06,0.28181818181818186,,,,,,,,,,,
8.284545454545455e-06,0.28585858585858587,,,,,,,,,,,
8.284545454545455e-06,0.2898989898989899,,,,,,,,,,,
8.284545454545455e-06,0.29393939393939394,,,,,,,,,,,
8.284545454545455e-06,0.297979797979798,,,,,,,,,,,
8.284545454545455e-06,0.302020202020202,,,,,,,,,,,
8.284545454545455e-06,0.30606060606060603,,,,,,,,,,,
8.284545454545455e-06,0.3101010101010101,,,,,,,,,,,
8.284545454545455e-06,0.31414141414141417,,,,,,,,,,,
8.284545454545455e-06,0.3181818181818182,,,,,,,,,,,
8.284545454545455e-06,0.3222222222222222,,,,,,,,,,,
8.284545454545455e-06,0.32626262626262625,,,,,,,,,,,
8.284545454545455e-06,0.3303030303030303,,,,,,,,,,,
8.284545454545455e-06,0.3343434343434344,,,,,,,,,,,
8.284545454545455e-06,0.3383838383838384,,,,,,,,,,,
8.284545454545455e-06,0.3424242424242424,,,,,,,,,,,
8.284545454545455e-06,0.3464646464646465,,,,,,,,,,,
8.284545454545455e-06,0.35050505050505054,,,,,,,,,,,
8.284545454545455e-06,0.3545454545454545,,,,,,,,,,,
8.284545454545455e-06,0.35858585858585856,,,,,,,,,,,
8.284545454545455e-06,0.36262626262626263,,,,,,,,,,,
8.284545454545455e-06,0.3666666666666667,,,,,,,,,,,
8.284545454545455e-06,0.37070707070707076,,,,,,,,,,,
8.284545454545455e-06,0.3747474747474747,,,,,,,,,,,
8.284545454545455e-06,0.3787878787878788,,,,,,,,,,,
8.284545454545455e-06,0.38282828282828285,,,,,,,,,,,
8.284545454545455e-06,0.3868686868686869,,,,,,,,,,,
8.284545454545455e-06,0.3909090909090909,,,,,,,,,,,
8.284545454545455e-06,0.39494949494949494,,,,,,,,,,,
8.284545454545455e-06,0.398989898989899,,,,,,,,,,,
8.284545454545455e-06,0.40303030303030307,,,,,,,,,,,
8.284545454545455e-06,0.407070707070707,,,,,,,,,,,
8.284545454545455e-06,0.4111111111111111,,,,,,,,,,,
8.284545454545455e-06,0.41515151515151516,,,,,,,,,,,
8.284545454545455e-06,0.4191919191919192,,,,,,,,,,,
8.284545454545455e-06,0.4232323232323232,,,,,,,,,,,
8.284545454545455e-06,0.42727272727272725,,,,,,,,,,,
8.284545454545455e-06,0.4313131313131313,,,,,,,,,,,
8.284545454545455e-06,0.4353535353535354,,,,,,,,,,,
8.284545454545455e-06,0.43939393939393945,,,,,,,,,,,
8.284545454545455e-06,0.4434343434343434,,,,,,,,,,,
8.284545454545455e-06,0.44747474747474747,,,,,,,,,,,
8.284545454545455e-06,0.45151515151515154,,,,,,,,,,,
8.284545454545455e-06,0.4555555555555556,,,,,,,,,,,
8.284545454545455e-06,0.45959595959595956,,,,,,,,,,,
8.284545454545455e-06,0.4636363636363636,,,,,,,,,,,
8.284545454545455e-06,0.4676767676767677,,,,,,,,,,,
8.284545454545455e-06,0.47171717171717176,,,,,,,,,,,
8.284545454545455e-06,0.4757575757575757,,,,,,,,,,,
8.284545454545455e-06,0.4797979797979798,,,,,,,,,,,
8.284545454545455e-06,0.48383838383838385,,,,,,,,,,,
8.284545454545455e-06,0.4878787878787879,,,,,,,,,,,
8.284545454545455e-06,0.491919191919192,,,,,,,,,,,
8.284545454545455e-06,0.49595959595959593,,,,,,,,,,,
8.284545454545455e-06,0.5,,,,,,,,,,,
8.385454545454546e-06,0.1,,,,,,,,,,,
8.385454545454546e-06,0.10404040404040404,,,,,,,,,,,
8.385454545454546e-06,0.10808080808080808,,,,,,,,,,,
8.385454545454546e-06,0.11212121212121212,,,,,,,,,,,
8.385454545454546e-06,0.11616161616161616,,,,,,,,,,,
8.385454545454546e-06,0.1202020202020202,,,,,,,,,,,
8.385454545454546e-06,0.12424242424242425,,,,,,,,,,,
8.385454545454546e-06,0.12828282828282828,,,,,,,,,,,
8.385454545454546e-06,0.13232323232323234,,,,,,,,,,,
8.385454545454546e-06,0.13636363636363635,,,,,,,,,,,
8.385454545454546e-06,0.14040404040404042,,,,,,,,,,,
8.385454545454546e-06,0.14444444444444446,,,,,,,,,,,
8.385454545454546e-06,0.1484848484848485,,,,,,,,,,,
8.385454545454546e-06,0.15252525252525254,,,,,,,,,,,
8.385454545454546e-06,0.15656565656565657,,,,,,,,,,,
8.385454545454546e-06,0.1606060606060606,,,,,,,,,,,
8.385454545454546e-06,0.16464646464646465,,,,,,,,,,,
8.385454545454546e-06,0.1686868686868687,,,,,,,,,,,
8.385454545454546e-06,0.17272727272727273,,,,,,,,,,,
8.385454545454546e-06,0.17676767676767677,,,,,,,,,,,
8.385454545454546e-06,0.1808080808080808,,,,,,,,,,,
8.385454545454546e-06,0.18484848484848487,,,,,,,,,,,
8.385454545454546e-06,0.18888888888888888,,,,,,,,,,,
8.385454545454546e-06,0.19292929292929295,,,,,,,,,,,
8.385454545454546e-06,0.19696969696969696,,,,,,,,,,,
8.385454545454546e-06,0.20101010101010103,,,,,,,,,,,
8.385454545454546e-06,0.20505050505050504,,,,,,,,,,,
8.385454545454546e-06,0.2090909090909091,,,,,,,,,,,
8.385454545454546e-06,0.21313131313131314,,,,,,,,,,,
8.385454545454546e-06,0.21717171717171718,,,,,,,,,,,
8.385454545454546e-06,0.22121212121212122,,,,,,,,,,,
8.385454545454546e-06,0.22525252525252526,,,,,,,,,,,
8.385454545454546e-06,0.2292929292929293,,,,,,,,,,,
8.385454545454546e-06,0.23333333333333334,,,,,,,,,,,
8.385454545454546e-06,0.23737373737373738,,,,,,,,,,,
8.385454545454546e-06,0.24141414141414141,,,,,,,,,,,
8.385454545454546e-06,0.24545454545454545,,,,,,,,,,,
8.385454545454546e-06,0.2494949494949495,,,,,,,,,,,
8.385454545454546e-06,0.2535353535353535,,,,,,,,,,,
8.385454545454546e-06,0.25757575757575757,,,,,,,,,,,
8.385454545454546e-06,0.26161616161616164,,,,,,,,,,,
8.385454545454546e-06,0.2656565656565657,,,,,,,,,,,
8.385454545454546e-06,0.2696969696969697,,,,,,,,,,,
8.385454545454546e-06,0.2737373737373737,,,,,,,,,,,
8.385454545454546e-06,0.2777777777777778,,,,,,,,,,,
8.385454545454546e-06,0.28181818181818186,,,,,,,,,,,
8.385454545454546e-06,0.28585858585858587,,,,,,,,,,,
8.385454545454546e-06,0.2898989898989899,,,,,,,,,,,
8.385454545454546e-06,0.29393939393939394,,,,,,,,,,,
8.385454545454546e-06,0.297979797979798,,,,,,,,,,,
8.385454545454546e-06,0.302020202020202,,,,,,,,,,,
8.385454545454546e-06,0.30606060606060603,,,,,,,,,,,
8.385454545454546e-06,0.3101010101010101,,,,,,,,,,,
8.385454545454546e-06,0.31414141414141417,,,,,,,,,,,
8.385454545454546e-06,0.3181818181818182,,,,,,,,,,,
8.385454545454546e-06,0.3222222222222222,,,,,,,,,,,
8.385454545454546e-06,0.32626262626262625,,,,,,,,,,,
8.385454545454546e-06,0.3303030303030303,,,,,,,,,,,
8.385454545454546e-06,0.3343434343434344,,,,,,,,,,,
8.385454545454546e-06,0.3383838383838384,,,,,,,,,,,
8.385454545454546e-06,0.3424242424242424,,,,,,,,,,,
8.385454545454546e-06,0.3464646464646465,,,,,,,,,,,
8.385454545454546e-06,0.35050505050505054,,,,,,,,,,,
8.385454545454546e-06,0.3545454545454545,,,,,,,,,,,
8.385454545454546e-06,0.35858585858585856,,,,,,,,,,,
8.385454545454546e-06,0.36262626262626263,,,,,,,,,,,
8.385454545454546e-06,0.3666666666666667,,,,,,,,,,,
8.385454545454546e-06,0.37070707070707076,,,,,,,,,,,
8.385454545454546e-06,0.3747474747474747,,,,,,,,,,,
8.385454545454546e-06,0.3787878787878788,,,,,,,,,,,
8.385454545454546e-06,0.38282828282828285,,,,,,,,,,,
8.385454545454546e-06,0.3868686868686869,,,,,,,,,,,
8.385454545454546e-06,0.3909090909090909,,,,,,,,,,,
8.385454545454546e-06,0.39494949494949494,,,,,,,,,,,
8.385454545454546e-06,0.398989898989899,,,,,,,,,,,
8.385454545454546e-06,0.40303030303030307,,,,,,,,,,,
8.385454545454546e-06,0.407070707070707,,,,,,,,,,,
8.385454545454546e-06,0.4111111111111111,,,,,,,,,,,
8.385454545454546e-06,0.41515151515151516,,,,,,,,,,,
8.385454545454546e-06,0.4191919191919192,,,,,,,,,,,
8.385454545454546e-06,0.4232323232323232,,,,,,,,,,,
8.385454545454546e-06,0.42727272727272725,,,,,,,,,,,
8.385454545454546e-06,0.4313131313131313,,,,,,,,,,,
8.385454545454546e-06,0.4353535353535354,,,,,,,,,,,
8.385454545454546e-06,0.43939393939393945,,,,,,,,,,,
8.385454545454546e-06,0.4434343434343434,,,,,,,,,,,
8.385454545454546e-06,0.44747474747474747,,,,,,,,,,,
8.385454545454546e-06,0.45151515151515154,,,,,,,,,,,
8.385454545454546e-06,0.4555555555555556,,,,,,,,,,,
8.385454545454546e-06,0.45959595959595956,,,,,,,,,,,
8.385454545454546e-06,0.4636363636363636,,,,,,,,,,,
8.385454545454546e-06,0.4676767676767677,,,,,,,,,,,
8.385454545454546e-06,0.47171717171717176,,,,,,,,,,,
8.385454545454546e-06,0.4757575757575757,,,,,,,,,,,
8.385454545454546e-06,0.4797979797979798,,,,,,,,,,,
8.385454545454546e-06,0.48383838383838385,,,,,,,,,,,
8.385454545454546e-06,0.4878787878787879,,,,,,,,,,,
8.385454545454546e-06,0.491919191919192,,,,,,,,,,,
8.385454545454546e-06,0.49595959595959593,,,,,,,,,,,
8.385454545454546e-06,0.5,,,,,,,,,,,
8.486363636363637e-06,0.1,,,,,,,,,,,
8.486363636363637e-06,0.10404040404040404,,,,,,,,,,,
8.486363636363637e-06,0.10808080808080808,,,,,,,,,,,
8.486363636363637e-06,0.11212121212121212,,,,,,,,,,,
8.486363636363637e-06,0.11616161616161616,,,,,,,,,,,
8.486363636363637e-06,0.1202020202020202,,,,,,,,,,,
8.486363636363637e-06,0.12424242424242425,,,,,,,,,,,
8.486363636363637e-06,0.12828282828282828,,,,,,,,,,,
8.486363636363637e-06,0.13232323232323234,,,,,,,,,,,
8.486363636363637e-06,0.13636363636363635,,,,,,,,,,,
8.486363636363637e-06,0.14040404040404042,,,,,,,,,,,
8.486363636363637e-06,0.14444444444444446,,,,,,,,,,,
8.486363636363637e-06,0.1484848484848485,,,,,,,,,,,
8.486363636363637e-06,0.15252525252525254,,,,,,,,,,,
8.486363636363637e-06,0.15656565656565657,,,,,,,,,,,
8.486363636363637e-06,0.1606060606060606,,,,,,,,,,,
8.486363636363637e-06,0.16464646464646465,,,,,,,,,,,
8.486363636363637e-06,0.1686868686868687,,,,,,,,,,,
8.486363636363637e-06,0.17272727272727273,,,,,,,,,,,
8.486363636363637e-06,0.17676767676767677,,,,,,,,,,,
8.486363636363637e-06,0.1808080808080808,,,,,,,,,,,
8.486363636363637e-06,0.18484848484848487,,,,,,,,,,,
8.486363636363637e-06,0.18888888888888888,,,,,,,,,,,
8.486363636363637e-06,0.19292929292929295,,,,,,,,,,,
8.486363636363637e-06,0.19696969696969696,,,,,,,,,,,
8.486363636363637e-06,0.20101010101010103,,,,,,,,,,,
8.486363636363637e-06,0.20505050505050504,,,,,,,,,,,
8.486363636363637e-06,0.2090909090909091,,,,,,,,,,,
8.486363636363637e-06,0.21313131313131314,,,,,,,,,,,
8.486363636363637e-06,0.21717171717171718,,,,,,,,,,,
8.486363636363637e-06,0.22121212121212122,,,,,,,,,,,
8.486363636363637e-06,0.22525252525252526,,,,,,,,,,,
8.486363636363637e-06,0.2292929292929293,,,,,,,,,,,
8.486363636363637e-06,0.23333333333333334,,,,,,,,,,,
8.486363636363637e-06,0.23737373737373738,,,,,,,,,,,
8.486363636363637e-06,0.24141414141414141,,,,,,,,,,,
8.486363636363637e-06,0.24545454545454545,,,,,,,,,,,
8.486363636363637e-06,0.2494949494949495,,,,,,,,,,,
8.486363636363637e-06,0.2535353535353535,,,,,,,,,,,
8.486363636363637e-06,0.25757575757575757,,,,,,,,,,,
8.486363636363637e-06,0.26161616161616164,,,,,,,,,,,
8.486363636363637e-06,0.2656565656565657,,,,,,,,,,,
8.486363636363637e-06,0.2696969696969697,,,,,,,,,,,
8.486363636363637e-06,0.2737373737373737,,,,,,,,,,,
8.486363636363637e-06,0.2777777777777778,,,,,,,,,,,
8.486363636363637e-06,0.28181818181818186,,,,,,,,,,,
8.486363636363637e-06,0.28585858585858587,,,,,,,,,,,
8.486363636363637e-06,0.2898989898989899,,,,,,,,,,,
8.486363636363637e-06,0.29393939393939394,,,,,,,,,,,
8.486363636363637e-06,0.297979797979798,,,,,,,,,,,
8.486363636363637e-06,0.302020202020202,,,,,,,,,,,
8.486363636363637e-06,0.30606060606060603,,,,,,,,,,,
8.486363636363637e-06,0.3101010101010101,,,,,,,,,,,
8.486363636363637e-06,0.31414141414141417,,,,,,,,,,,
8.486363636363637e-06,0.3181818181818182,,,,,,,,,,,
8.486363636363637e-06,0.3222222222222222,,,,,,,,,,,
8.486363636363637e-06,0.32626262626262625,,,,,,,,,,,
8.486363636363637e-06,0.3303030303030303,,,,,,,,,,,
8.486363636363637e-06,0.3343434343434344,,,,,,,,,,,
8.486363636363637e-06,0.3383838383838384,,,,,,,,,,,
8.486363636363637e-06,0.3424242424242424,,,,,,,,,,,
8.486363636363637e-06,0.3464646464646465,,,,,,,,,,,
8.486363636363637e-06,0.35050505050505054,,,,,,,,,,,
8.486363636363637e-06,0.3545454545454545,,,,,,,,,,,
8.486363636363637e-06,0.35858585858585856,,,,,,,,,,,
8.486363636363637e-06,0.36262626262626263,,,,,,,,,,,
8.486363636363637e-06,0.3666666666666667,,,,,,,,,,,
8.486363636363637e-06,0.37070707070707076,,,,,,,,,,,
8.486363636363637e-06,0.3747474747474747,,,,,,,,,,,
8.486363636363637e-06,0.3787878787878788,,,,,,,,,,,
8.486363636363637e-06,0.38282828282828285,,,,,,,,,,,
8.486363636363637e-06,0.3868686868686869,,,,,,,,,,,
8.486363636363637e-06,0.3909090909090909,,,,,,,,,,,
8.486363636363637e-06,0.39494949494949494,,,,,,,,,,,
8.486363636363637e-06,0.398989898989899,,,,,,,,,,,
8.486363636363637e-06,0.40303030303030307,,,,,,,,,,,
8.486363636363637e-06,0.407070707070707,,,,,,,,,,,
8.486363636363637e-06,0.4111111111111111,,,,,,,,,,,
8.486363636363637e-06,0.41515151515151516,,,,,,,,,,,
8.486363636363637e-06,0.4191919191919192,,,,,,,,,,,
8.486363636363637e-06,0.4232323232323232,,,,,,,,,,,
8.486363636363637e-06,0.42727272727272725,,,,,,,,,,,
8.486363636363637e-06,0.4313131313131313,,,,,,,,,,,
8.486363636363637e-06,0.4353535353535354,,,,,,,,,,,
8.486363636363637e-06,0.43939393939393945,,,,,,,,,,,
8.486363636363637e-06,0.4434343434343434,,,,,,,,,,,
8.486363636363637e-06,0.44747474747474747,,,,,,,,,,,
8.486363636363637e-06,0.45151515151515154,,,,,,,,,,,
8.486363636363637e-06,0.4555555555555556,,,,,,,,,,,
8.486363636363637e-06,0.45959595959595956,,,,,,,,,,,
8.486363636363637e-06,0.4636363636363636,,,,,,,,,,,
8.486363636363637e-06,0.4676767676767677,,,,,,,,,,,
8.486363636363637e-06,0.47171717171717176,,,,,,,,,,,
8.486363636363637e-06,0.4757575757575757,,,,,,,,,,,
8.486363636363637e-06,0.4797979797979798,,,,,,,,,,,
8.486363636363637e-06,0.48383838383838385,,,,,,,,,,,
8.486363636363637e-06,0.4878787878787879,,,,,,,,,,,
8.486363636363637e-06,0.491919191919192,,,,,,,,,,,
8.486363636363637e-06,0.49595959595959593,,,,,,,,,,,
8.486363636363637e-06,0.5,,,,,,,,,,,
8.587272727272729e-06,0.1,,,,,,,,,,,
8.587272727272729e-06,0.10404040404040404,,,,,,,,,,,
8.587272727272729e-06,0.10808080808080808,,,,,,,,,,,
8.587272727272729e-06,0.11212121212121212,,,,,,,,,,,
8.587272727272729e-06,0.11616161616161616,,,,,,,,,,,
8.587272727272729e-06,0.1202020202020202,,,,,,,,,,,
8.587272727272729e-06,0.12424242424242425,,,,,,,,,,,
8.587272727272729e-06,0.12828282828282828,,,,,,,,,,,
8.587272727272729e-06,0.13232323232323234,,,,,,,,,,,
8.587272727272729e-06,0.13636363636363635,,,,,,,,,,,
8.587272727272729e-06,0.14040404040404042,,,,,,,,,,,
8.587272727272729e-06,0.14444444444444446,,,,,,,,,,,
8.587272727272729e-06,0.1484848484848485,,,,,,,,,,,
8.587272727272729e-06,0.15252525252525254,,,,,,,,,,,
8.587272727272729e-06,0.15656565656565657,,,,,,,,,,,
8.587272727272729e-06,0.1606060606060606,,,,,,,,,,,
8.587272727272729e-06,0.16464646464646465,,,,,,,,,,,
8.587272727272729e-06,0.1686868686868687,,,,,,,,,,,
8.587272727272729e-06,0.17272727272727273,,,,,,,,,,,
8.587272727272729e-06,0.17676767676767677,,,,,,,,,,,
8.587272727272729e-06,0.1808080808080808,,,,,,,,,,,
8.587272727272729e-06,0.18484848484848487,,,,,,,,,,,
8.587272727272729e-06,0.18888888888888888,,,,,,,,,,,
8.587272727272729e-06,0.19292929292929295,,,,,,,,,,,
8.587272727272729e-06,0.19696969696969696,,,,,,,,,,,
8.587272727272729e-06,0.20101010101010103,,,,,,,,,,,
8.587272727272729e-06,0.20505050505050504,,,,,,,,,,,
8.587272727272729e-06,0.2090909090909091,,,,,,,,,,,
8.587272727272729e-06,0.21313131313131314,,,,,,,,,,,
8.587272727272729e-06,0.21717171717171718,,,,,,,,,,,
8.587272727272729e-06,0.22121212121212122,,,,,,,,,,,
8.587272727272729e-06,0.22525252525252526,,,,,,,,,,,
8.587272727272729e-06,0.2292929292929293,,,,,,,,,,,
8.587272727272729e-06,0.23333333333333334,,,,,,,,,,,
8.587272727272729e-06,0.23737373737373738,,,,,,,,,,,
8.587272727272729e-06,0.24141414141414141,,,,,,,,,,,
8.587272727272729e-06,0.24545454545454545,,,,,,,,,,,
8.587272727272729e-06,0.2494949494949495,,,,,,,,,,,
8.587272727272729e-06,0.2535353535353535,,,,,,,,,,,
8.587272727272729e-06,0.25757575757575757,,,,,,,,,,,
8.587272727272729e-06,0.26161616161616164,,,,,,,,,,,
8.587272727272729e-06,0.2656565656565657,,,,,,,,,,,
8.587272727272729e-06,0.2696969696969697,,,,,,,,,,,
8.587272727272729e-06,0.2737373737373737,,,,,,,,,,,
8.587272727272729e-06,0.2777777777777778,,,,,,,,,,,
8.587272727272729e-06,0.28181818181818186,,,,,,,,,,,
8.587272727272729e-06,0.28585858585858587,,,,,,,,,,,
8.587272727272729e-06,0.2898989898989899,,,,,,,,,,,
8.587272727272729e-06,0.29393939393939394,,,,,,,,,,,
8.587272727272729e-06,0.297979797979798,,,,,,,,,,,
8.587272727272729e-06,0.302020202020202,,,,,,,,,,,
8.587272727272729e-06,0.30606060606060603,,,,,,,,,,,
8.587272727272729e-06,0.3101010101010101,,,,,,,,,,,
8.587272727272729e-06,0.31414141414141417,,,,,,,,,,,
8.587272727272729e-06,0.3181818181818182,,,,,,,,,,,
8.587272727272729e-06,0.3222222222222222,,,,,,,,,,,
8.587272727272729e-06,0.32626262626262625,,,,,,,,,,,
8.587272727272729e-06,0.3303030303030303,,,,,,,,,,,
8.587272727272729e-06,0.3343434343434344,,,,,,,,,,,
8.587272727272729e-06,0.3383838383838384,,,,,,,,,,,
8.587272727272729e-06,0.3424242424242424,,,,,,,,,,,
8.587272727272729e-06,0.3464646464646465,,,,,,,,,,,
8.587272727272729e-06,0.35050505050505054,,,,,,,,,,,
8.587272727272729e-06,0.3545454545454545,,,,,,,,,,,
8.587272727272729e-06,0.35858585858585856,,,,,,,,,,,
8.587272727272729e-06,0.36262626262626263,,,,,,,,,,,
8.587272727272729e-06,0.3666666666666667,,,,,,,,,,,
8.587272727272729e-06,0.37070707070707076,,,,,,,,,,,
8.587272727272729e-06,0.3747474747474747,,,,,,,,,,,
8.587272727272729e-06,0.3787878787878788,,,,,,,,,,,
8.587272727272729e-06,0.38282828282828285,,,,,,,,,,,
8.587272727272729e-06,0.3868686868686869,,,,,,,,,,,
8.587272727272729e-06,0.3909090909090909,,,,,,,,,,,
8.587272727272729e-06,0.39494949494949494,,,,,,,,,,,
8.587272727272729e-06,0.398989898989899,,,,,,,,,,,
8.587272727272729e-06,0.40303030303030307,,,,,,,,,,,
8.587272727272729e-06,0.407070707070707,,,,,,,,,,,
8.587272727272729e-06,0.4111111111111111,,,,,,,,,,,
8.587272727272729e-06,0.41515151515151516,,,,,,,,,,,
8.587272727272729e-06,0.4191919191919192,,,,,,,,,,,
8.587272727272729e-06,0.4232323232323232,,,,,,,,,,,
8.587272727272729e-06,0.42727272727272725,,,,,,,,,,,
8.587272727272729e-06,0.4313131313131313,,,,,,,,,,,
8.587272727272729e-06,0.4353535353535354,,,,,,,,,,,
8.587272727272729e-06,0.43939393939393945,,,,,,,,,,,
8.587272727272729e-06,0.4434343434343434,,,,,,,,,,,
8.587272727272729e-06,0.44747474747474747,,,,,,,,,,,
8.587272727272729e-06,0.45151515151515154,,,,,,,,,,,
8.587272727272729e-06,0.4555555555555556,,,,,,,,,,,
8.587272727272729e-06,0.45959595959595956,,,,,,,,,,,
8.587272727272729e-06,0.4636363636363636,,,,,,,,,,,
8.587272727272729e-06,0.4676767676767677,,,,,,,,,,,
8.587272727272729e-06,0.47171717171717176,,,,,,,,,,,
8.587272727272729e-06,0.4757575757575757,,,,,,,,,,,
8.587272727272729e-06,0.4797979797979798,,,,,,,,,,,
8.587272727272729e-06,0.48383838383838385,,,,,,,,,,,
8.587272727272729e-06,0.4878787878787879,,,,,,,,,,,
8.587272727272729e-06,0.491919191919192,,,,,,,,,,,
8.587272727272729e-06,0.49595959595959593,,,,,,,,,,,
8.587272727272729e-06,0.5,,,,,,,,,,,
8.68818181818182e-06,0.1,,,,,,,,,,,
8.68818181818182e-06,0.10404040404040404,,,,,,,,,,,
8.68818181818182e-06,0.10808080808080808,,,,,,,,,,,
8.68818181818182e-06,0.11212121212121212,,,,,,,,,,,
8.68818181818182e-06,0.11616161616161616,,,,,,,,,,,
8.68818181818182e-06,0.1202020202020202,,,,,,,,,,,
8.68818181818182e-06,0.12424242424242425,,,,,,,,,,,
8.68818181818182e-06,0.12828282828282828,,,,,,,,,,,
8.68818181818182e-06,0.13232323232323234,,,,,,,,,,,
8.68818181818182e-06,0.13636363636363635,,,,,,,,,,,
8.68818181818182e-06,0.14040404040404042,,,,,,,,,,,
8.68818181818182e-06,0.14444444444444446,,,,,,,,,,,
8.68818181818182e-06,0.1484848484848485,,,,,,,,,,,
8.68818181818182e-06,0.15252525252525254,,,,,,,,,,,
8.68818181818182e-06,0.15656565656565657,,,,,,,,,,,
8.68818181818182e-06,0.1606060606060606,,,,,,,,,,,
8.68818181818182e-06,0.16464646464646465,,,,,,,,,,,
8.68818181818182e-06,0.1686868686868687,,,,,,,,,,,
8.68818181818182e-06,0.17272727272727273,,,,,,,,,,,
8.68818181818182e-06,0.17676767676767677,,,,,,,,,,,
8.68818181818182e-06,0.1808080808080808,,,,,,,,,,,
8.68818181818182e-06,0.18484848484848487,,,,,,,,,,,
8.68818181818182e-06,0.18888888888888888,,,,,,,,,,,
8.68818181818182e-06,0.19292929292929295,,,,,,,,,,,
8.68818181818182e-06,0.19696969696969696,,,,,,,,,,,
8.68818181818182e-06,0.20101010101010103,,,,,,,,,,,
8.68818181818182e-06,0.20505050505050504,,,,,,,,,,,
8.68818181818182e-06,0.2090909090909091,,,,,,,,,,,
8.68818181818182e-06,0.21313131313131314,,,,,,,,,,,
8.68818181818182e-06,0.21717171717171718,,,,,,,,,,,
8.68818181818182e-06,0.22121212121212122,,,,,,,,,,,
8.68818181818182e-06,0.22525252525252526,,,,,,,,,,,
8.68818181818182e-06,0.2292929292929293,,,,,,,,,,,
8.68818181818182e-06,0.23333333333333334,,,,,,,,,,,
8.68818181818182e-06,0.23737373737373738,,,,,,,,,,,
8.68818181818182e-06,0.24141414141414141,,,,,,,,,,,
8.68818181818182e-06,0.24545454545454545,,,,,,,,,,,
8.68818181818182e-06,0.2494949494949495,,,,,,,,,,,
8.68818181818182e-06,0.2535353535353535,,,,,,,,,,,
8.68818181818182e-06,0.25757575757575757,,,,,,,,,,,
8.68818181818182e-06,0.26161616161616164,,,,,,,,,,,
8.68818181818182e-06,0.2656565656565657,,,,,,,,,,,
8.68818181818182e-06,0.2696969696969697,,,,,,,,,,,
8.68818181818182e-06,0.2737373737373737,,,,,,,,,,,
8.68818181818182e-06,0.2777777777777778,,,,,,,,,,,
8.68818181818182e-06,0.28181818181818186,,,,,,,,,,,
8.68818181818182e-06,0.28585858585858587,,,,,,,,,,,
8.68818181818182e-06,0.2898989898989899,,,,,,,,,,,
8.68818181818182e-06,0.29393939393939394,,,,,,,,,,,
8.68818181818182e-06,0.297979797979798,,,,,,,,,,,
8.68818181818182e-06,0.302020202020202,,,,,,,,,,,
8.68818181818182e-06,0.30606060606060603,,,,,,,,,,,
8.68818181818182e-06,0.3101010101010101,,,,,,,,,,,
8.68818181818182e-06,0.31414141414141417,,,,,,,,,,,
8.68818181818182e-06,0.3181818181818182,,,,,,,,,,,
8.68818181818182e-06,0.3222222222222222,,,,,,,,,,,
8.68818181818182e-06,0.32626262626262625,,,,,,,,,,,
8.68818181818182e-06,0.3303030303030303,,,,,,,,,,,
8.68818181818182e-06,0.3343434343434344,,,,,,,,,,,
8.68818181818182e-06,0.3383838383838384,,,,,,,,,,,
8.68818181818182e-06,0.3424242424242424,,,,,,,,,,,
8.68818181818182e-06,0.3464646464646465,,,,,,,,,,,
8.68818181818182e-06,0.35050505050505054,,,,,,,,,,,
8.68818181818182e-06,0.3545454545454545,,,,,,,,,,,
8.68818181818182e-06,0.35858585858585856,,,,,,,,,,,
8.68818181818182e-06,0.36262626262626263,,,,,,,,,,,
8.68818181818182e-06,0.3666666666666667,,,,,,,,,,,
8.68818181818182e-06,0.37070707070707076,,,,,,,,,,,
8.68818181818182e-06,0.3747474747474747,,,,,,,,,,,
8.68818181818182e-06,0.3787878787878788,,,,,,,,,,,
8.68818181818182e-06,0.38282828282828285,,,,,,,,,,,
8.68818181818182e-06,0.3868686868686869,,,,,,,,,,,
8.68818181818182e-06,0.3909090909090909,,,,,,,,,,,
8.68818181818182e-06,0.39494949494949494,,,,,,,,,,,
8.68818181818182e-06,0.398989898989899,,,,,,,,,,,
8.68818181818182e-06,0.40303030303030307,,,,,,,,,,,
8.68818181818182e-06,0.407070707070707,,,,,,,,,,,
8.68818181818182e-06,0.4111111111111111,,,,,,,,,,,
8.68818181818182e-06,0.41515151515151516,,,,,,,,,,,
8.68818181818182e-06,0.4191919191919192,,,,,,,,,,,
8.68818181818182e-06,0.4232323232323232,,,,,,,,,,,
8.68818181818182e-06,0.42727272727272725,,,,,,,,,,,
8.68818181818182e-06,0.4313131313131313,,,,,,,,,,,
8.68818181818182e-06,0.4353535353535354,,,,,,,,,,,
8.68818181818182e-06,0.43939393939393945,,,,,,,,,,,
8.68818181818182e-06,0.4434343434343434,,,,,,,,,,,
8.68818181818182e-06,0.44747474747474747,,,,,,,,,,,
8.68818181818182e-06,0.45151515151515154,,,,,,,,,,,
8.68818181818182e-06,0.4555555555555556,,,,,,,,,,,
8.68818181818182e-06,0.45959595959595956,,,,,,,,,,,
8.68818181818182e-06,0.4636363636363636,,,,,,,,,,,
8.68818181818182e-06,0.4676767676767677,,,,,,,,,,,
8.68818181818182e-06,0.47171717171717176,,,,,,,,,,,
8.68818181818182e-06,0.4757575757575757,,,,,,,,,,,
8.68818181818182e-06,0.4797979797979798,,,,,,,,,,,
8.68818181818182e-06,0.48383838383838385,,,,,,,,,,,
8.68818181818182e-06,0.4878787878787879,,,,,,,,,,,
8.68818181818182e-06,0.491919191919192,,,,,,,,,,,
8.68818181818182e-06,0.49595959595959593,,,,,,,,,,,
8.68818181818182e-06,0.5,,,,,,,,,,,
8.78909090909091e-06,0.1,,,,,,,,,,,
8.78909090909091e-06,0.10404040404040404,,,,,,,,,,,
8.78909090909091e-06,0.10808080808080808,,,,,,,,,,,
8.78909090909091e-06,0.11212121212121212,,,,,,,,,,,
8.78909090909091e-06,0.11616161616161616,,,,,,,,,,,
8.78909090909091e-06,0.1202020202020202,,,,,,,,,,,
8.78909090909091e-06,0.12424242424242425,,,,,,,,,,,
8.78909090909091e-06,0.12828282828282828,,,,,,,,,,,
8.78909090909091e-06,0.13232323232323234,,,,,,,,,,,
8.78909090909091e-06,0.13636363636363635,,,,,,,,,,,
8.78909090909091e-06,0.14040404040404042,,,,,,,,,,,
8.78909090909091e-06,0.14444444444444446,,,,,,,,,,,
8.78909090909091e-06,0.1484848484848485,,,,,,,,,,,
8.78909090909091e-06,0.15252525252525254,,,,,,,,,,,
8.78909090909091e-06,0.15656565656565657,,,,,,,,,,,
8.78909090909091e-06,0.1606060606060606,,,,,,,,,,,
8.78909090909091e-06,0.16464646464646465,,,,,,,,,,,
8.78909090909091e-06,0.1686868686868687,,,,,,,,,,,
8.78909090909091e-06,0.17272727272727273,,,,,,,,,,,
8.78909090909091e-06,0.17676767676767677,,,,,,,,,,,
8.78909090909091e-06,0.1808080808080808,,,,,,,,,,,
8.78909090909091e-06,0.18484848484848487,,,,,,,,,,,
8.78909090909091e-06,0.18888888888888888,,,,,,,,,,,
8.78909090909091e-06,0.19292929292929295,,,,,,,,,,,
8.78909090909091e-06,0.19696969696969696,,,,,,,,,,,
8.78909090909091e-06,0.20101010101010103,,,,,,,,,,,
8.78909090909091e-06,0.20505050505050504,,,,,,,,,,,
8.78909090909091e-06,0.2090909090909091,,,,,,,,,,,
8.78909090909091e-06,0.21313131313131314,,,,,,,,,,,
8.78909090909091e-06,0.21717171717171718,,,,,,,,,,,
8.78909090909091e-06,0.22121212121212122,,,,,,,,,,,
8.78909090909091e-06,0.22525252525252526,,,,,,,,,,,
8.78909090909091e-06,0.2292929292929293,,,,,,,,,,,
8.78909090909091e-06,0.23333333333333334,,,,,,,,,,,
8.78909090909091e-06,0.23737373737373738,,,,,,,,,,,
8.78909090909091e-06,0.24141414141414141,,,,,,,,,,,
8.78909090909091e-06,0.24545454545454545,,,,,,,,,,,
8.78909090909091e-06,0.2494949494949495,,,,,,,,,,,
8.78909090909091e-06,0.2535353535353535,,,,,,,,,,,
8.78909090909091e-06,0.25757575757575757,,,,,,,,,,,
8.78909090909091e-06,0.26161616161616164,,,,,,,,,,,
8.78909090909091e-06,0.2656565656565657,,,,,,,,,,,
8.78909090909091e-06,0.2696969696969697,,,,,,,,,,,
8.78909090909091e-06,0.2737373737373737,,,,,,,,,,,
8.78909090909091e-06,0.2777777777777778,,,,,,,,,,,
8.78909090909091e-06,0.28181818181818186,,,,,,,,,,,
8.78909090909091e-06,0.28585858585858587,,,,,,,,,,,
8.78909090909091e-06,0.2898989898989899,,,,,,,,,,,
8.78909090909091e-06,0.29393939393939394,,,,,,,,,,,
8.78909090909091e-06,0.297979797979798,,,,,,,,,,,
8.78909090909091e-06,0.302020202020202,,,,,,,,,,,
8.78909090909091e-06,0.30606060606060603,,,,,,,,,,,
8.78909090909091e-06,0.3101010101010101,,,,,,,,,,,
8.78909090909091e-06,0.31414141414141417,,,,,,,,,,,
8.78909090909091e-06,0.3181818181818182,,,,,,,,,,,
8.78909090909091e-06,0.3222222222222222,,,,,,,,,,,
8.78909090909091e-06,0.32626262626262625,,,,,,,,,,,
8.78909090909091e-06,0.3303030303030303,,,,,,,,,,,
8.78909090909091e-06,0.3343434343434344,,,,,,,,,,,
8.78909090909091e-06,0.3383838383838384,,,,,,,,,,,
8.78909090909091e-06,0.3424242424242424,,,,,,,,,,,
8.78909090909091e-06,0.3464646464646465,,,,,,,,,,,
8.78909090909091e-06,0.35050505050505054,,,,,,,,,,,
8.78909090909091e-06,0.3545454545454545,,,,,,,,,,,
8.78909090909091e-06,0.35858585858585856,,,,,,,,,,,
8.78909090909091e-06,0.36262626262626263,,,,,,,,,,,
8.78909090909091e-06,0.3666666666666667,,,,,,,,,,,
8.78909090909091e-06,0.37070707070707076,,,,,,,,,,,
8.78909090909091e-06,0.3747474747474747,,,,,,,,,,,
8.78909090909091e-06,0.3787878787878788,,,,,,,,,,,
8.78909090909091e-06,0.38282828282828285,,,,,,,,,,,
8.78909090909091e-06,0.3868686868686869,,,,,,,,,,,
8.78909090909091e-06,0.3909090909090909,,,,,,,,,,,
8.78909090909091e-06,0.39494949494949494,,,,,,,,,,,
8.78909090909091e-06,0.398989898989899,,,,,,,,,,,
8.78909090909091e-06,0.40303030303030307,,,,,,,,,,,
8.78909090909091e-06,0.407070707070707,,,,,,,,,,,
8.78909090909091e-06,0.4111111111111111,,,,,,,,,,,
8.78909090909091e-06,0.41515151515151516,,,,,,,,,,,
8.78909090909091e-06,0.4191919191919192,,,,,,,,,,,
8.78909090909091e-06,0.4232323232323232,,,,,,,,,,,
8.78909090909091e-06,0.42727272727272725,,,,,,,,,,,
8.78909090909091e-06,0.4313131313131313,,,,,,,,,,,
8.78909090909091e-06,0.4353535353535354,,,,,,,,,,,
8.78909090909091e-06,0.43939393939393945,,,,,,,,,,,
8.78909090909091e-06,0.4434343434343434,,,,,,,,,,,
8.78909090909091e-06,0.44747474747474747,,,,,,,,,,,
8.78909090909091e-06,0.45151515151515154,,,,,,,,,,,
8.78909090909091e-06,0.4555555555555556,,,,,,,,,,,
8.78909090909091e-06,0.45959595959595956,,,,,,,,,,,
8.78909090909091e-06,0.4636363636363636,,,,,,,,,,,
8.78909090909091e-06,0.4676767676767677,,,,,,,,,,,
8.78909090909091e-06,0.47171717171717176,,,,,,,,,,,
8.78909090909091e-06,0.4757575757575757,,,,,,,,,,,
8.78909090909091e-06,0.4797979797979798,,,,,,,,,,,
8.78909090909091e-06,0.48383838383838385,,,,,,,,,,,
8.78909090909091e-06,0.4878787878787879,,,,,,,,,,,
8.78909090909091e-06,0.491919191919192,,,,,,,,,,,
8.78909090909091e-06,0.49595959595959593,,,,,,,,,,,
8.78909090909091e-06,0.5,,,,,,,,,,,
8.890000000000001e-06,0.1,,,,,,,,,,,
8.890000000000001e-06,0.10404040404040404,,,,,,,,,,,
8.890000000000001e-06,0.10808080808080808,,,,,,,,,,,
8.890000000000001e-06,0.11212121212121212,,,,,,,,,,,
8.890000000000001e-06,0.11616161616161616,,,,,,,,,,,
8.890000000000001e-06,0.1202020202020202,,,,,,,,,,,
8.890000000000001e-06,0.12424242424242425,,,,,,,,,,,
8.890000000000001e-06,0.12828282828282828,,,,,,,,,,,
8.890000000000001e-06,0.13232323232323234,,,,,,,,,,,
8.890000000000001e-06,0.13636363636363635,,,,,,,,,,,
8.890000000000001e-06,0.14040404040404042,,,,,,,,,,,
8.890000000000001e-06,0.14444444444444446,,,,,,,,,,,
8.890000000000001e-06,0.1484848484848485,,,,,,,,,,,
8.890000000000001e-06,0.15252525252525254,,,,,,,,,,,
8.890000000000001e-06,0.15656565656565657,,,,,,,,,,,
8.890000000000001e-06,0.1606060606060606,,,,,,,,,,,
8.890000000000001e-06,0.16464646464646465,,,,,,,,,,,
8.890000000000001e-06,0.1686868686868687,,,,,,,,,,,
8.890000000000001e-06,0.17272727272727273,,,,,,,,,,,
8.890000000000001e-06,0.17676767676767677,,,,,,,,,,,
8.890000000000001e-06,0.1808080808080808,,,,,,,,,,,
8.890000000000001e-06,0.18484848484848487,,,,,,,,,,,
8.890000000000001e-06,0.18888888888888888,,,,,,,,,,,
8.890000000000001e-06,0.19292929292929295,,,,,,,,,,,
8.890000000000001e-06,0.19696969696969696,,,,,,,,,,,
8.890000000000001e-06,0.20101010101010103,,,,,,,,,,,
8.890000000000001e-06,0.20505050505050504,,,,,,,,,,,
8.890000000000001e-06,0.2090909090909091,,,,,,,,,,,
8.890000000000001e-06,0.21313131313131314,,,,,,,,,,,
8.890000000000001e-06,0.21717171717171718,,,,,,,,,,,
8.890000000000001e-06,0.22121212121212122,,,,,,,,,,,
8.890000000000001e-06,0.22525252525252526,,,,,,,,,,,
8.890000000000001e-06,0.2292929292929293,,,,,,,,,,,
8.890000000000001e-06,0.23333333333333334,,,,,,,,,,,
8.890000000000001e-06,0.23737373737373738,,,,,,,,,,,
8.890000000000001e-06,0.24141414141414141,,,,,,,,,,,
8.890000000000001e-06,0.24545454545454545,,,,,,,,,,,
8.890000000000001e-06,0.2494949494949495,,,,,,,,,,,
8.890000000000001e-06,0.2535353535353535,,,,,,,,,,,
8.890000000000001e-06,0.25757575757575757,,,,,,,,,,,
8.890000000000001e-06,0.26161616161616164,,,,,,,,,,,
8.890000000000001e-06,0.2656565656565657,,,,,,,,,,,
8.890000000000001e-06,0.2696969696969697,,,,,,,,,,,
8.890000000000001e-06,0.2737373737373737,,,,,,,,,,,
8.890000000000001e-06,0.2777777777777778,,,,,,,,,,,
8.890000000000001e-06,0.28181818181818186,,,,,,,,,,,
8.890000000000001e-06,0.28585858585858587,,,,,,,,,,,
8.890000000000001e-06,0.2898989898989899,,,,,,,,,,,
8.890000000000001e-06,0.29393939393939394,,,,,,,,,,,
8.890000000000001e-06,0.297979797979798,,,,,,,,,,,
8.890000000000001e-06,0.302020202020202,,,,,,,,,,,
8.890000000000001e-06,0.30606060606060603,,,,,,,,,,,
8.890000000000001e-06,0.3101010101010101,,,,,,,,,,,
8.890000000000001e-06,0.31414141414141417,,,,,,,,,,,
8.890000000000001e-06,0.3181818181818182,,,,,,,,,,,
8.890000000000001e-06,0.3222222222222222,,,,,,,,,,,
8.890000000000001e-06,0.32626262626262625,,,,,,,,,,,
8.890000000000001e-06,0.3303030303030303,,,,,,,,,,,
8.890000000000001e-06,0.3343434343434344,,,,,,,,,,,
8.890000000000001e-06,0.3383838383838384,,,,,,,,,,,
8.890000000000001e-06,0.3424242424242424,,,,,,,,,,,
8.890000000000001e-06,0.3464646464646465,,,,,,,,,,,
8.890000000000001e-06,0.35050505050505054,,,,,,,,,,,
8.890000000000001e-06,0.3545454545454545,,,,,,,,,,,
8.890000000000001e-06,0.35858585858585856,,,,,,,,,,,
8.890000000000001e-06,0.36262626262626263,,,,,,,,,,,
8.890000000000001e-06,0.3666666666666667,,,,,,,,,,,
8.890000000000001e-06,0.37070707070707076,,,,,,,,,,,
8.890000000000001e-06,0.3747474747474747,,,,,,,,,,,
8.890000000000001e-06,0.3787878787878788,,,,,,,,,,,
8.890000000000001e-06,0.38282828282828285,,,,,,,,,,,
8.890000000000001e-06,0.3868686868686869,,,,,,,,,,,
8.890000000000001e-06,0.3909090909090909,,,,,,,,,,,
8.890000000000001e-06,0.39494949494949494,,,,,,,,,,,
8.890000000000001e-06,0.398989898989899,,,,,,,,,,,
8.890000000000001e-06,0.40303030303030307,,,,,,,,,,,
8.890000000000001e-06,0.407070707070707,,,,,,,,,,,
8.890000000000001e-06,0.4111111111111111,,,,,,,,,,,
8.890000000000001e-06,0.41515151515151516,,,,,,,,,,,
8.890000000000001e-06,0.4191919191919192,,,,,,,,,,,
8.890000000000001e-06,0.4232323232323232,,,,,,,,,,,
8.890000000000001e-06,0.42727272727272725,,,,,,,,,,,
8.890000000000001e-06,0.4313131313131313,,,,,,,,,,,
8.890000000000001e-06,0.4353535353535354,,,,,,,,,,,
8.890000000000001e-06,0.43939393939393945,,,,,,,,,,,
8.890000000000001e-06,0.4434343434343434,,,,,,,,,,,
8.890000000000001e-06,0.44747474747474747,,,,,,,,,,,
8.890000000000001e-06,0.45151515151515154,,,,,,,,,,,
8.890000000000001e-06,0.4555555555555556,,,,,,,,,,,
8.890000000000001e-06,0.45959595959595956,,,,,,,,,,,
8.890000000000001e-06,0.4636363636363636,,,,,,,,,,,
8.890000000000001e-06,0.4676767676767677,,,,,,,,,,,
8.890000000000001e-06,0.47171717171717176,,,,,,,,,,,
8.890000000000001e-06,0.4757575757575757,,,,,,,,,,,
8.890000000000001e-06,0.4797979797979798,,,,,,,,,,,
8.890000000000001e-06,0.48383838383838385,,,,,,,,,,,
8.890000000000001e-06,0.4878787878787879,,,,,,,,,,,
8.890000000000001e-06,0.491919191919192,,,,,,,,,,,
8.890000000000001e-06,0.49595959595959593,,,,,,,,,,,
8.890000000000001e-06,0.5,,,,,,,,,,,
8.990909090909092e-06,0.1,,,,,,,,,,,
8.990909090909092e-06,0.10404040404040404,,,,,,,,,,,
8.990909090909092e-06,0.10808080808080808,,,,,,,,,,,
8.990909090909092e-06,0.11212121212121212,,,,,,,,,,,
8.990909090909092e-06,0.11616161616161616,,,,,,,,,,,
8.990909090909092e-06,0.1202020202020202,,,,,,,,,,,
8.990909090909092e-06,0.12424242424242425,,,,,,,,,,,
8.990909090909092e-06,0.12828282828282828,,,,,,,,,,,
8.990909090909092e-06,0.13232323232323234,,,,,,,,,,,
8.990909090909092e-06,0.13636363636363635,,,,,,,,,,,
8.990909090909092e-06,0.14040404040404042,,,,,,,,,,,
8.990909090909092e-06,0.14444444444444446,,,,,,,,,,,
8.990909090909092e-06,0.1484848484848485,,,,,,,,,,,
8.990909090909092e-06,0.15252525252525254,,,,,,,,,,,
8.990909090909092e-06,0.15656565656565657,,,,,,,,,,,
8.990909090909092e-06,0.1606060606060606,,,,,,,,,,,
8.990909090909092e-06,0.16464646464646465,,,,,,,,,,,
8.990909090909092e-06,0.1686868686868687,,,,,,,,,,,
8.990909090909092e-06,0.17272727272727273,,,,,,,,,,,
8.990909090909092e-06,0.17676767676767677,,,,,,,,,,,
8.990909090909092e-06,0.1808080808080808,,,,,,,,,,,
8.990909090909092e-06,0.18484848484848487,,,,,,,,,,,
8.990909090909092e-06,0.18888888888888888,,,,,,,,,,,
8.990909090909092e-06,0.19292929292929295,,,,,,,,,,,
8.990909090909092e-06,0.19696969696969696,,,,,,,,,,,
8.990909090909092e-06,0.20101010101010103,,,,,,,,,,,
8.990909090909092e-06,0.20505050505050504,,,,,,,,,,,
8.990909090909092e-06,0.2090909090909091,,,,,,,,,,,
8.990909090909092e-06,0.21313131313131314,,,,,,,,,,,
8.990909090909092e-06,0.21717171717171718,,,,,,,,,,,
8.990909090909092e-06,0.22121212121212122,,,,,,,,,,,
8.990909090909092e-06,0.22525252525252526,,,,,,,,,,,
8.990909090909092e-06,0.2292929292929293,,,,,,,,,,,
8.990909090909092e-06,0.23333333333333334,,,,,,,,,,,
8.990909090909092e-06,0.23737373737373738,,,,,,,,,,,
8.990909090909092e-06,0.24141414141414141,,,,,,,,,,,
8.990909090909092e-06,0.24545454545454545,,,,,,,,,,,
8.990909090909092e-06,0.2494949494949495,,,,,,,,,,,
8.990909090909092e-06,0.2535353535353535,,,,,,,,,,,
8.990909090909092e-06,0.25757575757575757,,,,,,,,,,,
8.990909090909092e-06,0.26161616161616164,,,,,,,,,,,
8.990909090909092e-06,0.2656565656565657,,,,,,,,,,,
8.990909090909092e-06,0.2696969696969697,,,,,,,,,,,
8.990909090909092e-06,0.2737373737373737,,,,,,,,,,,
8.990909090909092e-06,0.2777777777777778,,,,,,,,,,,
8.990909090909092e-06,0.28181818181818186,,,,,,,,,,,
8.990909090909092e-06,0.28585858585858587,,,,,,,,,,,
8.990909090909092e-06,0.2898989898989899,,,,,,,,,,,
8.990909090909092e-06,0.29393939393939394,,,,,,,,,,,
8.990909090909092e-06,0.297979797979798,,,,,,,,,,,
8.990909090909092e-06,0.302020202020202,,,,,,,,,,,
8.990909090909092e-06,0.30606060606060603,,,,,,,,,,,
8.990909090909092e-06,0.3101010101010101,,,,,,,,,,,
8.990909090909092e-06,0.31414141414141417,,,,,,,,,,,
8.990909090909092e-06,0.3181818181818182,,,,,,,,,,,
8.990909090909092e-06,0.3222222222222222,,,,,,,,,,,
8.990909090909092e-06,0.32626262626262625,,,,,,,,,,,
8.990909090909092e-06,0.3303030303030303,,,,,,,,,,,
8.990909090909092e-06,0.3343434343434344,,,,,,,,,,,
8.990909090909092e-06,0.3383838383838384,,,,,,,,,,,
8.990909090909092e-06,0.3424242424242424,,,,,,,,,,,
8.990909090909092e-06,0.3464646464646465,,,,,,,,,,,
8.990909090909092e-06,0.35050505050505054,,,,,,,,,,,
8.990909090909092e-06,0.3545454545454545,,,,,,,,,,,
8.990909090909092e-06,0.35858585858585856,,,,,,,,,,,
8.990909090909092e-06,0.36262626262626263,,,,,,,,,,,
8.990909090909092e-06,0.3666666666666667,,,,,,,,,,,
8.990909090909092e-06,0.37070707070707076,,,,,,,,,,,
8.990909090909092e-06,0.3747474747474747,,,,,,,,,,,
8.990909090909092e-06,0.3787878787878788,,,,,,,,,,,
8.990909090909092e-06,0.38282828282828285,,,,,,,,,,,
8.990909090909092e-06,0.3868686868686869,,,,,,,,,,,
8.990909090909092e-06,0.3909090909090909,,,,,,,,,,,
8.990909090909092e-06,0.39494949494949494,,,,,,,,,,,
8.990909090909092e-06,0.398989898989899,,,,,,,,,,,
8.990909090909092e-06,0.40303030303030307,,,,,,,,,,,
8.990909090909092e-06,0.407070707070707,,,,,,,,,,,
8.990909090909092e-06,0.4111111111111111,,,,,,,,,,,
8.990909090909092e-06,0.41515151515151516,,,,,,,,,,,
8.990909090909092e-06,0.4191919191919192,,,,,,,,,,,
8.990909090909092e-06,0.4232323232323232,,,,,,,,,,,
8.990909090909092e-06,0.42727272727272725,,,,,,,,,,,
8.990909090909092e-06,0.4313131313131313,,,,,,,,,,,
8.990909090909092e-06,0.4353535353535354,,,,,,,,,,,
8.990909090909092e-06,0.43939393939393945,,,,,,,,,,,
8.990909090909092e-06,0.4434343434343434,,,,,,,,,,,
8.990909090909092e-06,0.44747474747474747,,,,,,,,,,,
8.990909090909092e-06,0.45151515151515154,,,,,,,,,,,
8.990909090909092e-06,0.4555555555555556,,,,,,,,,,,
8.990909090909092e-06,0.45959595959595956,,,,,,,,,,,
8.990909090909092e-06,0.4636363636363636,,,,,,,,,,,
8.990909090909092e-06,0.4676767676767677,,,,,,,,,,,
8.990909090909092e-06,0.47171717171717176,,,,,,,,,,,
8.990909090909092e-06,0.4757575757575757,,,,,,,,,,,
8.990909090909092e-06,0.4797979797979798,,,,,,,,,,,
8.990909090909092e-06,0.48383838383838385,,,,,,,,,,,
8.990909090909092e-06,0.4878787878787879,,,,,,,,,,,
8.990909090909092e-06,0.491919191919192,,,,,,,,,,,
8.990909090909092e-06,0.49595959595959593,,,,,,,,,,,
8.990909090909092e-06,0.5,,,,,,,,,,,
9.091818181818183e-06,0.1,,,,,,,,,,,
9.091818181818183e-06,0.10404040404040404,,,,,,,,,,,
9.091818181818183e-06,0.10808080808080808,,,,,,,,,,,
9.091818181818183e-06,0.11212121212121212,,,,,,,,,,,
9.091818181818183e-06,0.11616161616161616,,,,,,,,,,,
9.091818181818183e-06,0.1202020202020202,,,,,,,,,,,
9.091818181818183e-06,0.12424242424242425,,,,,,,,,,,
9.091818181818183e-06,0.12828282828282828,,,,,,,,,,,
9.091818181818183e-06,0.13232323232323234,,,,,,,,,,,
9.091818181818183e-06,0.13636363636363635,,,,,,,,,,,
9.091818181818183e-06,0.14040404040404042,,,,,,,,,,,
9.091818181818183e-06,0.14444444444444446,,,,,,,,,,,
9.091818181818183e-06,0.1484848484848485,,,,,,,,,,,
9.091818181818183e-06,0.15252525252525254,,,,,,,,,,,
9.091818181818183e-06,0.15656565656565657,,,,,,,,,,,
9.091818181818183e-06,0.1606060606060606,,,,,,,,,,,
9.091818181818183e-06,0.16464646464646465,,,,,,,,,,,
9.091818181818183e-06,0.1686868686868687,,,,,,,,,,,
9.091818181818183e-06,0.17272727272727273,,,,,,,,,,,
9.091818181818183e-06,0.17676767676767677,,,,,,,,,,,
9.091818181818183e-06,0.1808080808080808,,,,,,,,,,,
9.091818181818183e-06,0.18484848484848487,,,,,,,,,,,
9.091818181818183e-06,0.18888888888888888,,,,,,,,,,,
9.091818181818183e-06,0.19292929292929295,,,,,,,,,,,
9.091818181818183e-06,0.19696969696969696,,,,,,,,,,,
9.091818181818183e-06,0.20101010101010103,,,,,,,,,,,
9.091818181818183e-06,0.20505050505050504,,,,,,,,,,,
9.091818181818183e-06,0.2090909090909091,,,,,,,,,,,
9.091818181818183e-06,0.21313131313131314,,,,,,,,,,,
9.091818181818183e-06,0.21717171717171718,,,,,,,,,,,
9.091818181818183e-06,0.22121212121212122,,,,,,,,,,,
9.091818181818183e-06,0.22525252525252526,,,,,,,,,,,
9.091818181818183e-06,0.2292929292929293,,,,,,,,,,,
9.091818181818183e-06,0.23333333333333334,,,,,,,,,,,
9.091818181818183e-06,0.23737373737373738,,,,,,,,,,,
9.091818181818183e-06,0.24141414141414141,,,,,,,,,,,
9.091818181818183e-06,0.24545454545454545,,,,,,,,,,,
9.091818181818183e-06,0.2494949494949495,,,,,,,,,,,
9.091818181818183e-06,0.2535353535353535,,,,,,,,,,,
9.091818181818183e-06,0.25757575757575757,,,,,,,,,,,
9.091818181818183e-06,0.26161616161616164,,,,,,,,,,,
9.091818181818183e-06,0.2656565656565657,,,,,,,,,,,
9.091818181818183e-06,0.2696969696969697,,,,,,,,,,,
9.091818181818183e-06,0.2737373737373737,,,,,,,,,,,
9.091818181818183e-06,0.2777777777777778,,,,,,,,,,,
9.091818181818183e-06,0.28181818181818186,,,,,,,,,,,
9.091818181818183e-06,0.28585858585858587,,,,,,,,,,,
9.091818181818183e-06,0.2898989898989899,,,,,,,,,,,
9.091818181818183e-06,0.29393939393939394,,,,,,,,,,,
9.091818181818183e-06,0.297979797979798,,,,,,,,,,,
9.091818181818183e-06,0.302020202020202,,,,,,,,,,,
9.091818181818183e-06,0.30606060606060603,,,,,,,,,,,
9.091818181818183e-06,0.3101010101010101,,,,,,,,,,,
9.091818181818183e-06,0.31414141414141417,,,,,,,,,,,
9.091818181818183e-06,0.3181818181818182,,,,,,,,,,,
9.091818181818183e-06,0.3222222222222222,,,,,,,,,,,
9.091818181818183e-06,0.32626262626262625,,,,,,,,,,,
9.091818181818183e-06,0.3303030303030303,,,,,,,,,,,
9.091818181818183e-06,0.3343434343434344,,,,,,,,,,,
9.091818181818183e-06,0.3383838383838384,,,,,,,,,,,
9.091818181818183e-06,0.3424242424242424,,,,,,,,,,,
9.091818181818183e-06,0.3464646464646465,,,,,,,,,,,
9.091818181818183e-06,0.35050505050505054,,,,,,,,,,,
9.091818181818183e-06,0.3545454545454545,,,,,,,,,,,
9.091818181818183e-06,0.35858585858585856,,,,,,,,,,,
9.091818181818183e-06,0.36262626262626263,,,,,,,,,,,
9.091818181818183e-06,0.3666666666666667,,,,,,,,,,,
9.091818181818183e-06,0.37070707070707076,,,,,,,,,,,
9.091818181818183e-06,0.3747474747474747,,,,,,,,,,,
9.091818181818183e-06,0.3787878787878788,,,,,,,,,,,
9.091818181818183e-06,0.38282828282828285,,,,,,,,,,,
9.091818181818183e-06,0.3868686868686869,,,,,,,,,,,
9.091818181818183e-06,0.3909090909090909,,,,,,,,,,,
9.091818181818183e-06,0.39494949494949494,,,,,,,,,,,
9.091818181818183e-06,0.398989898989899,,,,,,,,,,,
9.091818181818183e-06,0.40303030303030307,,,,,,,,,,,
9.091818181818183e-06,0.407070707070707,,,,,,,,,,,
9.091818181818183e-06,0.4111111111111111,,,,,,,,,,,
9.091818181818183e-06,0.41515151515151516,,,,,,,,,,,
9.091818181818183e-06,0.4191919191919192,,,,,,,,,,,
9.091818181818183e-06,0.4232323232323232,,,,,,,,,,,
9.091818181818183e-06,0.42727272727272725,,,,,,,,,,,
9.091818181818183e-06,0.4313131313131313,,,,,,,,,,,
9.091818181818183e-06,0.4353535353535354,,,,,,,,,,,
9.091818181818183e-06,0.43939393939393945,,,,,,,,,,,
9.091818181818183e-06,0.4434343434343434,,,,,,,,,,,
9.091818181818183e-06,0.44747474747474747,,,,,,,,,,,
9.091818181818183e-06,0.45151515151515154,,,,,,,,,,,
9.091818181818183e-06,0.4555555555555556,,,,,,,,,,,
9.091818181818183e-06,0.45959595959595956,,,,,,,,,,,
9.091818181818183e-06,0.4636363636363636,,,,,,,,,,,
9.091818181818183e-06,0.4676767676767677,,,,,,,,,,,
9.091818181818183e-06,0.47171717171717176,,,,,,,,,,,
9.091818181818183e-06,0.4757575757575757,,,,,,,,,,,
9.091818181818183e-06,0.4797979797979798,,,,,,,,,,,
9.091818181818183e-06,0.48383838383838385,,,,,,,,,,,
9.091818181818183e-06,0.4878787878787879,,,,,,,,,,,
9.091818181818183e-06,0.491919191919192,,,,,,,,,,,
9.091818181818183e-06,0.49595959595959593,,,,,,,,,,,
9.091818181818183e-06,0.5,,,,,,,,,,,
9.192727272727273e-06,0.1,,,,,,,,,,,
9.192727272727273e-06,0.10404040404040404,,,,,,,,,,,
9.192727272727273e-06,0.10808080808080808,,,,,,,,,,,
9.192727272727273e-06,0.11212121212121212,,,,,,,,,,,
9.192727272727273e-06,0.11616161616161616,,,,,,,,,,,
9.192727272727273e-06,0.1202020202020202,,,,,,,,,,,
9.192727272727273e-06,0.12424242424242425,,,,,,,,,,,
9.192727272727273e-06,0.12828282828282828,,,,,,,,,,,
9.192727272727273e-06,0.13232323232323234,,,,,,,,,,,
9.192727272727273e-06,0.13636363636363635,,,,,,,,,,,
9.192727272727273e-06,0.14040404040404042,,,,,,,,,,,
9.192727272727273e-06,0.14444444444444446,,,,,,,,,,,
9.192727272727273e-06,0.1484848484848485,,,,,,,,,,,
9.192727272727273e-06,0.15252525252525254,,,,,,,,,,,
9.192727272727273e-06,0.15656565656565657,,,,,,,,,,,
9.192727272727273e-06,0.1606060606060606,,,,,,,,,,,
9.192727272727273e-06,0.16464646464646465,,,,,,,,,,,
9.192727272727273e-06,0.1686868686868687,,,,,,,,,,,
9.192727272727273e-06,0.17272727272727273,,,,,,,,,,,
9.192727272727273e-06,0.17676767676767677,,,,,,,,,,,
9.192727272727273e-06,0.1808080808080808,,,,,,,,,,,
9.192727272727273e-06,0.18484848484848487,,,,,,,,,,,
9.192727272727273e-06,0.18888888888888888,,,,,,,,,,,
9.192727272727273e-06,0.19292929292929295,,,,,,,,,,,
9.192727272727273e-06,0.19696969696969696,,,,,,,,,,,
9.192727272727273e-06,0.20101010101010103,,,,,,,,,,,
9.192727272727273e-06,0.20505050505050504,,,,,,,,,,,
9.192727272727273e-06,0.2090909090909091,,,,,,,,,,,
9.192727272727273e-06,0.21313131313131314,,,,,,,,,,,
9.192727272727273e-06,0.21717171717171718,,,,,,,,,,,
9.192727272727273e-06,0.22121212121212122,,,,,,,,,,,
9.192727272727273e-06,0.22525252525252526,,,,,,,,,,,
9.192727272727273e-06,0.2292929292929293,,,,,,,,,,,
9.192727272727273e-06,0.23333333333333334,,,,,,,,,,,
9.192727272727273e-06,0.23737373737373738,,,,,,,,,,,
9.192727272727273e-06,0.24141414141414141,,,,,,,,,,,
9.192727272727273e-06,0.24545454545454545,,,,,,,,,,,
9.192727272727273e-06,0.2494949494949495,,,,,,,,,,,
9.192727272727273e-06,0.2535353535353535,,,,,,,,,,,
9.192727272727273e-06,0.25757575757575757,,,,,,,,,,,
9.192727272727273e-06,0.26161616161616164,,,,,,,,,,,
9.192727272727273e-06,0.2656565656565657,,,,,,,,,,,
9.192727272727273e-06,0.2696969696969697,,,,,,,,,,,
9.192727272727273e-06,0.2737373737373737,,,,,,,,,,,
9.192727272727273e-06,0.2777777777777778,,,,,,,,,,,
9.192727272727273e-06,0.28181818181818186,,,,,,,,,,,
9.192727272727273e-06,0.28585858585858587,,,,,,,,,,,
9.192727272727273e-06,0.2898989898989899,,,,,,,,,,,
9.192727272727273e-06,0.29393939393939394,,,,,,,,,,,
9.192727272727273e-06,0.297979797979798,,,,,,,,,,,
9.192727272727273e-06,0.302020202020202,,,,,,,,,,,
9.192727272727273e-06,0.30606060606060603,,,,,,,,,,,
9.192727272727273e-06,0.3101010101010101,,,,,,,,,,,
9.192727272727273e-06,0.31414141414141417,,,,,,,,,,,
9.192727272727273e-06,0.3181818181818182,,,,,,,,,,,
9.192727272727273e-06,0.3222222222222222,,,,,,,,,,,
9.192727272727273e-06,0.32626262626262625,,,,,,,,,,,
9.192727272727273e-06,0.3303030303030303,,,,,,,,,,,
9.192727272727273e-06,0.3343434343434344,,,,,,,,,,,
9.192727272727273e-06,0.3383838383838384,,,,,,,,,,,
9.192727272727273e-06,0.3424242424242424,,,,,,,,,,,
9.192727272727273e-06,0.3464646464646465,,,,,,,,,,,
9.192727272727273e-06,0.35050505050505054,,,,,,,,,,,
9.192727272727273e-06,0.3545454545454545,,,,,,,,,,,
9.192727272727273e-06,0.35858585858585856,,,,,,,,,,,
9.192727272727273e-06,0.36262626262626263,,,,,,,,,,,
9.192727272727273e-06,0.3666666666666667,,,,,,,,,,,
9.192727272727273e-06,0.37070707070707076,,,,,,,,,,,
9.192727272727273e-06,0.3747474747474747,,,,,,,,,,,
9.192727272727273e-06,0.3787878787878788,,,,,,,,,,,
9.192727272727273e-06,0.38282828282828285,,,,,,,,,,,
9.192727272727273e-06,0.3868686868686869,,,,,,,,,,,
9.192727272727273e-06,0.3909090909090909,,,,,,,,,,,
9.192727272727273e-06,0.39494949494949494,,,,,,,,,,,
9.192727272727273e-06,0.398989898989899,,,,,,,,,,,
9.192727272727273e-06,0.40303030303030307,,,,,,,,,,,
9.192727272727273e-06,0.407070707070707,,,,,,,,,,,
9.192727272727273e-06,0.4111111111111111,,,,,,,,,,,
9.192727272727273e-06,0.41515151515151516,,,,,,,,,,,
9.192727272727273e-06,0.4191919191919192,,,,,,,,,,,
9.192727272727273e-06,0.4232323232323232,,,,,,,,,,,
9.192727272727273e-06,0.42727272727272725,,,,,,,,,,,
9.192727272727273e-06,0.4313131313131313,,,,,,,,,,,
9.192727272727273e-06,0.4353535353535354,,,,,,,,,,,
9.192727272727273e-06,0.43939393939393945,,,,,,,,,,,
9.192727272727273e-06,0.4434343434343434,,,,,,,,,,,
9.192727272727273e-06,0.44747474747474747,,,,,,,,,,,
9.192727272727273e-06,0.45151515151515154,,,,,,,,,,,
9.192727272727273e-06,0.4555555555555556,,,,,,,,,,,
9.192727272727273e-06,0.45959595959595956,,,,,,,,,,,
9.192727272727273e-06,0.4636363636363636,,,,,,,,,,,
9.192727272727273e-06,0.4676767676767677,,,,,,,,,,,
9.192727272727273e-06,0.47171717171717176,,,,,,,,,,,
9.192727272727273e-06,0.4757575757575757,,,,,,,,,,,
9.192727272727273e-06,0.4797979797979798,,,,,,,,,,,
9.192727272727273e-06,0.48383838383838385,,,,,,,,,,,
9.192727272727273e-06,0.4878787878787879,,,,,,,,,,,
9.192727272727273e-06,0.491919191919192,,,,,,,,,,,
9.192727272727273e-06,0.49595959595959593,,,,,,,,,,,
9.192727272727273e-06,0.5,,,,,,,,,,,
9.293636363636366e-06,0.1,,,,,,,,,,,
9.293636363636366e-06,0.10404040404040404,,,,,,,,,,,
9.293636363636366e-06,0.10808080808080808,,,,,,,,,,,
9.293636363636366e-06,0.11212121212121212,,,,,,,,,,,
9.293636363636366e-06,0.11616161616161616,,,,,,,,,,,
9.293636363636366e-06,0.1202020202020202,,,,,,,,,,,
9.293636363636366e-06,0.12424242424242425,,,,,,,,,,,
9.293636363636366e-06,0.12828282828282828,,,,,,,,,,,
9.293636363636366e-06,0.13232323232323234,,,,,,,,,,,
9.293636363636366e-06,0.13636363636363635,,,,,,,,,,,
9.293636363636366e-06,0.14040404040404042,,,,,,,,,,,
9.293636363636366e-06,0.14444444444444446,,,,,,,,,,,
9.293636363636366e-06,0.1484848484848485,,,,,,,,,,,
9.293636363636366e-06,0.15252525252525254,,,,,,,,,,,
9.293636363636366e-06,0.15656565656565657,,,,,,,,,,,
9.293636363636366e-06,0.1606060606060606,,,,,,,,,,,
9.293636363636366e-06,0.16464646464646465,,,,,,,,,,,
9.293636363636366e-06,0.1686868686868687,,,,,,,,,,,
9.293636363636366e-06,0.17272727272727273,,,,,,,,,,,
9.293636363636366e-06,0.17676767676767677,,,,,,,,,,,
9.293636363636366e-06,0.1808080808080808,,,,,,,,,,,
9.293636363636366e-06,0.18484848484848487,,,,,,,,,,,
9.293636363636366e-06,0.18888888888888888,,,,,,,,,,,
9.293636363636366e-06,0.19292929292929295,,,,,,,,,,,
9.293636363636366e-06,0.19696969696969696,,,,,,,,,,,
9.293636363636366e-06,0.20101010101010103,,,,,,,,,,,
9.293636363636366e-06,0.20505050505050504,,,,,,,,,,,
9.293636363636366e-06,0.2090909090909091,,,,,,,,,,,
9.293636363636366e-06,0.21313131313131314,,,,,,,,,,,
9.293636363636366e-06,0.21717171717171718,,,,,,,,,,,
9.293636363636366e-06,0.22121212121212122,,,,,,,,,,,
9.293636363636366e-06,0.22525252525252526,,,,,,,,,,,
9.293636363636366e-06,0.2292929292929293,,,,,,,,,,,
9.293636363636366e-06,0.23333333333333334,,,,,,,,,,,
9.293636363636366e-06,0.23737373737373738,,,,,,,,,,,
9.293636363636366e-06,0.24141414141414141,,,,,,,,,,,
9.293636363636366e-06,0.24545454545454545,,,,,,,,,,,
9.293636363636366e-06,0.2494949494949495,,,,,,,,,,,
9.293636363636366e-06,0.2535353535353535,,,,,,,,,,,
9.293636363636366e-06,0.25757575757575757,,,,,,,,,,,
9.293636363636366e-06,0.26161616161616164,,,,,,,,,,,
9.293636363636366e-06,0.2656565656565657,,,,,,,,,,,
9.293636363636366e-06,0.2696969696969697,,,,,,,,,,,
9.293636363636366e-06,0.2737373737373737,,,,,,,,,,,
9.293636363636366e-06,0.2777777777777778,,,,,,,,,,,
9.293636363636366e-06,0.28181818181818186,,,,,,,,,,,
9.293636363636366e-06,0.28585858585858587,,,,,,,,,,,
9.293636363636366e-06,0.2898989898989899,,,,,,,,,,,
9.293636363636366e-06,0.29393939393939394,,,,,,,,,,,
9.293636363636366e-06,0.297979797979798,,,,,,,,,,,
9.293636363636366e-06,0.302020202020202,,,,,,,,,,,
9.293636363636366e-06,0.30606060606060603,,,,,,,,,,,
9.293636363636366e-06,0.3101010101010101,,,,,,,,,,,
9.293636363636366e-06,0.31414141414141417,,,,,,,,,,,
9.293636363636366e-06,0.3181818181818182,,,,,,,,,,,
9.293636363636366e-06,0.3222222222222222,,,,,,,,,,,
9.293636363636366e-06,0.32626262626262625,,,,,,,,,,,
9.293636363636366e-06,0.3303030303030303,,,,,,,,,,,
9.293636363636366e-06,0.3343434343434344,,,,,,,,,,,
9.293636363636366e-06,0.3383838383838384,,,,,,,,,,,
9.293636363636366e-06,0.3424242424242424,,,,,,,,,,,
9.293636363636366e-06,0.3464646464646465,,,,,,,,,,,
9.293636363636366e-06,0.35050505050505054,,,,,,,,,,,
9.293636363636366e-06,0.3545454545454545,,,,,,,,,,,
9.293636363636366e-06,0.35858585858585856,,,,,,,,,,,
9.293636363636366e-06,0.36262626262626263,,,,,,,,,,,
9.293636363636366e-06,0.3666666666666667,,,,,,,,,,,
9.293636363636366e-06,0.37070707070707076,,,,,,,,,,,
9.293636363636366e-06,0.3747474747474747,,,,,,,,,,,
9.293636363636366e-06,0.3787878787878788,,,,,,,,,,,
9.293636363636366e-06,0.38282828282828285,,,,,,,,,,,
9.293636363636366e-06,0.3868686868686869,,,,,,,,,,,
9.293636363636366e-06,0.3909090909090909,,,,,,,,,,,
9.293636363636366e-06,0.39494949494949494,,,,,,,,,,,
9.293636363636366e-06,0.398989898989899,,,,,,,,,,,
9.293636363636366e-06,0.40303030303030307,,,,,,,,,,,
9.293636363636366e-06,0.407070707070707,,,,,,,,,,,
9.293636363636366e-06,0.4111111111111111,,,,,,,,,,,
9.293636363636366e-06,0.41515151515151516,,,,,,,,,,,
9.293636363636366e-06,0.4191919191919192,,,,,,,,,,,
9.293636363636366e-06,0.4232323232323232,,,,,,,,,,,
9.293636363636366e-06,0.42727272727272725,,,,,,,,,,,
9.293636363636366e-06,0.4313131313131313,,,,,,,,,,,
9.293636363636366e-06,0.4353535353535354,,,,,,,,,,,
9.293636363636366e-06,0.43939393939393945,,,,,,,,,,,
9.293636363636366e-06,0.4434343434343434,,,,,,,,,,,
9.293636363636366e-06,0.44747474747474747,,,,,,,,,,,
9.293636363636366e-06,0.45151515151515154,,,,,,,,,,,
9.293636363636366e-06,0.4555555555555556,,,,,,,,,,,
9.293636363636366e-06,0.45959595959595956,,,,,,,,,,,
9.293636363636366e-06,0.4636363636363636,,,,,,,,,,,
9.293636363636366e-06,0.4676767676767677,,,,,,,,,,,
9.293636363636366e-06,0.47171717171717176,,,,,,,,,,,
9.293636363636366e-06,0.4757575757575757,,,,,,,,,,,
9.293636363636366e-06,0.4797979797979798,,,,,,,,,,,
9.293636363636366e-06,0.48383838383838385,,,,,,,,,,,
9.293636363636366e-06,0.4878787878787879,,,,,,,,,,,
9.293636363636366e-06,0.491919191919192,,,,,,,,,,,
9.293636363636366e-06,0.49595959595959593,,,,,,,,,,,
9.293636363636366e-06,0.5,,,,,,,,,,,
9.394545454545457e-06,0.1,,,,,,,,,,,
9.394545454545457e-06,0.10404040404040404,,,,,,,,,,,
9.394545454545457e-06,0.10808080808080808,,,,,,,,,,,
9.394545454545457e-06,0.11212121212121212,,,,,,,,,,,
9.394545454545457e-06,0.11616161616161616,,,,,,,,,,,
9.394545454545457e-06,0.1202020202020202,,,,,,,,,,,
9.394545454545457e-06,0.12424242424242425,,,,,,,,,,,
9.394545454545457e-06,0.12828282828282828,,,,,,,,,,,
9.394545454545457e-06,0.13232323232323234,,,,,,,,,,,
9.394545454545457e-06,0.13636363636363635,,,,,,,,,,,
9.394545454545457e-06,0.14040404040404042,,,,,,,,,,,
9.394545454545457e-06,0.14444444444444446,,,,,,,,,,,
9.394545454545457e-06,0.1484848484848485,,,,,,,,,,,
9.394545454545457e-06,0.15252525252525254,,,,,,,,,,,
9.394545454545457e-06,0.15656565656565657,,,,,,,,,,,
9.394545454545457e-06,0.1606060606060606,,,,,,,,,,,
9.394545454545457e-06,0.16464646464646465,,,,,,,,,,,
9.394545454545457e-06,0.1686868686868687,,,,,,,,,,,
9.394545454545457e-06,0.17272727272727273,,,,,,,,,,,
9.394545454545457e-06,0.17676767676767677,,,,,,,,,,,
9.394545454545457e-06,0.1808080808080808,,,,,,,,,,,
9.394545454545457e-06,0.18484848484848487,,,,,,,,,,,
9.394545454545457e-06,0.18888888888888888,,,,,,,,,,,
9.394545454545457e-06,0.19292929292929295,,,,,,,,,,,
9.394545454545457e-06,0.19696969696969696,,,,,,,,,,,
9.394545454545457e-06,0.20101010101010103,,,,,,,,,,,
9.394545454545457e-06,0.20505050505050504,,,,,,,,,,,
9.394545454545457e-06,0.2090909090909091,,,,,,,,,,,
9.394545454545457e-06,0.21313131313131314,,,,,,,,,,,
9.394545454545457e-06,0.21717171717171718,,,,,,,,,,,
9.394545454545457e-06,0.22121212121212122,,,,,,,,,,,
9.394545454545457e-06,0.22525252525252526,,,,,,,,,,,
9.394545454545457e-06,0.2292929292929293,,,,,,,,,,,
9.394545454545457e-06,0.23333333333333334,,,,,,,,,,,
9.394545454545457e-06,0.23737373737373738,,,,,,,,,,,
9.394545454545457e-06,0.24141414141414141,,,,,,,,,,,
9.394545454545457e-06,0.24545454545454545,,,,,,,,,,,
9.394545454545457e-06,0.2494949494949495,,,,,,,,,,,
9.394545454545457e-06,0.2535353535353535,,,,,,,,,,,
9.394545454545457e-06,0.25757575757575757,,,,,,,,,,,
9.394545454545457e-06,0.26161616161616164,,,,,,,,,,,
9.394545454545457e-06,0.2656565656565657,,,,,,,,,,,
9.394545454545457e-06,0.2696969696969697,,,,,,,,,,,
9.394545454545457e-06,0.2737373737373737,,,,,,,,,,,
9.394545454545457e-06,0.2777777777777778,,,,,,,,,,,
9.394545454545457e-06,0.28181818181818186,,,,,,,,,,,
9.394545454545457e-06,0.28585858585858587,,,,,,,,,,,
9.394545454545457e-06,0.2898989898989899,,,,,,,,,,,
9.394545454545457e-06,0.29393939393939394,,,,,,,,,,,
9.394545454545457e-06,0.297979797979798,,,,,,,,,,,
9.394545454545457e-06,0.302020202020202,,,,,,,,,,,
9.394545454545457e-06,0.30606060606060603,,,,,,,,,,,
9.394545454545457e-06,0.3101010101010101,,,,,,,,,,,
9.394545454545457e-06,0.31414141414141417,,,,,,,,,,,
9.394545454545457e-06,0.3181818181818182,,,,,,,,,,,
9.394545454545457e-06,0.3222222222222222,,,,,,,,,,,
9.394545454545457e-06,0.32626262626262625,,,,,,,,,,,
9.394545454545457e-06,0.3303030303030303,,,,,,,,,,,
9.394545454545457e-06,0.3343434343434344,,,,,,,,,,,
9.394545454545457e-06,0.3383838383838384,,,,,,,,,,,
9.394545454545457e-06,0.3424242424242424,,,,,,,,,,,
9.394545454545457e-06,0.3464646464646465,,,,,,,,,,,
9.394545454545457e-06,0.35050505050505054,,,,,,,,,,,
9.394545454545457e-06,0.3545454545454545,,,,,,,,,,,
9.394545454545457e-06,0.35858585858585856,,,,,,,,,,,
9.394545454545457e-06,0.36262626262626263,,,,,,,,,,,
9.394545454545457e-06,0.3666666666666667,,,,,,,,,,,
9.394545454545457e-06,0.37070707070707076,,,,,,,,,,,
9.394545454545457e-06,0.3747474747474747,,,,,,,,,,,
9.394545454545457e-06,0.3787878787878788,,,,,,,,,,,
9.394545454545457e-06,0.38282828282828285,,,,,,,,,,,
9.394545454545457e-06,0.3868686868686869,,,,,,,,,,,
9.394545454545457e-06,0.3909090909090909,,,,,,,,,,,
9.394545454545457e-06,0.39494949494949494,,,,,,,,,,,
9.394545454545457e-06,0.398989898989899,,,,,,,,,,,
9.394545454545457e-06,0.40303030303030307,,,,,,,,,,,
9.394545454545457e-06,0.407070707070707,,,,,,,,,,,
9.394545454545457e-06,0.4111111111111111,,,,,,,,,,,
9.394545454545457e-06,0.41515151515151516,,,,,,,,,,,
9.394545454545457e-06,0.4191919191919192,,,,,,,,,,,
9.394545454545457e-06,0.4232323232323232,,,,,,,,,,,
9.394545454545457e-06,0.42727272727272725,,,,,,,,,,,
9.394545454545457e-06,0.4313131313131313,,,,,,,,,,,
9.394545454545457e-06,0.4353535353535354,,,,,,,,,,,
9.394545454545457e-06,0.43939393939393945,,,,,,,,,,,
9.394545454545457e-06,0.4434343434343434,,,,,,,,,,,
9.394545454545457e-06,0.44747474747474747,,,,,,,,,,,
9.394545454545457e-06,0.45151515151515154,,,,,,,,,,,
9.394545454545457e-06,0.4555555555555556,,,,,,,,,,,
9.394545454545457e-06,0.45959595959595956,,,,,,,,,,,
9.394545454545457e-06,0.4636363636363636,,,,,,,,,,,
9.394545454545457e-06,0.4676767676767677,,,,,,,,,,,
9.394545454545457e-06,0.47171717171717176,,,,,,,,,,,
9.394545454545457e-06,0.4757575757575757,,,,,,,,,,,
9.394545454545457e-06,0.4797979797979798,,,,,,,,,,,
9.394545454545457e-06,0.48383838383838385,,,,,,,,,,,
9.394545454545457e-06,0.4878787878787879,,,,,,,,,,,
9.394545454545457e-06,0.491919191919192,,,,,,,,,,,
9.394545454545457e-06,0.49595959595959593,,,,,,,,,,,
9.394545454545457e-06,0.5,,,,,,,,,,,
9.495454545454547e-06,0.1,,,,,,,,,,,
9.495454545454547e-06,0.10404040404040404,,,,,,,,,,,
9.495454545454547e-06,0.10808080808080808,,,,,,,,,,,
9.495454545454547e-06,0.11212121212121212,,,,,,,,,,,
9.495454545454547e-06,0.11616161616161616,,,,,,,,,,,
9.495454545454547e-06,0.1202020202020202,,,,,,,,,,,
9.495454545454547e-06,0.12424242424242425,,,,,,,,,,,
9.495454545454547e-06,0.12828282828282828,,,,,,,,,,,
9.495454545454547e-06,0.13232323232323234,,,,,,,,,,,
9.495454545454547e-06,0.13636363636363635,,,,,,,,,,,
9.495454545454547e-06,0.14040404040404042,,,,,,,,,,,
9.495454545454547e-06,0.14444444444444446,,,,,,,,,,,
9.495454545454547e-06,0.1484848484848485,,,,,,,,,,,
9.495454545454547e-06,0.15252525252525254,,,,,,,,,,,
9.495454545454547e-06,0.15656565656565657,,,,,,,,,,,
9.495454545454547e-06,0.1606060606060606,,,,,,,,,,,
9.495454545454547e-06,0.16464646464646465,,,,,,,,,,,
9.495454545454547e-06,0.1686868686868687,,,,,,,,,,,
9.495454545454547e-06,0.17272727272727273,,,,,,,,,,,
9.495454545454547e-06,0.17676767676767677,,,,,,,,,,,
9.495454545454547e-06,0.1808080808080808,,,,,,,,,,,
9.495454545454547e-06,0.18484848484848487,,,,,,,,,,,
9.495454545454547e-06,0.18888888888888888,,,,,,,,,,,
9.495454545454547e-06,0.19292929292929295,,,,,,,,,,,
9.495454545454547e-06,0.19696969696969696,,,,,,,,,,,
9.495454545454547e-06,0.20101010101010103,,,,,,,,,,,
9.495454545454547e-06,0.20505050505050504,,,,,,,,,,,
9.495454545454547e-06,0.2090909090909091,,,,,,,,,,,
9.495454545454547e-06,0.21313131313131314,,,,,,,,,,,
9.495454545454547e-06,0.21717171717171718,,,,,,,,,,,
9.495454545454547e-06,0.22121212121212122,,,,,,,,,,,
9.495454545454547e-06,0.22525252525252526,,,,,,,,,,,
9.495454545454547e-06,0.2292929292929293,,,,,,,,,,,
9.495454545454547e-06,0.23333333333333334,,,,,,,,,,,
9.495454545454547e-06,0.23737373737373738,,,,,,,,,,,
9.495454545454547e-06,0.24141414141414141,,,,,,,,,,,
9.495454545454547e-06,0.24545454545454545,,,,,,,,,,,
9.495454545454547e-06,0.2494949494949495,,,,,,,,,,,
9.495454545454547e-06,0.2535353535353535,,,,,,,,,,,
9.495454545454547e-06,0.25757575757575757,,,,,,,,,,,
9.495454545454547e-06,0.26161616161616164,,,,,,,,,,,
9.495454545454547e-06,0.2656565656565657,,,,,,,,,,,
9.495454545454547e-06,0.2696969696969697,,,,,,,,,,,
9.495454545454547e-06,0.2737373737373737,,,,,,,,,,,
9.495454545454547e-06,0.2777777777777778,,,,,,,,,,,
9.495454545454547e-06,0.28181818181818186,,,,,,,,,,,
9.495454545454547e-06,0.28585858585858587,,,,,,,,,,,
9.495454545454547e-06,0.2898989898989899,,,,,,,,,,,
9.495454545454547e-06,0.29393939393939394,,,,,,,,,,,
9.495454545454547e-06,0.297979797979798,,,,,,,,,,,
9.495454545454547e-06,0.302020202020202,,,,,,,,,,,
9.495454545454547e-06,0.30606060606060603,,,,,,,,,,,
9.495454545454547e-06,0.3101010101010101,,,,,,,,,,,
9.495454545454547e-06,0.31414141414141417,,,,,,,,,,,
9.495454545454547e-06,0.3181818181818182,,,,,,,,,,,
9.495454545454547e-06,0.3222222222222222,,,,,,,,,,,
9.495454545454547e-06,0.32626262626262625,,,,,,,,,,,
9.495454545454547e-06,0.3303030303030303,,,,,,,,,,,
9.495454545454547e-06,0.3343434343434344,,,,,,,,,,,
9.495454545454547e-06,0.3383838383838384,,,,,,,,,,,
9.495454545454547e-06,0.3424242424242424,,,,,,,,,,,
9.495454545454547e-06,0.3464646464646465,,,,,,,,,,,
9.495454545454547e-06,0.35050505050505054,,,,,,,,,,,
9.495454545454547e-06,0.3545454545454545,,,,,,,,,,,
9.495454545454547e-06,0.35858585858585856,,,,,,,,,,,
9.495454545454547e-06,0.36262626262626263,,,,,,,,,,,
9.495454545454547e-06,0.3666666666666667,,,,,,,,,,,
9.495454545454547e-06,0.37070707070707076,,,,,,,,,,,
9.495454545454547e-06,0.3747474747474747,,,,,,,,,,,
9.495454545454547e-06,0.3787878787878788,,,,,,,,,,,
9.495454545454547e-06,0.38282828282828285,,,,,,,,,,,
9.495454545454547e-06,0.3868686868686869,,,,,,,,,,,
9.495454545454547e-06,0.3909090909090909,,,,,,,,,,,
9.495454545454547e-06,0.39494949494949494,,,,,,,,,,,
9.495454545454547e-06,0.398989898989899,,,,,,,,,,,
9.495454545454547e-06,0.40303030303030307,,,,,,,,,,,
9.495454545454547e-06,0.407070707070707,,,,,,,,,,,
9.495454545454547e-06,0.4111111111111111,,,,,,,,,,,
9.495454545454547e-06,0.41515151515151516,,,,,,,,,,,
9.495454545454547e-06,0.4191919191919192,,,,,,,,,,,
9.495454545454547e-06,0.4232323232323232,,,,,,,,,,,
9.495454545454547e-06,0.42727272727272725,,,,,,,,,,,
9.495454545454547e-06,0.4313131313131313,,,,,,,,,,,
9.495454545454547e-06,0.4353535353535354,,,,,,,,,,,
9.495454545454547e-06,0.43939393939393945,,,,,,,,,,,
9.495454545454547e-06,0.4434343434343434,,,,,,,,,,,
9.495454545454547e-06,0.44747474747474747,,,,,,,,,,,
9.495454545454547e-06,0.45151515151515154,,,,,,,,,,,
9.495454545454547e-06,0.4555555555555556,,,,,,,,,,,
9.495454545454547e-06,0.45959595959595956,,,,,,,,,,,
9.495454545454547e-06,0.4636363636363636,,,,,,,,,,,
9.495454545454547e-06,0.4676767676767677,,,,,,,,,,,
9.495454545454547e-06,0.47171717171717176,,,,,,,,,,,
9.495454545454547e-06,0.4757575757575757,,,,,,,,,,,
9.495454545454547e-06,0.4797979797979798,,,,,,,,,,,
9.495454545454547e-06,0.48383838383838385,,,,,,,,,,,
9.495454545454547e-06,0.4878787878787879,,,,,,,,,,,
9.495454545454547e-06,0.491919191919192,,,,,,,,,,,
9.495454545454547e-06,0.49595959595959593,,,,,,,,,,,
9.495454545454547e-06,0.5,,,,,,,,,,,
9.596363636363638e-06,0.1,,,,,,,,,,,
9.596363636363638e-06,0.10404040404040404,,,,,,,,,,,
9.596363636363638e-06,0.10808080808080808,,,,,,,,,,,
9.596363636363638e-06,0.11212121212121212,,,,,,,,,,,
9.596363636363638e-06,0.11616161616161616,,,,,,,,,,,
9.596363636363638e-06,0.1202020202020202,,,,,,,,,,,
9.596363636363638e-06,0.12424242424242425,,,,,,,,,,,
9.596363636363638e-06,0.12828282828282828,,,,,,,,,,,
9.596363636363638e-06,0.13232323232323234,,,,,,,,,,,
9.596363636363638e-06,0.13636363636363635,,,,,,,,,,,
9.596363636363638e-06,0.14040404040404042,,,,,,,,,,,
9.596363636363638e-06,0.14444444444444446,,,,,,,,,,,
9.596363636363638e-06,0.1484848484848485,,,,,,,,,,,
9.596363636363638e-06,0.15252525252525254,,,,,,,,,,,
9.596363636363638e-06,0.15656565656565657,,,,,,,,,,,
9.596363636363638e-06,0.1606060606060606,,,,,,,,,,,
9.596363636363638e-06,0.16464646464646465,,,,,,,,,,,
9.596363636363638e-06,0.1686868686868687,,,,,,,,,,,
9.596363636363638e-06,0.17272727272727273,,,,,,,,,,,
9.596363636363638e-06,0.17676767676767677,,,,,,,,,,,
9.596363636363638e-06,0.1808080808080808,,,,,,,,,,,
9.596363636363638e-06,0.18484848484848487,,,,,,,,,,,
9.596363636363638e-06,0.18888888888888888,,,,,,,,,,,
9.596363636363638e-06,0.19292929292929295,,,,,,,,,,,
9.596363636363638e-06,0.19696969696969696,,,,,,,,,,,
9.596363636363638e-06,0.20101010101010103,,,,,,,,,,,
9.596363636363638e-06,0.20505050505050504,,,,,,,,,,,
9.596363636363638e-06,0.2090909090909091,,,,,,,,,,,
9.596363636363638e-06,0.21313131313131314,,,,,,,,,,,
9.596363636363638e-06,0.21717171717171718,,,,,,,,,,,
9.596363636363638e-06,0.22121212121212122,,,,,,,,,,,
9.596363636363638e-06,0.22525252525252526,,,,,,,,,,,
9.596363636363638e-06,0.2292929292929293,,,,,,,,,,,
9.596363636363638e-06,0.23333333333333334,,,,,,,,,,,
9.596363636363638e-06,0.23737373737373738,,,,,,,,,,,
9.596363636363638e-06,0.24141414141414141,,,,,,,,,,,
9.596363636363638e-06,0.24545454545454545,,,,,,,,,,,
9.596363636363638e-06,0.2494949494949495,,,,,,,,,,,
9.596363636363638e-06,0.2535353535353535,,,,,,,,,,,
9.596363636363638e-06,0.25757575757575757,,,,,,,,,,,
9.596363636363638e-06,0.26161616161616164,,,,,,,,,,,
9.596363636363638e-06,0.2656565656565657,,,,,,,,,,,
9.596363636363638e-06,0.2696969696969697,,,,,,,,,,,
9.596363636363638e-06,0.2737373737373737,,,,,,,,,,,
9.596363636363638e-06,0.2777777777777778,,,,,,,,,,,
9.596363636363638e-06,0.28181818181818186,,,,,,,,,,,
9.596363636363638e-06,0.28585858585858587,,,,,,,,,,,
9.596363636363638e-06,0.2898989898989899,,,,,,,,,,,
9.596363636363638e-06,0.29393939393939394,,,,,,,,,,,
9.596363636363638e-06,0.297979797979798,,,,,,,,,,,
9.596363636363638e-06,0.302020202020202,,,,,,,,,,,
9.596363636363638e-06,0.30606060606060603,,,,,,,,,,,
9.596363636363638e-06,0.3101010101010101,,,,,,,,,,,
9.596363636363638e-06,0.31414141414141417,,,,,,,,,,,
9.596363636363638e-06,0.3181818181818182,,,,,,,,,,,
9.596363636363638e-06,0.3222222222222222,,,,,,,,,,,
9.596363636363638e-06,0.32626262626262625,,,,,,,,,,,
9.596363636363638e-06,0.3303030303030303,,,,,,,,,,,
9.596363636363638e-06,0.3343434343434344,,,,,,,,,,,
9.596363636363638e-06,0.3383838383838384,,,,,,,,,,,
9.596363636363638e-06,0.3424242424242424,,,,,,,,,,,
9.596363636363638e-06,0.3464646464646465,,,,,,,,,,,
9.596363636363638e-06,0.35050505050505054,,,,,,,,,,,
9.596363636363638e-06,0.3545454545454545,,,,,,,,,,,
9.596363636363638e-06,0.35858585858585856,,,,,,,,,,,
9.596363636363638e-06,0.36262626262626263,,,,,,,,,,,
9.596363636363638e-06,0.3666666666666667,,,,,,,,,,,
9.596363636363638e-06,0.37070707070707076,,,,,,,,,,,
9.596363636363638e-06,0.3747474747474747,,,,,,,,,,,
9.596363636363638e-06,0.3787878787878788,,,,,,,,,,,
9.596363636363638e-06,0.38282828282828285,,,,,,,,,,,
9.596363636363638e-06,0.3868686868686869,,,,,,,,,,,
9.596363636363638e-06,0.3909090909090909,,,,,,,,,,,
9.596363636363638e-06,0.39494949494949494,,,,,,,,,,,
9.596363636363638e-06,0.398989898989899,,,,,,,,,,,
9.596363636363638e-06,0.40303030303030307,,,,,,,,,,,
9.596363636363638e-06,0.407070707070707,,,,,,,,,,,
9.596363636363638e-06,0.4111111111111111,,,,,,,,,,,
9.596363636363638e-06,0.41515151515151516,,,,,,,,,,,
9.596363636363638e-06,0.4191919191919192,,,,,,,,,,,
9.596363636363638e-06,0.4232323232323232,,,,,,,,,,,
9.596363636363638e-06,0.42727272727272725,,,,,,,,,,,
9.596363636363638e-06,0.4313131313131313,,,,,,,,,,,
9.596363636363638e-06,0.4353535353535354,,,,,,,,,,,
9.596363636363638e-06,0.43939393939393945,,,,,,,,,,,
9.596363636363638e-06,0.4434343434343434,,,,,,,,,,,
9.596363636363638e-06,0.44747474747474747,,,,,,,,,,,
9.596363636363638e-06,0.45151515151515154,,,,,,,,,,,
9.596363636363638e-06,0.4555555555555556,,,,,,,,,,,
9.596363636363638e-06,0.45959595959595956,,,,,,,,,,,
9.596363636363638e-06,0.4636363636363636,,,,,,,,,,,
9.596363636363638e-06,0.4676767676767677,,,,,,,,,,,
9.596363636363638e-06,0.47171717171717176,,,,,,,,,,,
9.596363636363638e-06,0.4757575757575757,,,,,,,,,,,
9.596363636363638e-06,0.4797979797979798,,,,,,,,,,,
9.596363636363638e-06,0.48383838383838385,,,,,,,,,,,
9.596363636363638e-06,0.4878787878787879,,,,,,,,,,,
9.596363636363638e-06,0.491919191919192,,,,,,,,,,,
9.596363636363638e-06,0.49595959595959593,,,,,,,,,,,
9.596363636363638e-06,0.5,,,,,,,,,,,
9.697272727272729e-06,0.1,,,,,,,,,,,
9.697272727272729e-06,0.10404040404040404,,,,,,,,,,,
9.697272727272729e-06,0.10808080808080808,,,,,,,,,,,
9.697272727272729e-06,0.11212121212121212,,,,,,,,,,,
9.697272727272729e-06,0.11616161616161616,,,,,,,,,,,
9.697272727272729e-06,0.1202020202020202,,,,,,,,,,,
9.697272727272729e-06,0.12424242424242425,,,,,,,,,,,
9.697272727272729e-06,0.12828282828282828,,,,,,,,,,,
9.697272727272729e-06,0.13232323232323234,,,,,,,,,,,
9.697272727272729e-06,0.13636363636363635,,,,,,,,,,,
9.697272727272729e-06,0.14040404040404042,,,,,,,,,,,
9.697272727272729e-06,0.14444444444444446,,,,,,,,,,,
9.697272727272729e-06,0.1484848484848485,,,,,,,,,,,
9.697272727272729e-06,0.15252525252525254,,,,,,,,,,,
9.697272727272729e-06,0.15656565656565657,,,,,,,,,,,
9.697272727272729e-06,0.1606060606060606,,,,,,,,,,,
9.697272727272729e-06,0.16464646464646465,,,,,,,,,,,
9.697272727272729e-06,0.1686868686868687,,,,,,,,,,,
9.697272727272729e-06,0.17272727272727273,,,,,,,,,,,
9.697272727272729e-06,0.17676767676767677,,,,,,,,,,,
9.697272727272729e-06,0.1808080808080808,,,,,,,,,,,
9.697272727272729e-06,0.18484848484848487,,,,,,,,,,,
9.697272727272729e-06,0.18888888888888888,,,,,,,,,,,
9.697272727272729e-06,0.19292929292929295,,,,,,,,,,,
9.697272727272729e-06,0.19696969696969696,,,,,,,,,,,
9.697272727272729e-06,0.20101010101010103,,,,,,,,,,,
9.697272727272729e-06,0.20505050505050504,,,,,,,,,,,
9.697272727272729e-06,0.2090909090909091,,,,,,,,,,,
9.697272727272729e-06,0.21313131313131314,,,,,,,,,,,
9.697272727272729e-06,0.21717171717171718,,,,,,,,,,,
9.697272727272729e-06,0.22121212121212122,,,,,,,,,,,
9.697272727272729e-06,0.22525252525252526,,,,,,,,,,,
9.697272727272729e-06,0.2292929292929293,,,,,,,,,,,
9.697272727272729e-06,0.23333333333333334,,,,,,,,,,,
9.697272727272729e-06,0.23737373737373738,,,,,,,,,,,
9.697272727272729e-06,0.24141414141414141,,,,,,,,,,,
9.697272727272729e-06,0.24545454545454545,,,,,,,,,,,
9.697272727272729e-06,0.2494949494949495,,,,,,,,,,,
9.697272727272729e-06,0.2535353535353535,,,,,,,,,,,
9.697272727272729e-06,0.25757575757575757,,,,,,,,,,,
9.697272727272729e-06,0.26161616161616164,,,,,,,,,,,
9.697272727272729e-06,0.2656565656565657,,,,,,,,,,,
9.697272727272729e-06,0.2696969696969697,,,,,,,,,,,
9.697272727272729e-06,0.2737373737373737,,,,,,,,,,,
9.697272727272729e-06,0.2777777777777778,,,,,,,,,,,
9.697272727272729e-06,0.28181818181818186,,,,,,,,,,,
9.697272727272729e-06,0.28585858585858587,,,,,,,,,,,
9.697272727272729e-06,0.2898989898989899,,,,,,,,,,,
9.697272727272729e-06,0.29393939393939394,,,,,,,,,,,
9.697272727272729e-06,0.297979797979798,,,,,,,,,,,
9.697272727272729e-06,0.302020202020202,,,,,,,,,,,
9.697272727272729e-06,0.30606060606060603,,,,,,,,,,,
9.697272727272729e-06,0.3101010101010101,,,,,,,,,,,
9.697272727272729e-06,0.31414141414141417,,,,,,,,,,,
9.697272727272729e-06,0.3181818181818182,,,,,,,,,,,
9.697272727272729e-06,0.3222222222222222,,,,,,,,,,,
9.697272727272729e-06,0.32626262626262625,,,,,,,,,,,
9.697272727272729e-06,0.3303030303030303,,,,,,,,,,,
9.697272727272729e-06,0.3343434343434344,,,,,,,,,,,
9.697272727272729e-06,0.3383838383838384,,,,,,,,,,,
9.697272727272729e-06,0.3424242424242424,,,,,,,,,,,
9.697272727272729e-06,0.3464646464646465,,,,,,,,,,,
9.697272727272729e-06,0.35050505050505054,,,,,,,,,,,
9.697272727272729e-06,0.3545454545454545,,,,,,,,,,,
9.697272727272729e-06,0.35858585858585856,,,,,,,,,,,
9.697272727272729e-06,0.36262626262626263,,,,,,,,,,,
9.697272727272729e-06,0.3666666666666667,,,,,,,,,,,
9.697272727272729e-06,0.37070707070707076,,,,,,,,,,,
9.697272727272729e-06,0.3747474747474747,,,,,,,,,,,
9.697272727272729e-06,0.3787878787878788,,,,,,,,,,,
9.697272727272729e-06,0.38282828282828285,,,,,,,,,,,
9.697272727272729e-06,0.3868686868686869,,,,,,,,,,,
9.697272727272729e-06,0.3909090909090909,,,,,,,,,,,
9.697272727272729e-06,0.39494949494949494,,,,,,,,,,,
9.697272727272729e-06,0.398989898989899,,,,,,,,,,,
9.697272727272729e-06,0.40303030303030307,,,,,,,,,,,
9.697272727272729e-06,0.407070707070707,,,,,,,,,,,
9.697272727272729e-06,0.4111111111111111,,,,,,,,,,,
9.697272727272729e-06,0.41515151515151516,,,,,,,,,,,
9.697272727272729e-06,0.4191919191919192,,,,,,,,,,,
9.697272727272729e-06,0.4232323232323232,,,,,,,,,,,
9.697272727272729e-06,0.42727272727272725,,,,,,,,,,,
9.697272727272729e-06,0.4313131313131313,,,,,,,,,,,
9.697272727272729e-06,0.4353535353535354,,,,,,,,,,,
9.697272727272729e-06,0.43939393939393945,,,,,,,,,,,
9.697272727272729e-06,0.4434343434343434,,,,,,,,,,,
9.697272727272729e-06,0.44747474747474747,,,,,,,,,,,
9.697272727272729e-06,0.45151515151515154,,,,,,,,,,,
9.697272727272729e-06,0.4555555555555556,,,,,,,,,,,
9.697272727272729e-06,0.45959595959595956,,,,,,,,,,,
9.697272727272729e-06,0.4636363636363636,,,,,,,,,,,
9.697272727272729e-06,0.4676767676767677,,,,,,,,,,,
9.697272727272729e-06,0.47171717171717176,,,,,,,,,,,
9.697272727272729e-06,0.4757575757575757,,,,,,,,,,,
9.697272727272729e-06,0.4797979797979798,,,,,,,,,,,
9.697272727272729e-06,0.48383838383838385,,,,,,,,,,,
9.697272727272729e-06,0.4878787878787879,,,,,,,,,,,
9.697272727272729e-06,0.491919191919192,,,,,,,,,,,
9.697272727272729e-06,0.49595959595959593,,,,,,,,,,,
9.697272727272729e-06,0.5,,,,,,,,,,,
9.79818181818182e-06,0.1,,,,,,,,,,,
9.79818181818182e-06,0.10404040404040404,,,,,,,,,,,
9.79818181818182e-06,0.10808080808080808,,,,,,,,,,,
9.79818181818182e-06,0.11212121212121212,,,,,,,,,,,
9.79818181818182e-06,0.11616161616161616,,,,,,,,,,,
9.79818181818182e-06,0.1202020202020202,,,,,,,,,,,
9.79818181818182e-06,0.12424242424242425,,,,,,,,,,,
9.79818181818182e-06,0.12828282828282828,,,,,,,,,,,
9.79818181818182e-06,0.13232323232323234,,,,,,,,,,,
9.79818181818182e-06,0.13636363636363635,,,,,,,,,,,
9.79818181818182e-06,0.14040404040404042,,,,,,,,,,,
9.79818181818182e-06,0.14444444444444446,,,,,,,,,,,
9.79818181818182e-06,0.1484848484848485,,,,,,,,,,,
9.79818181818182e-06,0.15252525252525254,,,,,,,,,,,
9.79818181818182e-06,0.15656565656565657,,,,,,,,,,,
9.79818181818182e-06,0.1606060606060606,,,,,,,,,,,
9.79818181818182e-06,0.16464646464646465,,,,,,,,,,,
9.79818181818182e-06,0.1686868686868687,,,,,,,,,,,
9.79818181818182e-06,0.17272727272727273,,,,,,,,,,,
9.79818181818182e-06,0.17676767676767677,,,,,,,,,,,
9.79818181818182e-06,0.1808080808080808,,,,,,,,,,,
9.79818181818182e-06,0.18484848484848487,,,,,,,,,,,
9.79818181818182e-06,0.18888888888888888,,,,,,,,,,,
9.79818181818182e-06,0.19292929292929295,,,,,,,,,,,
9.79818181818182e-06,0.19696969696969696,,,,,,,,,,,
9.79818181818182e-06,0.20101010101010103,,,,,,,,,,,
9.79818181818182e-06,0.20505050505050504,,,,,,,,,,,
9.79818181818182e-06,0.2090909090909091,,,,,,,,,,,
9.79818181818182e-06,0.21313131313131314,,,,,,,,,,,
9.79818181818182e-06,0.21717171717171718,,,,,,,,,,,
9.79818181818182e-06,0.22121212121212122,,,,,,,,,,,
9.79818181818182e-06,0.22525252525252526,,,,,,,,,,,
9.79818181818182e-06,0.2292929292929293,,,,,,,,,,,
9.79818181818182e-06,0.23333333333333334,,,,,,,,,,,
9.79818181818182e-06,0.23737373737373738,,,,,,,,,,,
9.79818181818182e-06,0.24141414141414141,,,,,,,,,,,
9.79818181818182e-06,0.24545454545454545,,,,,,,,,,,
9.79818181818182e-06,0.2494949494949495,,,,,,,,,,,
9.79818181818182e-06,0.2535353535353535,,,,,,,,,,,
9.79818181818182e-06,0.25757575757575757,,,,,,,,,,,
9.79818181818182e-06,0.26161616161616164,,,,,,,,,,,
9.79818181818182e-06,0.2656565656565657,,,,,,,,,,,
9.79818181818182e-06,0.2696969696969697,,,,,,,,,,,
9.79818181818182e-06,0.2737373737373737,,,,,,,,,,,
9.79818181818182e-06,0.2777777777777778,,,,,,,,,,,
9.79818181818182e-06,0.28181818181818186,,,,,,,,,,,
9.79818181818182e-06,0.28585858585858587,,,,,,,,,,,
9.79818181818182e-06,0.2898989898989899,,,,,,,,,,,
9.79818181818182e-06,0.29393939393939394,,,,,,,,,,,
9.79818181818182e-06,0.297979797979798,,,,,,,,,,,
9.79818181818182e-06,0.302020202020202,,,,,,,,,,,
9.79818181818182e-06,0.30606060606060603,,,,,,,,,,,
9.79818181818182e-06,0.3101010101010101,,,,,,,,,,,
9.79818181818182e-06,0.31414141414141417,,,,,,,,,,,
9.79818181818182e-06,0.3181818181818182,,,,,,,,,,,
9.79818181818182e-06,0.3222222222222222,,,,,,,,,,,
9.79818181818182e-06,0.32626262626262625,,,,,,,,,,,
9.79818181818182e-06,0.3303030303030303,,,,,,,,,,,
9.79818181818182e-06,0.3343434343434344,,,,,,,,,,,
9.79818181818182e-06,0.3383838383838384,,,,,,,,,,,
9.79818181818182e-06,0.3424242424242424,,,,,,,,,,,
9.79818181818182e-06,0.3464646464646465,,,,,,,,,,,
9.79818181818182e-06,0.35050505050505054,,,,,,,,,,,
9.79818181818182e-06,0.3545454545454545,,,,,,,,,,,
9.79818181818182e-06,0.35858585858585856,,,,,,,,,,,
9.79818181818182e-06,0.36262626262626263,,,,,,,,,,,
9.79818181818182e-06,0.3666666666666667,,,,,,,,,,,
9.79818181818182e-06,0.37070707070707076,,,,,,,,,,,
9.79818181818182e-06,0.3747474747474747,,,,,,,,,,,
9.79818181818182e-06,0.3787878787878788,,,,,,,,,,,
9.79818181818182e-06,0.38282828282828285,,,,,,,,,,,
9.79818181818182e-06,0.3868686868686869,,,,,,,,,,,
9.79818181818182e-06,0.3909090909090909,,,,,,,,,,,
9.79818181818182e-06,0.39494949494949494,,,,,,,,,,,
9.79818181818182e-06,0.398989898989899,,,,,,,,,,,
9.79818181818182e-06,0.40303030303030307,,,,,,,,,,,
9.79818181818182e-06,0.407070707070707,,,,,,,,,,,
9.79818181818182e-06,0.4111111111111111,,,,,,,,,,,
9.79818181818182e-06,0.41515151515151516,,,,,,,,,,,
9.79818181818182e-06,0.4191919191919192,,,,,,,,,,,
9.79818181818182e-06,0.4232323232323232,,,,,,,,,,,
9.79818181818182e-06,0.42727272727272725,,,,,,,,,,,
9.79818181818182e-06,0.4313131313131313,,,,,,,,,,,
9.79818181818182e-06,0.4353535353535354,,,,,,,,,,,
9.79818181818182e-06,0.43939393939393945,,,,,,,,,,,
9.79818181818182e-06,0.4434343434343434,,,,,,,,,,,
9.79818181818182e-06,0.44747474747474747,,,,,,,,,,,
9.79818181818182e-06,0.45151515151515154,,,,,,,,,,,
9.79818181818182e-06,0.4555555555555556,,,,,,,,,,,
9.79818181818182e-06,0.45959595959595956,,,,,,,,,,,
9.79818181818182e-06,0.4636363636363636,,,,,,,,,,,
9.79818181818182e-06,0.4676767676767677,,,,,,,,,,,
9.79818181818182e-06,0.47171717171717176,,,,,,,,,,,
9.79818181818182e-06,0.4757575757575757,,,,,,,,,,,
9.79818181818182e-06,0.4797979797979798,,,,,,,,,,,
9.79818181818182e-06,0.48383838383838385,,,,,,,,,,,
9.79818181818182e-06,0.4878787878787879,,,,,,,,,,,
9.79818181818182e-06,0.491919191919192,,,,,,,,,,,
9.79818181818182e-06,0.49595959595959593,,,,,,,,,,,
9.79818181818182e-06,0.5,,,,,,,,,,,
9.89909090909091e-06,0.1,,,,,,,,,,,
9.89909090909091e-06,0.10404040404040404,,,,,,,,,,,
9.89909090909091e-06,0.10808080808080808,,,,,,,,,,,
9.89909090909091e-06,0.11212121212121212,,,,,,,,,,,
9.89909090909091e-06,0.11616161616161616,,,,,,,,,,,
9.89909090909091e-06,0.1202020202020202,,,,,,,,,,,
9.89909090909091e-06,0.12424242424242425,,,,,,,,,,,
9.89909090909091e-06,0.12828282828282828,,,,,,,,,,,
9.89909090909091e-06,0.13232323232323234,,,,,,,,,,,
9.89909090909091e-06,0.13636363636363635,,,,,,,,,,,
9.89909090909091e-06,0.14040404040404042,,,,,,,,,,,
9.89909090909091e-06,0.14444444444444446,,,,,,,,,,,
9.89909090909091e-06,0.1484848484848485,,,,,,,,,,,
9.89909090909091e-06,0.15252525252525254,,,,,,,,,,,
9.89909090909091e-06,0.15656565656565657,,,,,,,,,,,
9.89909090909091e-06,0.1606060606060606,,,,,,,,,,,
9.89909090909091e-06,0.16464646464646465,,,,,,,,,,,
9.89909090909091e-06,0.1686868686868687,,,,,,,,,,,
9.89909090909091e-06,0.17272727272727273,,,,,,,,,,,
9.89909090909091e-06,0.17676767676767677,,,,,,,,,,,
9.89909090909091e-06,0.1808080808080808,,,,,,,,,,,
9.89909090909091e-06,0.18484848484848487,,,,,,,,,,,
9.89909090909091e-06,0.18888888888888888,,,,,,,,,,,
9.89909090909091e-06,0.19292929292929295,,,,,,,,,,,
9.89909090909091e-06,0.19696969696969696,,,,,,,,,,,
9.89909090909091e-06,0.20101010101010103,,,,,,,,,,,
9.89909090909091e-06,0.20505050505050504,,,,,,,,,,,
9.89909090909091e-06,0.2090909090909091,,,,,,,,,,,
9.89909090909091e-06,0.21313131313131314,,,,,,,,,,,
9.89909090909091e-06,0.21717171717171718,,,,,,,,,,,
9.89909090909091e-06,0.22121212121212122,,,,,,,,,,,
9.89909090909091e-06,0.22525252525252526,,,,,,,,,,,
9.89909090909091e-06,0.2292929292929293,,,,,,,,,,,
9.89909090909091e-06,0.23333333333333334,,,,,,,,,,,
9.89909090909091e-06,0.23737373737373738,,,,,,,,,,,
9.89909090909091e-06,0.24141414141414141,,,,,,,,,,,
9.89909090909091e-06,0.24545454545454545,,,,,,,,,,,
9.89909090909091e-06,0.2494949494949495,,,,,,,,,,,
9.89909090909091e-06,0.2535353535353535,,,,,,,,,,,
9.89909090909091e-06,0.25757575757575757,,,,,,,,,,,
9.89909090909091e-06,0.26161616161616164,,,,,,,,,,,
9.89909090909091e-06,0.2656565656565657,,,,,,,,,,,
9.89909090909091e-06,0.2696969696969697,,,,,,,,,,,
9.89909090909091e-06,0.2737373737373737,,,,,,,,,,,
9.89909090909091e-06,0.2777777777777778,,,,,,,,,,,
9.89909090909091e-06,0.28181818181818186,,,,,,,,,,,
9.89909090909091e-06,0.28585858585858587,,,,,,,,,,,
9.89909090909091e-06,0.2898989898989899,,,,,,,,,,,
9.89909090909091e-06,0.29393939393939394,,,,,,,,,,,
9.89909090909091e-06,0.297979797979798,,,,,,,,,,,
9.89909090909091e-06,0.302020202020202,,,,,,,,,,,
9.89909090909091e-06,0.30606060606060603,,,,,,,,,,,
9.89909090909091e-06,0.3101010101010101,,,,,,,,,,,
9.89909090909091e-06,0.31414141414141417,,,,,,,,,,,
9.89909090909091e-06,0.3181818181818182,,,,,,,,,,,
9.89909090909091e-06,0.3222222222222222,,,,,,,,,,,
9.89909090909091e-06,0.32626262626262625,,,,,,,,,,,
9.89909090909091e-06,0.3303030303030303,,,,,,,,,,,
9.89909090909091e-06,0.3343434343434344,,,,,,,,,,,
9.89909090909091e-06,0.3383838383838384,,,,,,,,,,,
9.89909090909091e-06,0.3424242424242424,,,,,,,,,,,
9.89909090909091e-06,0.3464646464646465,,,,,,,,,,,
9.89909090909091e-06,0.35050505050505054,,,,,,,,,,,
9.89909090909091e-06,0.3545454545454545,,,,,,,,,,,
9.89909090909091e-06,0.35858585858585856,,,,,,,,,,,
9.89909090909091e-06,0.36262626262626263,,,,,,,,,,,
9.89909090909091e-06,0.3666666666666667,,,,,,,,,,,
9.89909090909091e-06,0.37070707070707076,,,,,,,,,,,
9.89909090909091e-06,0.3747474747474747,,,,,,,,,,,
9.89909090909091e-06,0.3787878787878788,,,,,,,,,,,
9.89909090909091e-06,0.38282828282828285,,,,,,,,,,,
9.89909090909091e-06,0.3868686868686869,,,,,,,,,,,
9.89909090909091e-06,0.3909090909090909,,,,,,,,,,,
9.89909090909091e-06,0.39494949494949494,,,,,,,,,,,
9.89909090909091e-06,0.398989898989899,,,,,,,,,,,
9.89909090909091e-06,0.40303030303030307,,,,,,,,,,,
9.89909090909091e-06,0.407070707070707,,,,,,,,,,,
9.89909090909091e-06,0.4111111111111111,,,,,,,,,,,
9.89909090909091e-06,0.41515151515151516,,,,,,,,,,,
9.89909090909091e-06,0.4191919191919192,,,,,,,,,,,
9.89909090909091e-06,0.4232323232323232,,,,,,,,,,,
9.89909090909091e-06,0.42727272727272725,,,,,,,,,,,
9.89909090909091e-06,0.4313131313131313,,,,,,,,,,,
9.89909090909091e-06,0.4353535353535354,,,,,,,,,,,
9.89909090909091e-06,0.43939393939393945,,,,,,,,,,,
9.89909090909091e-06,0.4434343434343434,,,,,,,,,,,
9.89909090909091e-06,0.44747474747474747,,,,,,,,,,,
9.89909090909091e-06,0.45151515151515154,,,,,,,,,,,
9.89909090909091e-06,0.4555555555555556,,,,,,,,,,,
9.89909090909091e-06,0.45959595959595956,,,,,,,,,,,
9.89909090909091e-06,0.4636363636363636,,,,,,,,,,,
9.89909090909091e-06,0.4676767676767677,,,,,,,,,,,
9.89909090909091e-06,0.47171717171717176,,,,,,,,,,,
9.89909090909091e-06,0.4757575757575757,,,,,,,,,,,
9.89909090909091e-06,0.4797979797979798,,,,,,,,,,,
9.89909090909091e-06,0.48383838383838385,,,,,,,,,,,
9.89909090909091e-06,0.4878787878787879,,,,,,,,,,,
9.89909090909091e-06,0.491919191919192,,,,,,,,,,,
9.89909090909091e-06,0.49595959595959593,,,,,,,,,,,
9.89909090909091e-06,0.5,,,,,,,,,,,
1e-05,0.1,,,,,,,,,,,
1e-05,0.10404040404040404,,,,,,,,,,,
1e-05,0.10808080808080808,,,,,,,,,,,
1e-05,0.11212121212121212,,,,,,,,,,,
1e-05,0.11616161616161616,,,,,,,,,,,
1e-05,0.1202020202020202,,,,,,,,,,,
1e-05,0.12424242424242425,,,,,,,,,,,
1e-05,0.12828282828282828,,,,,,,,,,,
1e-05,0.13232323232323234,,,,,,,,,,,
1e-05,0.13636363636363635,,,,,,,,,,,
1e-05,0.14040404040404042,,,,,,,,,,,
1e-05,0.14444444444444446,,,,,,,,,,,
1e-05,0.1484848484848485,,,,,,,,,,,
1e-05,0.15252525252525254,,,,,,,,,,,
1e-05,0.15656565656565657,,,,,,,,,,,
1e-05,0.1606060606060606,,,,,,,,,,,
1e-05,0.16464646464646465,,,,,,,,,,,
1e-05,0.1686868686868687,,,,,,,,,,,
1e-05,0.17272727272727273,,,,,,,,,,,
1e-05,0.17676767676767677,,,,,,,,,,,
1e-05,0.1808080808080808,,,,,,,,,,,
1e-05,0.18484848484848487,,,,,,,,,,,
1e-05,0.18888888888888888,,,,,,,,,,,
1e-05,0.19292929292929295,,,,,,,,,,,
1e-05,0.19696969696969696,,,,,,,,,,,
1e-05,0.20101010101010103,,,,,,,,,,,
1e-05,0.20505050505050504,,,,,,,,,,,
1e-05,0.2090909090909091,,,,,,,,,,,
1e-05,0.21313131313131314,,,,,,,,,,,
1e-05,0.21717171717171718,,,,,,,,,,,
1e-05,0.22121212121212122,,,,,,,,,,,
1e-05,0.22525252525252526,,,,,,,,,,,
1e-05,0.2292929292929293,,,,,,,,,,,
1e-05,0.23333333333333334,,,,,,,,,,,
1e-05,0.23737373737373738,,,,,,,,,,,
1e-05,0.24141414141414141,,,,,,,,,,,
1e-05,0.24545454545454545,,,,,,,,,,,
1e-05,0.2494949494949495,,,,,,,,,,,
1e-05,0.2535353535353535,,,,,,,,,,,
1e-05,0.25757575757575757,,,,,,,,,,,
1e-05,0.26161616161616164,,,,,,,,,,,
1e-05,0.2656565656565657,,,,,,,,,,,
1e-05,0.2696969696969697,,,,,,,,,,,
1e-05,0.2737373737373737,,,,,,,,,,,
1e-05,0.2777777777777778,,,,,,,,,,,
1e-05,0.28181818181818186,,,,,,,,,,,
1e-05,0.28585858585858587,,,,,,,,,,,
1e-05,0.2898989898989899,,,,,,,,,,,
1e-05,0.29393939393939394,,,,,,,,,,,
1e-05,0.297979797979798,,,,,,,,,,,
1e-05,0.302020202020202,,,,,,,,,,,
1e-05,0.30606060606060603,,,,,,,,,,,
1e-05,0.3101010101010101,,,,,,,,,,,
1e-05,0.31414141414141417,,,,,,,,,,,
1e-05,0.3181818181818182,,,,,,,,,,,
1e-05,0.3222222222222222,,,,,,,,,,,
1e-05,0.32626262626262625,,,,,,,,,,,
1e-05,0.3303030303030303,,,,,,,,,,,
1e-05,0.3343434343434344,,,,,,,,,,,
1e-05,0.3383838383838384,,,,,,,,,,,
1e-05,0.3424242424242424,,,,,,,,,,,
1e-05,0.3464646464646465,,,,,,,,,,,
1e-05,0.35050505050505054,,,,,,,,,,,
1e-05,0.3545454545454545,,,,,,,,,,,
1e-05,0.35858585858585856,,,,,,,,,,,
1e-05,0.36262626262626263,,,,,,,,,,,
1e-05,0.3666666666666667,,,,,,,,,,,
1e-05,0.37070707070707076,,,,,,,,,,,
1e-05,0.3747474747474747,,,,,,,,,,,
1e-05,0.3787878787878788,,,,,,,,,,,
1e-05,0.38282828282828285,,,,,,,,,,,
1e-05,0.3868686868686869,,,,,,,,,,,
1e-05,0.3909090909090909,,,,,,,,,,,
1e-05,0.39494949494949494,,,,,,,,,,,
1e-05,0.398989898989899,,,,,,,,,,,
1e-05,0.40303030303030307,,,,,,,,,,,
1e-05,0.407070707070707,,,,,,,,,,,
1e-05,0.4111111111111111,,,,,,,,,,,
1e-05,0.41515151515151516,,,,,,,,,,,
1e-05,0.4191919191919192,,,,,,,,,,,
1e-05,0.4232323232323232,,,,,,,,,,,
1e-05,0.42727272727272725,,,,,,,,,,,
1e-05,0.4313131313131313,,,,,,,,,,,
1e-05,0.4353535353535354,,,,,,,,,,,
1e-05,0.43939393939393945,,,,,,,,,,,
1e-05,0.4434343434343434,,,,,,,,,,,
1e-05,0.44747474747474747,,,,,,,,,,,
1e-05,0.45151515151515154,,,,,,,,,,,
1e-05,0.4555555555555556,,,,,,,,,,,
1e-05,0.45959595959595956,,,,,,,,,,,
1e-05,0.4636363636363636,,,,,,,,,,,
1e-05,0.4676767676767677,,,,,,,,,,,
1e-05,0.47171717171717176,,,,,,,,,,,
1e-05,0.4757575757575757,,,,,,,,,,,
1e-05,0.4797979797979798,,,,,,,,,,,
1e-05,0.48383838383838385,,,,,,,,,,,
1e-05,0.4878787878787879,,,,,,,,,,,
1e-05,0.491919191919192,,,,,,,,,,,
1e-05,0.49595959595959593,,,,,,,,,,,
1e-05,0.5,,,,,,,,,,,
