DSH_target,DSC_target,f_comp
1.0,1.0,25.0
1.0,1.0,65.625
1.0,1.0,106.25
1.0,1.0,146.875
1.0,1.0,187.5
1.0,1.0,228.125
1.0,1.0,268.75
1.0,1.0,309.375
1.0,1.0,350.0
1.0,1.0,390.625
1.0,1.0,431.25
1.0,1.0,471.875
1.0,1.0,512.5
1.0,1.0,553.125
1.0,1.0,593.75
1.0,1.0,634.375
1.0,1.0,675.0
1.0,1.0,715.625
1.0,1.0,756.25
1.0,1.0,796.875
1.0,1.0,837.5
1.0,1.0,878.125
1.0,1.0,918.75
1.0,1.0,959.375
1.0,1.0,1000.0
1.0,1.4736842105263157,25.0
1.0,1.4736842105263157,65.625
1.0,1.4736842105263157,106.25
1.0,1.4736842105263157,146.875
1.0,1.4736842105263157,187.5
1.0,1.4736842105263157,228.125
1.0,1.4736842105263157,268.75
1.0,1.4736842105263157,309.375
1.0,1.4736842105263157,350.0
1.0,1.4736842105263157,390.625
1.0,1.4736842105263157,431.25
1.0,1.4736842105263157,471.875
1.0,1.4736842105263157,512.5
1.0,1.4736842105263157,553.125
1.0,1.4736842105263157,593.75
1.0,1.4736842105263157,634.375
1.0,1.4736842105263157,675.0
1.0,1.4736842105263157,715.625
1.0,1.4736842105263157,756.25
1.0,1.4736842105263157,796.875
1.0,1.4736842105263157,837.5
1.0,1.4736842105263157,878.125
1.0,1.4736842105263157,918.75
1.0,1.4736842105263157,959.375
1.0,1.4736842105263157,1000.0
1.0,1.9473684210526314,25.0
1.0,1.9473684210526314,65.625
1.0,1.9473684210526314,106.25
1.0,1.9473684210526314,146.875
1.0,1.9473684210526314,187.5
1.0,1.9473684210526314,228.125
1.0,1.9473684210526314,268.75
1.0,1.9473684210526314,309.375
1.0,1.9473684210526314,350.0
1.0,1.9473684210526314,390.625
1.0,1.9473684210526314,431.25
1.0,1.9473684210526314,471.875
1.0,1.9473684210526314,512.5
1.0,1.9473684210526314,553.125
1.0,1.9473684210526314,593.75
1.0,1.9473684210526314,634.375
1.0,1.9473684210526314,675.0
1.0,1.9473684210526314,715.625
1.0,1.9473684210526314,756.25
1.0,1.9473684210526314,796.875
1.0,1.9473684210526314,837.5
1.0,1.9473684210526314,878.125
1.0,1.9473684210526314,918.75
1.0,1.9473684210526314,959.375
1.0,1.9473684210526314,1000.0
1.0,2.4210526315789473,25.0
1.0,2.4210526315789473,65.625
1.0,2.4210526315789473,106.25
1.0,2.4210526315789473,146.875
1.0,2.4210526315789473,187.5
1.0,2.4210526315789473,228.125
1.0,2.4210526315789473,268.75
1.0,2.4210526315789473,309.375
1.0,2.4210526315789473,350.0
1.0,2.4210526315789473,390.625
1.0,2.4210526315789473,431.25
1.0,2.4210526315789473,471.875
1.0,2.4210526315789473,512.5
1.0,2.4210526315789473,553.125
1.0,2.4210526315789473,593.75
1.0,2.4210526315789473,634.375
1.0,2.4210526315789473,675.0
1.0,2.4210526315789473,715.625
1.0,2.4210526315789473,756.25
1.0,2.4210526315789473,796.875
1.0,2.4210526315789473,837.5
1.0,2.4210526315789473,878.125
1.0,2.4210526315789473,918.75
1.0,2.4210526315789473,959.375
1.0,2.4210526315789473,1000.0
1.0,2.894736842105263,25.0
1.0,2.894736842105263,65.625
1.0,2.894736842105263,106.25
1.0,2.894736842105263,146.875
1.0,2.894736842105263,187.5
1.0,2.894736842105263,228.125
1.0,2.894736842105263,268.75
1.0,2.894736842105263,309.375
1.0,2.894736842105263,350.0
1.0,2.894736842105263,390.625
1.0,2.894736842105263,431.25
1.0,2.894736842105263,471.875
1.0,2.894736842105263,512.5
1.0,2.894736842105263,553.125
1.0,2.894736842105263,593.75
1.0,2.894736842105263,634.375
1.0,2.894736842105263,675.0
1.0,2.894736842105263,715.625
1.0,2.894736842105263,756.25
1.0,2.894736842105263,796.875
1.0,2.894736842105263,837.5
1.0,2.894736842105263,878.125
1.0,2.894736842105263,918.75
1.0,2.894736842105263,959.375
1.0,2.894736842105263,1000.0
1.0,3.3684210526315788,25.0
1.0,3.3684210526315788,65.625
1.0,3.3684210526315788,106.25
1.0,3.3684210526315788,146.875
1.0,3.3684210526315788,187.5
1.0,3.3684210526315788,228.125
1.0,3.3684210526315788,268.75
1.0,3.3684210526315788,309.375
1.0,3.3684210526315788,350.0
1.0,3.3684210526315788,390.625
1.0,3.3684210526315788,431.25
1.0,3.3684210526315788,471.875
1.0,3.3684210526315788,512.5
1.0,3.3684210526315788,553.125
1.0,3.3684210526315788,593.75
1.0,3.3684210526315788,634.375
1.0,3.3684210526315788,675.0
1.0,3.3684210526315788,715.625
1.0,3.3684210526315788,756.25
1.0,3.3684210526315788,796.875
1.0,3.3684210526315788,837.5
1.0,3.3684210526315788,878.125
1.0,3.3684210526315788,918.75
1.0,3.3684210526315788,959.375
1.0,3.3684210526315788,1000.0
1.0,3.8421052631578947,25.0
1.0,3.8421052631578947,65.625
1.0,3.8421052631578947,106.25
1.0,3.8421052631578947,146.875
1.0,3.8421052631578947,187.5
1.0,3.8421052631578947,228.125
1.0,3.8421052631578947,268.75
1.0,3.8421052631578947,309.375
1.0,3.8421052631578947,350.0
1.0,3.8421052631578947,390.625
1.0,3.8421052631578947,431.25
1.0,3.8421052631578947,471.875
1.0,3.8421052631578947,512.5
1.0,3.8421052631578947,553.125
1.0,3.8421052631578947,593.75
1.0,3.8421052631578947,634.375
1.0,3.8421052631578947,675.0
1.0,3.8421052631578947,715.625
1.0,3.8421052631578947,756.25
1.0,3.8421052631578947,796.875
1.0,3.8421052631578947,837.5
1.0,3.8421052631578947,878.125
1.0,3.8421052631578947,918.75
1.0,3.8421052631578947,959.375
1.0,3.8421052631578947,1000.0
1.0,4.315789473684211,25.0
1.0,4.315789473684211,65.625
1.0,4.315789473684211,106.25
1.0,4.315789473684211,146.875
1.0,4.315789473684211,187.5
1.0,4.315789473684211,228.125
1.0,4.315789473684211,268.75
1.0,4.315789473684211,309.375
1.0,4.315789473684211,350.0
1.0,4.315789473684211,390.625
1.0,4.315789473684211,431.25
1.0,4.315789473684211,471.875
1.0,4.315789473684211,512.5
1.0,4.315789473684211,553.125
1.0,4.315789473684211,593.75
1.0,4.315789473684211,634.375
1.0,4.315789473684211,675.0
1.0,4.315789473684211,715.625
1.0,4.315789473684211,756.25
1.0,4.315789473684211,796.875
1.0,4.315789473684211,837.5
1.0,4.315789473684211,878.125
1.0,4.315789473684211,918.75
1.0,4.315789473684211,959.375
1.0,4.315789473684211,1000.0
1.0,4.789473684210526,25.0
1.0,4.789473684210526,65.625
1.0,4.789473684210526,106.25
1.0,4.789473684210526,146.875
1.0,4.789473684210526,187.5
1.0,4.789473684210526,228.125
1.0,4.789473684210526,268.75
1.0,4.789473684210526,309.375
1.0,4.789473684210526,350.0
1.0,4.789473684210526,390.625
1.0,4.789473684210526,431.25
1.0,4.789473684210526,471.875
1.0,4.789473684210526,512.5
1.0,4.789473684210526,553.125
1.0,4.789473684210526,593.75
1.0,4.789473684210526,634.375
1.0,4.789473684210526,675.0
1.0,4.789473684210526,715.625
1.0,4.789473684210526,756.25
1.0,4.789473684210526,796.875
1.0,4.789473684210526,837.5
1.0,4.789473684210526,878.125
1.0,4.789473684210526,918.75
1.0,4.789473684210526,959.375
1.0,4.789473684210526,1000.0
1.0,5.263157894736842,25.0
1.0,5.263157894736842,65.625
1.0,5.263157894736842,106.25
1.0,5.263157894736842,146.875
1.0,5.263157894736842,187.5
1.0,5.263157894736842,228.125
1.0,5.263157894736842,268.75
1.0,5.263157894736842,309.375
1.0,5.263157894736842,350.0
1.0,5.263157894736842,390.625
1.0,5.263157894736842,431.25
1.0,5.263157894736842,471.875
1.0,5.263157894736842,512.5
1.0,5.263157894736842,553.125
1.0,5.263157894736842,593.75
1.0,5.263157894736842,634.375
1.0,5.263157894736842,675.0
1.0,5.263157894736842,715.625
1.0,5.263157894736842,756.25
1.0,5.263157894736842,796.875
1.0,5.263157894736842,837.5
1.0,5.263157894736842,878.125
1.0,5.263157894736842,918.75
1.0,5.263157894736842,959.375
1.0,5.263157894736842,1000.0
1.0,5.7368421052631575,25.0
1.0,5.7368421052631575,65.625
1.0,5.7368421052631575,106.25
1.0,5.7368421052631575,146.875
1.0,5.7368421052631575,187.5
1.0,5.7368421052631575,228.125
1.0,5.7368421052631575,268.75
1.0,5.7368421052631575,309.375
1.0,5.7368421052631575,350.0
1.0,5.7368421052631575,390.625
1.0,5.7368421052631575,431.25
1.0,5.7368421052631575,471.875
1.0,5.7368421052631575,512.5
1.0,5.7368421052631575,553.125
1.0,5.7368421052631575,593.75
1.0,5.7368421052631575,634.375
1.0,5.7368421052631575,675.0
1.0,5.7368421052631575,715.625
1.0,5.7368421052631575,756.25
1.0,5.7368421052631575,796.875
1.0,5.7368421052631575,837.5
1.0,5.7368421052631575,878.125
1.0,5.7368421052631575,918.75
1.0,5.7368421052631575,959.375
1.0,5.7368421052631575,1000.0
1.0,6.2105263157894735,25.0
1.0,6.2105263157894735,65.625
1.0,6.2105263157894735,106.25
1.0,6.2105263157894735,146.875
1.0,6.2105263157894735,187.5
1.0,6.2105263157894735,228.125
1.0,6.2105263157894735,268.75
1.0,6.2105263157894735,309.375
1.0,6.2105263157894735,350.0
1.0,6.2105263157894735,390.625
1.0,6.2105263157894735,431.25
1.0,6.2105263157894735,471.875
1.0,6.2105263157894735,512.5
1.0,6.2105263157894735,553.125
1.0,6.2105263157894735,593.75
1.0,6.2105263157894735,634.375
1.0,6.2105263157894735,675.0
1.0,6.2105263157894735,715.625
1.0,6.2105263157894735,756.25
1.0,6.2105263157894735,796.875
1.0,6.2105263157894735,837.5
1.0,6.2105263157894735,878.125
1.0,6.2105263157894735,918.75
1.0,6.2105263157894735,959.375
1.0,6.2105263157894735,1000.0
1.0,6.684210526315789,25.0
1.0,6.684210526315789,65.625
1.0,6.684210526315789,106.25
1.0,6.684210526315789,146.875
1.0,6.684210526315789,187.5
1.0,6.684210526315789,228.125
1.0,6.684210526315789,268.75
1.0,6.684210526315789,309.375
1.0,6.684210526315789,350.0
1.0,6.684210526315789,390.625
1.0,6.684210526315789,431.25
1.0,6.684210526315789,471.875
1.0,6.684210526315789,512.5
1.0,6.684210526315789,553.125
1.0,6.684210526315789,593.75
1.0,6.684210526315789,634.375
1.0,6.684210526315789,675.0
1.0,6.684210526315789,715.625
1.0,6.684210526315789,756.25
1.0,6.684210526315789,796.875
1.0,6.684210526315789,837.5
1.0,6.684210526315789,878.125
1.0,6.684210526315789,918.75
1.0,6.684210526315789,959.375
1.0,6.684210526315789,1000.0
1.0,7.157894736842105,25.0
1.0,7.157894736842105,65.625
1.0,7.157894736842105,106.25
1.0,7.157894736842105,146.875
1.0,7.157894736842105,187.5
1.0,7.157894736842105,228.125
1.0,7.157894736842105,268.75
1.0,7.157894736842105,309.375
1.0,7.157894736842105,350.0
1.0,7.157894736842105,390.625
1.0,7.157894736842105,431.25
1.0,7.157894736842105,471.875
1.0,7.157894736842105,512.5
1.0,7.157894736842105,553.125
1.0,7.157894736842105,593.75
1.0,7.157894736842105,634.375
1.0,7.157894736842105,675.0
1.0,7.157894736842105,715.625
1.0,7.157894736842105,756.25
1.0,7.157894736842105,796.875
1.0,7.157894736842105,837.5
1.0,7.157894736842105,878.125
1.0,7.157894736842105,918.75
1.0,7.157894736842105,959.375
1.0,7.157894736842105,1000.0
1.0,7.63157894736842,25.0
1.0,7.63157894736842,65.625
1.0,7.63157894736842,106.25
1.0,7.63157894736842,146.875
1.0,7.63157894736842,187.5
1.0,7.63157894736842,228.125
1.0,7.63157894736842,268.75
1.0,7.63157894736842,309.375
1.0,7.63157894736842,350.0
1.0,7.63157894736842,390.625
1.0,7.63157894736842,431.25
1.0,7.63157894736842,471.875
1.0,7.63157894736842,512.5
1.0,7.63157894736842,553.125
1.0,7.63157894736842,593.75
1.0,7.63157894736842,634.375
1.0,7.63157894736842,675.0
1.0,7.63157894736842,715.625
1.0,7.63157894736842,756.25
1.0,7.63157894736842,796.875
1.0,7.63157894736842,837.5
1.0,7.63157894736842,878.125
1.0,7.63157894736842,918.75
1.0,7.63157894736842,959.375
1.0,7.63157894736842,1000.0
1.0,8.105263157894736,25.0
1.0,8.105263157894736,65.625
1.0,8.105263157894736,106.25
1.0,8.105263157894736,146.875
1.0,8.105263157894736,187.5
1.0,8.105263157894736,228.125
1.0,8.105263157894736,268.75
1.0,8.105263157894736,309.375
1.0,8.105263157894736,350.0
1.0,8.105263157894736,390.625
1.0,8.105263157894736,431.25
1.0,8.105263157894736,471.875
1.0,8.105263157894736,512.5
1.0,8.105263157894736,553.125
1.0,8.105263157894736,593.75
1.0,8.105263157894736,634.375
1.0,8.105263157894736,675.0
1.0,8.105263157894736,715.625
1.0,8.105263157894736,756.25
1.0,8.105263157894736,796.875
1.0,8.105263157894736,837.5
1.0,8.105263157894736,878.125
1.0,8.105263157894736,918.75
1.0,8.105263157894736,959.375
1.0,8.105263157894736,1000.0
1.0,8.578947368421051,25.0
1.0,8.578947368421051,65.625
1.0,8.578947368421051,106.25
1.0,8.578947368421051,146.875
1.0,8.578947368421051,187.5
1.0,8.578947368421051,228.125
1.0,8.578947368421051,268.75
1.0,8.578947368421051,309.375
1.0,8.578947368421051,350.0
1.0,8.578947368421051,390.625
1.0,8.578947368421051,431.25
1.0,8.578947368421051,471.875
1.0,8.578947368421051,512.5
1.0,8.578947368421051,553.125
1.0,8.578947368421051,593.75
1.0,8.578947368421051,634.375
1.0,8.578947368421051,675.0
1.0,8.578947368421051,715.625
1.0,8.578947368421051,756.25
1.0,8.578947368421051,796.875
1.0,8.578947368421051,837.5
1.0,8.578947368421051,878.125
1.0,8.578947368421051,918.75
1.0,8.578947368421051,959.375
1.0,8.578947368421051,1000.0
1.0,9.052631578947368,25.0
1.0,9.052631578947368,65.625
1.0,9.052631578947368,106.25
1.0,9.052631578947368,146.875
1.0,9.052631578947368,187.5
1.0,9.052631578947368,228.125
1.0,9.052631578947368,268.75
1.0,9.052631578947368,309.375
1.0,9.052631578947368,350.0
1.0,9.052631578947368,390.625
1.0,9.052631578947368,431.25
1.0,9.052631578947368,471.875
1.0,9.052631578947368,512.5
1.0,9.052631578947368,553.125
1.0,9.052631578947368,593.75
1.0,9.052631578947368,634.375
1.0,9.052631578947368,675.0
1.0,9.052631578947368,715.625
1.0,9.052631578947368,756.25
1.0,9.052631578947368,796.875
1.0,9.052631578947368,837.5
1.0,9.052631578947368,878.125
1.0,9.052631578947368,918.75
1.0,9.052631578947368,959.375
1.0,9.052631578947368,1000.0
1.0,9.526315789473683,25.0
1.0,9.526315789473683,65.625
1.0,9.526315789473683,106.25
1.0,9.526315789473683,146.875
1.0,9.526315789473683,187.5
1.0,9.526315789473683,228.125
1.0,9.526315789473683,268.75
1.0,9.526315789473683,309.375
1.0,9.526315789473683,350.0
1.0,9.526315789473683,390.625
1.0,9.526315789473683,431.25
1.0,9.526315789473683,471.875
1.0,9.526315789473683,512.5
1.0,9.526315789473683,553.125
1.0,9.526315789473683,593.75
1.0,9.526315789473683,634.375
1.0,9.526315789473683,675.0
1.0,9.526315789473683,715.625
1.0,9.526315789473683,756.25
1.0,9.526315789473683,796.875
1.0,9.526315789473683,837.5
1.0,9.526315789473683,878.125
1.0,9.526315789473683,918.75
1.0,9.526315789473683,959.375
1.0,9.526315789473683,1000.0
1.0,10.0,25.0
1.0,10.0,65.625
1.0,10.0,106.25
1.0,10.0,146.875
1.0,10.0,187.5
1.0,10.0,228.125
1.0,10.0,268.75
1.0,10.0,309.375
1.0,10.0,350.0
1.0,10.0,390.625
1.0,10.0,431.25
1.0,10.0,471.875
1.0,10.0,512.5
1.0,10.0,553.125
1.0,10.0,593.75
1.0,10.0,634.375
1.0,10.0,675.0
1.0,10.0,715.625
1.0,10.0,756.25
1.0,10.0,796.875
1.0,10.0,837.5
1.0,10.0,878.125
1.0,10.0,918.75
1.0,10.0,959.375
1.0,10.0,1000.0
1.4736842105263157,1.0,25.0
1.4736842105263157,1.0,65.625
1.4736842105263157,1.0,106.25
1.4736842105263157,1.0,146.875
1.4736842105263157,1.0,187.5
1.4736842105263157,1.0,228.125
1.4736842105263157,1.0,268.75
1.4736842105263157,1.0,309.375
1.4736842105263157,1.0,350.0
1.4736842105263157,1.0,390.625
1.4736842105263157,1.0,431.25
1.4736842105263157,1.0,471.875
1.4736842105263157,1.0,512.5
1.4736842105263157,1.0,553.125
1.4736842105263157,1.0,593.75
1.4736842105263157,1.0,634.375
1.4736842105263157,1.0,675.0
1.4736842105263157,1.0,715.625
1.4736842105263157,1.0,756.25
1.4736842105263157,1.0,796.875
1.4736842105263157,1.0,837.5
1.4736842105263157,1.0,878.125
1.4736842105263157,1.0,918.75
1.4736842105263157,1.0,959.375
1.4736842105263157,1.0,1000.0
1.4736842105263157,1.4736842105263157,25.0
1.4736842105263157,1.4736842105263157,65.625
1.4736842105263157,1.4736842105263157,106.25
1.4736842105263157,1.4736842105263157,146.875
1.4736842105263157,1.4736842105263157,187.5
1.4736842105263157,1.4736842105263157,228.125
1.4736842105263157,1.4736842105263157,268.75
1.4736842105263157,1.4736842105263157,309.375
1.4736842105263157,1.4736842105263157,350.0
1.4736842105263157,1.4736842105263157,390.625
1.4736842105263157,1.4736842105263157,431.25
1.4736842105263157,1.4736842105263157,471.875
1.4736842105263157,1.4736842105263157,512.5
1.4736842105263157,1.4736842105263157,553.125
1.4736842105263157,1.4736842105263157,593.75
1.4736842105263157,1.4736842105263157,634.375
1.4736842105263157,1.4736842105263157,675.0
1.4736842105263157,1.4736842105263157,715.625
1.4736842105263157,1.4736842105263157,756.25
1.4736842105263157,1.4736842105263157,796.875
1.4736842105263157,1.4736842105263157,837.5
1.4736842105263157,1.4736842105263157,878.125
1.4736842105263157,1.4736842105263157,918.75
1.4736842105263157,1.4736842105263157,959.375
1.4736842105263157,1.4736842105263157,1000.0
1.4736842105263157,1.9473684210526314,25.0
1.4736842105263157,1.9473684210526314,65.625
1.4736842105263157,1.9473684210526314,106.25
1.4736842105263157,1.9473684210526314,146.875
1.4736842105263157,1.9473684210526314,187.5
1.4736842105263157,1.9473684210526314,228.125
1.4736842105263157,1.9473684210526314,268.75
1.4736842105263157,1.9473684210526314,309.375
1.4736842105263157,1.9473684210526314,350.0
1.4736842105263157,1.9473684210526314,390.625
1.4736842105263157,1.9473684210526314,431.25
1.4736842105263157,1.9473684210526314,471.875
1.4736842105263157,1.9473684210526314,512.5
1.4736842105263157,1.9473684210526314,553.125
1.4736842105263157,1.9473684210526314,593.75
1.4736842105263157,1.9473684210526314,634.375
1.4736842105263157,1.9473684210526314,675.0
1.4736842105263157,1.9473684210526314,715.625
1.4736842105263157,1.9473684210526314,756.25
1.4736842105263157,1.9473684210526314,796.875
1.4736842105263157,1.9473684210526314,837.5
1.4736842105263157,1.9473684210526314,878.125
1.4736842105263157,1.9473684210526314,918.75
1.4736842105263157,1.9473684210526314,959.375
1.4736842105263157,1.9473684210526314,1000.0
1.4736842105263157,2.4210526315789473,25.0
1.4736842105263157,2.4210526315789473,65.625
1.4736842105263157,2.4210526315789473,106.25
1.4736842105263157,2.4210526315789473,146.875
1.4736842105263157,2.4210526315789473,187.5
1.4736842105263157,2.4210526315789473,228.125
1.4736842105263157,2.4210526315789473,268.75
1.4736842105263157,2.4210526315789473,309.375
1.4736842105263157,2.4210526315789473,350.0
1.4736842105263157,2.4210526315789473,390.625
1.4736842105263157,2.4210526315789473,431.25
1.4736842105263157,2.4210526315789473,471.875
1.4736842105263157,2.4210526315789473,512.5
1.4736842105263157,2.4210526315789473,553.125
1.4736842105263157,2.4210526315789473,593.75
1.4736842105263157,2.4210526315789473,634.375
1.4736842105263157,2.4210526315789473,675.0
1.4736842105263157,2.4210526315789473,715.625
1.4736842105263157,2.4210526315789473,756.25
1.4736842105263157,2.4210526315789473,796.875
1.4736842105263157,2.4210526315789473,837.5
1.4736842105263157,2.4210526315789473,878.125
1.4736842105263157,2.4210526315789473,918.75
1.4736842105263157,2.4210526315789473,959.375
1.4736842105263157,2.4210526315789473,1000.0
1.4736842105263157,2.894736842105263,25.0
1.4736842105263157,2.894736842105263,65.625
1.4736842105263157,2.894736842105263,106.25
1.4736842105263157,2.894736842105263,146.875
1.4736842105263157,2.894736842105263,187.5
1.4736842105263157,2.894736842105263,228.125
1.4736842105263157,2.894736842105263,268.75
1.4736842105263157,2.894736842105263,309.375
1.4736842105263157,2.894736842105263,350.0
1.4736842105263157,2.894736842105263,390.625
1.4736842105263157,2.894736842105263,431.25
1.4736842105263157,2.894736842105263,471.875
1.4736842105263157,2.894736842105263,512.5
1.4736842105263157,2.894736842105263,553.125
1.4736842105263157,2.894736842105263,593.75
1.4736842105263157,2.894736842105263,634.375
1.4736842105263157,2.894736842105263,675.0
1.4736842105263157,2.894736842105263,715.625
1.4736842105263157,2.894736842105263,756.25
1.4736842105263157,2.894736842105263,796.875
1.4736842105263157,2.894736842105263,837.5
1.4736842105263157,2.894736842105263,878.125
1.4736842105263157,2.894736842105263,918.75
1.4736842105263157,2.894736842105263,959.375
1.4736842105263157,2.894736842105263,1000.0
1.4736842105263157,3.3684210526315788,25.0
1.4736842105263157,3.3684210526315788,65.625
1.4736842105263157,3.3684210526315788,106.25
1.4736842105263157,3.3684210526315788,146.875
1.4736842105263157,3.3684210526315788,187.5
1.4736842105263157,3.3684210526315788,228.125
1.4736842105263157,3.3684210526315788,268.75
1.4736842105263157,3.3684210526315788,309.375
1.4736842105263157,3.3684210526315788,350.0
1.4736842105263157,3.3684210526315788,390.625
1.4736842105263157,3.3684210526315788,431.25
1.4736842105263157,3.3684210526315788,471.875
1.4736842105263157,3.3684210526315788,512.5
1.4736842105263157,3.3684210526315788,553.125
1.4736842105263157,3.3684210526315788,593.75
1.4736842105263157,3.3684210526315788,634.375
1.4736842105263157,3.3684210526315788,675.0
1.4736842105263157,3.3684210526315788,715.625
1.4736842105263157,3.3684210526315788,756.25
1.4736842105263157,3.3684210526315788,796.875
1.4736842105263157,3.3684210526315788,837.5
1.4736842105263157,3.3684210526315788,878.125
1.4736842105263157,3.3684210526315788,918.75
1.4736842105263157,3.3684210526315788,959.375
1.4736842105263157,3.3684210526315788,1000.0
1.4736842105263157,3.8421052631578947,25.0
1.4736842105263157,3.8421052631578947,65.625
1.4736842105263157,3.8421052631578947,106.25
1.4736842105263157,3.8421052631578947,146.875
1.4736842105263157,3.8421052631578947,187.5
1.4736842105263157,3.8421052631578947,228.125
1.4736842105263157,3.8421052631578947,268.75
1.4736842105263157,3.8421052631578947,309.375
1.4736842105263157,3.8421052631578947,350.0
1.4736842105263157,3.8421052631578947,390.625
1.4736842105263157,3.8421052631578947,431.25
1.4736842105263157,3.8421052631578947,471.875
1.4736842105263157,3.8421052631578947,512.5
1.4736842105263157,3.8421052631578947,553.125
1.4736842105263157,3.8421052631578947,593.75
1.4736842105263157,3.8421052631578947,634.375
1.4736842105263157,3.8421052631578947,675.0
1.4736842105263157,3.8421052631578947,715.625
1.4736842105263157,3.8421052631578947,756.25
1.4736842105263157,3.8421052631578947,796.875
1.4736842105263157,3.8421052631578947,837.5
1.4736842105263157,3.8421052631578947,878.125
1.4736842105263157,3.8421052631578947,918.75
1.4736842105263157,3.8421052631578947,959.375
1.4736842105263157,3.8421052631578947,1000.0
1.4736842105263157,4.315789473684211,25.0
1.4736842105263157,4.315789473684211,65.625
1.4736842105263157,4.315789473684211,106.25
1.4736842105263157,4.315789473684211,146.875
1.4736842105263157,4.315789473684211,187.5
1.4736842105263157,4.315789473684211,228.125
1.4736842105263157,4.315789473684211,268.75
1.4736842105263157,4.315789473684211,309.375
1.4736842105263157,4.315789473684211,350.0
1.4736842105263157,4.315789473684211,390.625
1.4736842105263157,4.315789473684211,431.25
1.4736842105263157,4.315789473684211,471.875
1.4736842105263157,4.315789473684211,512.5
1.4736842105263157,4.315789473684211,553.125
1.4736842105263157,4.315789473684211,593.75
1.4736842105263157,4.315789473684211,634.375
1.4736842105263157,4.315789473684211,675.0
1.4736842105263157,4.315789473684211,715.625
1.4736842105263157,4.315789473684211,756.25
1.4736842105263157,4.315789473684211,796.875
1.4736842105263157,4.315789473684211,837.5
1.4736842105263157,4.315789473684211,878.125
1.4736842105263157,4.315789473684211,918.75
1.4736842105263157,4.315789473684211,959.375
1.4736842105263157,4.315789473684211,1000.0
1.4736842105263157,4.789473684210526,25.0
1.4736842105263157,4.789473684210526,65.625
1.4736842105263157,4.789473684210526,106.25
1.4736842105263157,4.789473684210526,146.875
1.4736842105263157,4.789473684210526,187.5
1.4736842105263157,4.789473684210526,228.125
1.4736842105263157,4.789473684210526,268.75
1.4736842105263157,4.789473684210526,309.375
1.4736842105263157,4.789473684210526,350.0
1.4736842105263157,4.789473684210526,390.625
1.4736842105263157,4.789473684210526,431.25
1.4736842105263157,4.789473684210526,471.875
1.4736842105263157,4.789473684210526,512.5
1.4736842105263157,4.789473684210526,553.125
1.4736842105263157,4.789473684210526,593.75
1.4736842105263157,4.789473684210526,634.375
1.4736842105263157,4.789473684210526,675.0
1.4736842105263157,4.789473684210526,715.625
1.4736842105263157,4.789473684210526,756.25
1.4736842105263157,4.789473684210526,796.875
1.4736842105263157,4.789473684210526,837.5
1.4736842105263157,4.789473684210526,878.125
1.4736842105263157,4.789473684210526,918.75
1.4736842105263157,4.789473684210526,959.375
1.4736842105263157,4.789473684210526,1000.0
1.4736842105263157,5.263157894736842,25.0
1.4736842105263157,5.263157894736842,65.625
1.4736842105263157,5.263157894736842,106.25
1.4736842105263157,5.263157894736842,146.875
1.4736842105263157,5.263157894736842,187.5
1.4736842105263157,5.263157894736842,228.125
1.4736842105263157,5.263157894736842,268.75
1.4736842105263157,5.263157894736842,309.375
1.4736842105263157,5.263157894736842,350.0
1.4736842105263157,5.263157894736842,390.625
1.4736842105263157,5.263157894736842,431.25
1.4736842105263157,5.263157894736842,471.875
1.4736842105263157,5.263157894736842,512.5
1.4736842105263157,5.263157894736842,553.125
1.4736842105263157,5.263157894736842,593.75
1.4736842105263157,5.263157894736842,634.375
1.4736842105263157,5.263157894736842,675.0
1.4736842105263157,5.263157894736842,715.625
1.4736842105263157,5.263157894736842,756.25
1.4736842105263157,5.263157894736842,796.875
1.4736842105263157,5.263157894736842,837.5
1.4736842105263157,5.263157894736842,878.125
1.4736842105263157,5.263157894736842,918.75
1.4736842105263157,5.263157894736842,959.375
1.4736842105263157,5.263157894736842,1000.0
1.4736842105263157,5.7368421052631575,25.0
1.4736842105263157,5.7368421052631575,65.625
1.4736842105263157,5.7368421052631575,106.25
1.4736842105263157,5.7368421052631575,146.875
1.4736842105263157,5.7368421052631575,187.5
1.4736842105263157,5.7368421052631575,228.125
1.4736842105263157,5.7368421052631575,268.75
1.4736842105263157,5.7368421052631575,309.375
1.4736842105263157,5.7368421052631575,350.0
1.4736842105263157,5.7368421052631575,390.625
1.4736842105263157,5.7368421052631575,431.25
1.4736842105263157,5.7368421052631575,471.875
1.4736842105263157,5.7368421052631575,512.5
1.4736842105263157,5.7368421052631575,553.125
1.4736842105263157,5.7368421052631575,593.75
1.4736842105263157,5.7368421052631575,634.375
1.4736842105263157,5.7368421052631575,675.0
1.4736842105263157,5.7368421052631575,715.625
1.4736842105263157,5.7368421052631575,756.25
1.4736842105263157,5.7368421052631575,796.875
1.4736842105263157,5.7368421052631575,837.5
1.4736842105263157,5.7368421052631575,878.125
1.4736842105263157,5.7368421052631575,918.75
1.4736842105263157,5.7368421052631575,959.375
1.4736842105263157,5.7368421052631575,1000.0
1.4736842105263157,6.2105263157894735,25.0
1.4736842105263157,6.2105263157894735,65.625
1.4736842105263157,6.2105263157894735,106.25
1.4736842105263157,6.2105263157894735,146.875
1.4736842105263157,6.2105263157894735,187.5
1.4736842105263157,6.2105263157894735,228.125
1.4736842105263157,6.2105263157894735,268.75
1.4736842105263157,6.2105263157894735,309.375
1.4736842105263157,6.2105263157894735,350.0
1.4736842105263157,6.2105263157894735,390.625
1.4736842105263157,6.2105263157894735,431.25
1.4736842105263157,6.2105263157894735,471.875
1.4736842105263157,6.2105263157894735,512.5
1.4736842105263157,6.2105263157894735,553.125
1.4736842105263157,6.2105263157894735,593.75
1.4736842105263157,6.2105263157894735,634.375
1.4736842105263157,6.2105263157894735,675.0
1.4736842105263157,6.2105263157894735,715.625
1.4736842105263157,6.2105263157894735,756.25
1.4736842105263157,6.2105263157894735,796.875
1.4736842105263157,6.2105263157894735,837.5
1.4736842105263157,6.2105263157894735,878.125
1.4736842105263157,6.2105263157894735,918.75
1.4736842105263157,6.2105263157894735,959.375
1.4736842105263157,6.2105263157894735,1000.0
1.4736842105263157,6.684210526315789,25.0
1.4736842105263157,6.684210526315789,65.625
1.4736842105263157,6.684210526315789,106.25
1.4736842105263157,6.684210526315789,146.875
1.4736842105263157,6.684210526315789,187.5
1.4736842105263157,6.684210526315789,228.125
1.4736842105263157,6.684210526315789,268.75
1.4736842105263157,6.684210526315789,309.375
1.4736842105263157,6.684210526315789,350.0
1.4736842105263157,6.684210526315789,390.625
1.4736842105263157,6.684210526315789,431.25
1.4736842105263157,6.684210526315789,471.875
1.4736842105263157,6.684210526315789,512.5
1.4736842105263157,6.684210526315789,553.125
1.4736842105263157,6.684210526315789,593.75
1.4736842105263157,6.684210526315789,634.375
1.4736842105263157,6.684210526315789,675.0
1.4736842105263157,6.684210526315789,715.625
1.4736842105263157,6.684210526315789,756.25
1.4736842105263157,6.684210526315789,796.875
1.4736842105263157,6.684210526315789,837.5
1.4736842105263157,6.684210526315789,878.125
1.4736842105263157,6.684210526315789,918.75
1.4736842105263157,6.684210526315789,959.375
1.4736842105263157,6.684210526315789,1000.0
1.4736842105263157,7.157894736842105,25.0
1.4736842105263157,7.157894736842105,65.625
1.4736842105263157,7.157894736842105,106.25
1.4736842105263157,7.157894736842105,146.875
1.4736842105263157,7.157894736842105,187.5
1.4736842105263157,7.157894736842105,228.125
1.4736842105263157,7.157894736842105,268.75
1.4736842105263157,7.157894736842105,309.375
1.4736842105263157,7.157894736842105,350.0
1.4736842105263157,7.157894736842105,390.625
1.4736842105263157,7.157894736842105,431.25
1.4736842105263157,7.157894736842105,471.875
1.4736842105263157,7.157894736842105,512.5
1.4736842105263157,7.157894736842105,553.125
1.4736842105263157,7.157894736842105,593.75
1.4736842105263157,7.157894736842105,634.375
1.4736842105263157,7.157894736842105,675.0
1.4736842105263157,7.157894736842105,715.625
1.4736842105263157,7.157894736842105,756.25
1.4736842105263157,7.157894736842105,796.875
1.4736842105263157,7.157894736842105,837.5
1.4736842105263157,7.157894736842105,878.125
1.4736842105263157,7.157894736842105,918.75
1.4736842105263157,7.157894736842105,959.375
1.4736842105263157,7.157894736842105,1000.0
1.4736842105263157,7.63157894736842,25.0
1.4736842105263157,7.63157894736842,65.625
1.4736842105263157,7.63157894736842,106.25
1.4736842105263157,7.63157894736842,146.875
1.4736842105263157,7.63157894736842,187.5
1.4736842105263157,7.63157894736842,228.125
1.4736842105263157,7.63157894736842,268.75
1.4736842105263157,7.63157894736842,309.375
1.4736842105263157,7.63157894736842,350.0
1.4736842105263157,7.63157894736842,390.625
1.4736842105263157,7.63157894736842,431.25
1.4736842105263157,7.63157894736842,471.875
1.4736842105263157,7.63157894736842,512.5
1.4736842105263157,7.63157894736842,553.125
1.4736842105263157,7.63157894736842,593.75
1.4736842105263157,7.63157894736842,634.375
1.4736842105263157,7.63157894736842,675.0
1.4736842105263157,7.63157894736842,715.625
1.4736842105263157,7.63157894736842,756.25
1.4736842105263157,7.63157894736842,796.875
1.4736842105263157,7.63157894736842,837.5
1.4736842105263157,7.63157894736842,878.125
1.4736842105263157,7.63157894736842,918.75
1.4736842105263157,7.63157894736842,959.375
1.4736842105263157,7.63157894736842,1000.0
1.4736842105263157,8.105263157894736,25.0
1.4736842105263157,8.105263157894736,65.625
1.4736842105263157,8.105263157894736,106.25
1.4736842105263157,8.105263157894736,146.875
1.4736842105263157,8.105263157894736,187.5
1.4736842105263157,8.105263157894736,228.125
1.4736842105263157,8.105263157894736,268.75
1.4736842105263157,8.105263157894736,309.375
1.4736842105263157,8.105263157894736,350.0
1.4736842105263157,8.105263157894736,390.625
1.4736842105263157,8.105263157894736,431.25
1.4736842105263157,8.105263157894736,471.875
1.4736842105263157,8.105263157894736,512.5
1.4736842105263157,8.105263157894736,553.125
1.4736842105263157,8.105263157894736,593.75
1.4736842105263157,8.105263157894736,634.375
1.4736842105263157,8.105263157894736,675.0
1.4736842105263157,8.105263157894736,715.625
1.4736842105263157,8.105263157894736,756.25
1.4736842105263157,8.105263157894736,796.875
1.4736842105263157,8.105263157894736,837.5
1.4736842105263157,8.105263157894736,878.125
1.4736842105263157,8.105263157894736,918.75
1.4736842105263157,8.105263157894736,959.375
1.4736842105263157,8.105263157894736,1000.0
1.4736842105263157,8.578947368421051,25.0
1.4736842105263157,8.578947368421051,65.625
1.4736842105263157,8.578947368421051,106.25
1.4736842105263157,8.578947368421051,146.875
1.4736842105263157,8.578947368421051,187.5
1.4736842105263157,8.578947368421051,228.125
1.4736842105263157,8.578947368421051,268.75
1.4736842105263157,8.578947368421051,309.375
1.4736842105263157,8.578947368421051,350.0
1.4736842105263157,8.578947368421051,390.625
1.4736842105263157,8.578947368421051,431.25
1.4736842105263157,8.578947368421051,471.875
1.4736842105263157,8.578947368421051,512.5
1.4736842105263157,8.578947368421051,553.125
1.4736842105263157,8.578947368421051,593.75
1.4736842105263157,8.578947368421051,634.375
1.4736842105263157,8.578947368421051,675.0
1.4736842105263157,8.578947368421051,715.625
1.4736842105263157,8.578947368421051,756.25
1.4736842105263157,8.578947368421051,796.875
1.4736842105263157,8.578947368421051,837.5
1.4736842105263157,8.578947368421051,878.125
1.4736842105263157,8.578947368421051,918.75
1.4736842105263157,8.578947368421051,959.375
1.4736842105263157,8.578947368421051,1000.0
1.4736842105263157,9.052631578947368,25.0
1.4736842105263157,9.052631578947368,65.625
1.4736842105263157,9.052631578947368,106.25
1.4736842105263157,9.052631578947368,146.875
1.4736842105263157,9.052631578947368,187.5
1.4736842105263157,9.052631578947368,228.125
1.4736842105263157,9.052631578947368,268.75
1.4736842105263157,9.052631578947368,309.375
1.4736842105263157,9.052631578947368,350.0
1.4736842105263157,9.052631578947368,390.625
1.4736842105263157,9.052631578947368,431.25
1.4736842105263157,9.052631578947368,471.875
1.4736842105263157,9.052631578947368,512.5
1.4736842105263157,9.052631578947368,553.125
1.4736842105263157,9.052631578947368,593.75
1.4736842105263157,9.052631578947368,634.375
1.4736842105263157,9.052631578947368,675.0
1.4736842105263157,9.052631578947368,715.625
1.4736842105263157,9.052631578947368,756.25
1.4736842105263157,9.052631578947368,796.875
1.4736842105263157,9.052631578947368,837.5
1.4736842105263157,9.052631578947368,878.125
1.4736842105263157,9.052631578947368,918.75
1.4736842105263157,9.052631578947368,959.375
1.4736842105263157,9.052631578947368,1000.0
1.4736842105263157,9.526315789473683,25.0
1.4736842105263157,9.526315789473683,65.625
1.4736842105263157,9.526315789473683,106.25
1.4736842105263157,9.526315789473683,146.875
1.4736842105263157,9.526315789473683,187.5
1.4736842105263157,9.526315789473683,228.125
1.4736842105263157,9.526315789473683,268.75
1.4736842105263157,9.526315789473683,309.375
1.4736842105263157,9.526315789473683,350.0
1.4736842105263157,9.526315789473683,390.625
1.4736842105263157,9.526315789473683,431.25
1.4736842105263157,9.526315789473683,471.875
1.4736842105263157,9.526315789473683,512.5
1.4736842105263157,9.526315789473683,553.125
1.4736842105263157,9.526315789473683,593.75
1.4736842105263157,9.526315789473683,634.375
1.4736842105263157,9.526315789473683,675.0
1.4736842105263157,9.526315789473683,715.625
1.4736842105263157,9.526315789473683,756.25
1.4736842105263157,9.526315789473683,796.875
1.4736842105263157,9.526315789473683,837.5
1.4736842105263157,9.526315789473683,878.125
1.4736842105263157,9.526315789473683,918.75
1.4736842105263157,9.526315789473683,959.375
1.4736842105263157,9.526315789473683,1000.0
1.4736842105263157,10.0,25.0
1.4736842105263157,10.0,65.625
1.4736842105263157,10.0,106.25
1.4736842105263157,10.0,146.875
1.4736842105263157,10.0,187.5
1.4736842105263157,10.0,228.125
1.4736842105263157,10.0,268.75
1.4736842105263157,10.0,309.375
1.4736842105263157,10.0,350.0
1.4736842105263157,10.0,390.625
1.4736842105263157,10.0,431.25
1.4736842105263157,10.0,471.875
1.4736842105263157,10.0,512.5
1.4736842105263157,10.0,553.125
1.4736842105263157,10.0,593.75
1.4736842105263157,10.0,634.375
1.4736842105263157,10.0,675.0
1.4736842105263157,10.0,715.625
1.4736842105263157,10.0,756.25
1.4736842105263157,10.0,796.875
1.4736842105263157,10.0,837.5
1.4736842105263157,10.0,878.125
1.4736842105263157,10.0,918.75
1.4736842105263157,10.0,959.375
1.4736842105263157,10.0,1000.0
1.9473684210526314,1.0,25.0
1.9473684210526314,1.0,65.625
1.9473684210526314,1.0,106.25
1.9473684210526314,1.0,146.875
1.9473684210526314,1.0,187.5
1.9473684210526314,1.0,228.125
1.9473684210526314,1.0,268.75
1.9473684210526314,1.0,309.375
1.9473684210526314,1.0,350.0
1.9473684210526314,1.0,390.625
1.9473684210526314,1.0,431.25
1.9473684210526314,1.0,471.875
1.9473684210526314,1.0,512.5
1.9473684210526314,1.0,553.125
1.9473684210526314,1.0,593.75
1.9473684210526314,1.0,634.375
1.9473684210526314,1.0,675.0
1.9473684210526314,1.0,715.625
1.9473684210526314,1.0,756.25
1.9473684210526314,1.0,796.875
1.9473684210526314,1.0,837.5
1.9473684210526314,1.0,878.125
1.9473684210526314,1.0,918.75
1.9473684210526314,1.0,959.375
1.9473684210526314,1.0,1000.0
1.9473684210526314,1.4736842105263157,25.0
1.9473684210526314,1.4736842105263157,65.625
1.9473684210526314,1.4736842105263157,106.25
1.9473684210526314,1.4736842105263157,146.875
1.9473684210526314,1.4736842105263157,187.5
1.9473684210526314,1.4736842105263157,228.125
1.9473684210526314,1.4736842105263157,268.75
1.9473684210526314,1.4736842105263157,309.375
1.9473684210526314,1.4736842105263157,350.0
1.9473684210526314,1.4736842105263157,390.625
1.9473684210526314,1.4736842105263157,431.25
1.9473684210526314,1.4736842105263157,471.875
1.9473684210526314,1.4736842105263157,512.5
1.9473684210526314,1.4736842105263157,553.125
1.9473684210526314,1.4736842105263157,593.75
1.9473684210526314,1.4736842105263157,634.375
1.9473684210526314,1.4736842105263157,675.0
1.9473684210526314,1.4736842105263157,715.625
1.9473684210526314,1.4736842105263157,756.25
1.9473684210526314,1.4736842105263157,796.875
1.9473684210526314,1.4736842105263157,837.5
1.9473684210526314,1.4736842105263157,878.125
1.9473684210526314,1.4736842105263157,918.75
1.9473684210526314,1.4736842105263157,959.375
1.9473684210526314,1.4736842105263157,1000.0
1.9473684210526314,1.9473684210526314,25.0
1.9473684210526314,1.9473684210526314,65.625
1.9473684210526314,1.9473684210526314,106.25
1.9473684210526314,1.9473684210526314,146.875
1.9473684210526314,1.9473684210526314,187.5
1.9473684210526314,1.9473684210526314,228.125
1.9473684210526314,1.9473684210526314,268.75
1.9473684210526314,1.9473684210526314,309.375
1.9473684210526314,1.9473684210526314,350.0
1.9473684210526314,1.9473684210526314,390.625
1.9473684210526314,1.9473684210526314,431.25
1.9473684210526314,1.9473684210526314,471.875
1.9473684210526314,1.9473684210526314,512.5
1.9473684210526314,1.9473684210526314,553.125
1.9473684210526314,1.9473684210526314,593.75
1.9473684210526314,1.9473684210526314,634.375
1.9473684210526314,1.9473684210526314,675.0
1.9473684210526314,1.9473684210526314,715.625
1.9473684210526314,1.9473684210526314,756.25
1.9473684210526314,1.9473684210526314,796.875
1.9473684210526314,1.9473684210526314,837.5
1.9473684210526314,1.9473684210526314,878.125
1.9473684210526314,1.9473684210526314,918.75
1.9473684210526314,1.9473684210526314,959.375
1.9473684210526314,1.9473684210526314,1000.0
1.9473684210526314,2.4210526315789473,25.0
1.9473684210526314,2.4210526315789473,65.625
1.9473684210526314,2.4210526315789473,106.25
1.9473684210526314,2.4210526315789473,146.875
1.9473684210526314,2.4210526315789473,187.5
1.9473684210526314,2.4210526315789473,228.125
1.9473684210526314,2.4210526315789473,268.75
1.9473684210526314,2.4210526315789473,309.375
1.9473684210526314,2.4210526315789473,350.0
1.9473684210526314,2.4210526315789473,390.625
1.9473684210526314,2.4210526315789473,431.25
1.9473684210526314,2.4210526315789473,471.875
1.9473684210526314,2.4210526315789473,512.5
1.9473684210526314,2.4210526315789473,553.125
1.9473684210526314,2.4210526315789473,593.75
1.9473684210526314,2.4210526315789473,634.375
1.9473684210526314,2.4210526315789473,675.0
1.9473684210526314,2.4210526315789473,715.625
1.9473684210526314,2.4210526315789473,756.25
1.9473684210526314,2.4210526315789473,796.875
1.9473684210526314,2.4210526315789473,837.5
1.9473684210526314,2.4210526315789473,878.125
1.9473684210526314,2.4210526315789473,918.75
1.9473684210526314,2.4210526315789473,959.375
1.9473684210526314,2.4210526315789473,1000.0
1.9473684210526314,2.894736842105263,25.0
1.9473684210526314,2.894736842105263,65.625
1.9473684210526314,2.894736842105263,106.25
1.9473684210526314,2.894736842105263,146.875
1.9473684210526314,2.894736842105263,187.5
1.9473684210526314,2.894736842105263,228.125
1.9473684210526314,2.894736842105263,268.75
1.9473684210526314,2.894736842105263,309.375
1.9473684210526314,2.894736842105263,350.0
1.9473684210526314,2.894736842105263,390.625
1.9473684210526314,2.894736842105263,431.25
1.9473684210526314,2.894736842105263,471.875
1.9473684210526314,2.894736842105263,512.5
1.9473684210526314,2.894736842105263,553.125
1.9473684210526314,2.894736842105263,593.75
1.9473684210526314,2.894736842105263,634.375
1.9473684210526314,2.894736842105263,675.0
1.9473684210526314,2.894736842105263,715.625
1.9473684210526314,2.894736842105263,756.25
1.9473684210526314,2.894736842105263,796.875
1.9473684210526314,2.894736842105263,837.5
1.9473684210526314,2.894736842105263,878.125
1.9473684210526314,2.894736842105263,918.75
1.9473684210526314,2.894736842105263,959.375
1.9473684210526314,2.894736842105263,1000.0
1.9473684210526314,3.3684210526315788,25.0
1.9473684210526314,3.3684210526315788,65.625
1.9473684210526314,3.3684210526315788,106.25
1.9473684210526314,3.3684210526315788,146.875
1.9473684210526314,3.3684210526315788,187.5
1.9473684210526314,3.3684210526315788,228.125
1.9473684210526314,3.3684210526315788,268.75
1.9473684210526314,3.3684210526315788,309.375
1.9473684210526314,3.3684210526315788,350.0
1.9473684210526314,3.3684210526315788,390.625
1.9473684210526314,3.3684210526315788,431.25
1.9473684210526314,3.3684210526315788,471.875
1.9473684210526314,3.3684210526315788,512.5
1.9473684210526314,3.3684210526315788,553.125
1.9473684210526314,3.3684210526315788,593.75
1.9473684210526314,3.3684210526315788,634.375
1.9473684210526314,3.3684210526315788,675.0
1.9473684210526314,3.3684210526315788,715.625
1.9473684210526314,3.3684210526315788,756.25
1.9473684210526314,3.3684210526315788,796.875
1.9473684210526314,3.3684210526315788,837.5
1.9473684210526314,3.3684210526315788,878.125
1.9473684210526314,3.3684210526315788,918.75
1.9473684210526314,3.3684210526315788,959.375
1.9473684210526314,3.3684210526315788,1000.0
1.9473684210526314,3.8421052631578947,25.0
1.9473684210526314,3.8421052631578947,65.625
1.9473684210526314,3.8421052631578947,106.25
1.9473684210526314,3.8421052631578947,146.875
1.9473684210526314,3.8421052631578947,187.5
1.9473684210526314,3.8421052631578947,228.125
1.9473684210526314,3.8421052631578947,268.75
1.9473684210526314,3.8421052631578947,309.375
1.9473684210526314,3.8421052631578947,350.0
1.9473684210526314,3.8421052631578947,390.625
1.9473684210526314,3.8421052631578947,431.25
1.9473684210526314,3.8421052631578947,471.875
1.9473684210526314,3.8421052631578947,512.5
1.9473684210526314,3.8421052631578947,553.125
1.9473684210526314,3.8421052631578947,593.75
1.9473684210526314,3.8421052631578947,634.375
1.9473684210526314,3.8421052631578947,675.0
1.9473684210526314,3.8421052631578947,715.625
1.9473684210526314,3.8421052631578947,756.25
1.9473684210526314,3.8421052631578947,796.875
1.9473684210526314,3.8421052631578947,837.5
1.9473684210526314,3.8421052631578947,878.125
1.9473684210526314,3.8421052631578947,918.75
1.9473684210526314,3.8421052631578947,959.375
1.9473684210526314,3.8421052631578947,1000.0
1.9473684210526314,4.315789473684211,25.0
1.9473684210526314,4.315789473684211,65.625
1.9473684210526314,4.315789473684211,106.25
1.9473684210526314,4.315789473684211,146.875
1.9473684210526314,4.315789473684211,187.5
1.9473684210526314,4.315789473684211,228.125
1.9473684210526314,4.315789473684211,268.75
1.9473684210526314,4.315789473684211,309.375
1.9473684210526314,4.315789473684211,350.0
1.9473684210526314,4.315789473684211,390.625
1.9473684210526314,4.315789473684211,431.25
1.9473684210526314,4.315789473684211,471.875
1.9473684210526314,4.315789473684211,512.5
1.9473684210526314,4.315789473684211,553.125
1.9473684210526314,4.315789473684211,593.75
1.9473684210526314,4.315789473684211,634.375
1.9473684210526314,4.315789473684211,675.0
1.9473684210526314,4.315789473684211,715.625
1.9473684210526314,4.315789473684211,756.25
1.9473684210526314,4.315789473684211,796.875
1.9473684210526314,4.315789473684211,837.5
1.9473684210526314,4.315789473684211,878.125
1.9473684210526314,4.315789473684211,918.75
1.9473684210526314,4.315789473684211,959.375
1.9473684210526314,4.315789473684211,1000.0
1.9473684210526314,4.789473684210526,25.0
1.9473684210526314,4.789473684210526,65.625
1.9473684210526314,4.789473684210526,106.25
1.9473684210526314,4.789473684210526,146.875
1.9473684210526314,4.789473684210526,187.5
1.9473684210526314,4.789473684210526,228.125
1.9473684210526314,4.789473684210526,268.75
1.9473684210526314,4.789473684210526,309.375
1.9473684210526314,4.789473684210526,350.0
1.9473684210526314,4.789473684210526,390.625
1.9473684210526314,4.789473684210526,431.25
1.9473684210526314,4.789473684210526,471.875
1.9473684210526314,4.789473684210526,512.5
1.9473684210526314,4.789473684210526,553.125
1.9473684210526314,4.789473684210526,593.75
1.9473684210526314,4.789473684210526,634.375
1.9473684210526314,4.789473684210526,675.0
1.9473684210526314,4.789473684210526,715.625
1.9473684210526314,4.789473684210526,756.25
1.9473684210526314,4.789473684210526,796.875
1.9473684210526314,4.789473684210526,837.5
1.9473684210526314,4.789473684210526,878.125
1.9473684210526314,4.789473684210526,918.75
1.9473684210526314,4.789473684210526,959.375
1.9473684210526314,4.789473684210526,1000.0
1.9473684210526314,5.263157894736842,25.0
1.9473684210526314,5.263157894736842,65.625
1.9473684210526314,5.263157894736842,106.25
1.9473684210526314,5.263157894736842,146.875
1.9473684210526314,5.263157894736842,187.5
1.9473684210526314,5.263157894736842,228.125
1.9473684210526314,5.263157894736842,268.75
1.9473684210526314,5.263157894736842,309.375
1.9473684210526314,5.263157894736842,350.0
1.9473684210526314,5.263157894736842,390.625
1.9473684210526314,5.263157894736842,431.25
1.9473684210526314,5.263157894736842,471.875
1.9473684210526314,5.263157894736842,512.5
1.9473684210526314,5.263157894736842,553.125
1.9473684210526314,5.263157894736842,593.75
1.9473684210526314,5.263157894736842,634.375
1.9473684210526314,5.263157894736842,675.0
1.9473684210526314,5.263157894736842,715.625
1.9473684210526314,5.263157894736842,756.25
1.9473684210526314,5.263157894736842,796.875
1.9473684210526314,5.263157894736842,837.5
1.9473684210526314,5.263157894736842,878.125
1.9473684210526314,5.263157894736842,918.75
1.9473684210526314,5.263157894736842,959.375
1.9473684210526314,5.263157894736842,1000.0
1.9473684210526314,5.7368421052631575,25.0
1.9473684210526314,5.7368421052631575,65.625
1.9473684210526314,5.7368421052631575,106.25
1.9473684210526314,5.7368421052631575,146.875
1.9473684210526314,5.7368421052631575,187.5
1.9473684210526314,5.7368421052631575,228.125
1.9473684210526314,5.7368421052631575,268.75
1.9473684210526314,5.7368421052631575,309.375
1.9473684210526314,5.7368421052631575,350.0
1.9473684210526314,5.7368421052631575,390.625
1.9473684210526314,5.7368421052631575,431.25
1.9473684210526314,5.7368421052631575,471.875
1.9473684210526314,5.7368421052631575,512.5
1.9473684210526314,5.7368421052631575,553.125
1.9473684210526314,5.7368421052631575,593.75
1.9473684210526314,5.7368421052631575,634.375
1.9473684210526314,5.7368421052631575,675.0
1.9473684210526314,5.7368421052631575,715.625
1.9473684210526314,5.7368421052631575,756.25
1.9473684210526314,5.7368421052631575,796.875
1.9473684210526314,5.7368421052631575,837.5
1.9473684210526314,5.7368421052631575,878.125
1.9473684210526314,5.7368421052631575,918.75
1.9473684210526314,5.7368421052631575,959.375
1.9473684210526314,5.7368421052631575,1000.0
1.9473684210526314,6.2105263157894735,25.0
1.9473684210526314,6.2105263157894735,65.625
1.9473684210526314,6.2105263157894735,106.25
1.9473684210526314,6.2105263157894735,146.875
1.9473684210526314,6.2105263157894735,187.5
1.9473684210526314,6.2105263157894735,228.125
1.9473684210526314,6.2105263157894735,268.75
1.9473684210526314,6.2105263157894735,309.375
1.9473684210526314,6.2105263157894735,350.0
1.9473684210526314,6.2105263157894735,390.625
1.9473684210526314,6.2105263157894735,431.25
1.9473684210526314,6.2105263157894735,471.875
1.9473684210526314,6.2105263157894735,512.5
1.9473684210526314,6.2105263157894735,553.125
1.9473684210526314,6.2105263157894735,593.75
1.9473684210526314,6.2105263157894735,634.375
1.9473684210526314,6.2105263157894735,675.0
1.9473684210526314,6.2105263157894735,715.625
1.9473684210526314,6.2105263157894735,756.25
1.9473684210526314,6.2105263157894735,796.875
1.9473684210526314,6.2105263157894735,837.5
1.9473684210526314,6.2105263157894735,878.125
1.9473684210526314,6.2105263157894735,918.75
1.9473684210526314,6.2105263157894735,959.375
1.9473684210526314,6.2105263157894735,1000.0
1.9473684210526314,6.684210526315789,25.0
1.9473684210526314,6.684210526315789,65.625
1.9473684210526314,6.684210526315789,106.25
1.9473684210526314,6.684210526315789,146.875
1.9473684210526314,6.684210526315789,187.5
1.9473684210526314,6.684210526315789,228.125
1.9473684210526314,6.684210526315789,268.75
1.9473684210526314,6.684210526315789,309.375
1.9473684210526314,6.684210526315789,350.0
1.9473684210526314,6.684210526315789,390.625
1.9473684210526314,6.684210526315789,431.25
1.9473684210526314,6.684210526315789,471.875
1.9473684210526314,6.684210526315789,512.5
1.9473684210526314,6.684210526315789,553.125
1.9473684210526314,6.684210526315789,593.75
1.9473684210526314,6.684210526315789,634.375
1.9473684210526314,6.684210526315789,675.0
1.9473684210526314,6.684210526315789,715.625
1.9473684210526314,6.684210526315789,756.25
1.9473684210526314,6.684210526315789,796.875
1.9473684210526314,6.684210526315789,837.5
1.9473684210526314,6.684210526315789,878.125
1.9473684210526314,6.684210526315789,918.75
1.9473684210526314,6.684210526315789,959.375
1.9473684210526314,6.684210526315789,1000.0
1.9473684210526314,7.157894736842105,25.0
1.9473684210526314,7.157894736842105,65.625
1.9473684210526314,7.157894736842105,106.25
1.9473684210526314,7.157894736842105,146.875
1.9473684210526314,7.157894736842105,187.5
1.9473684210526314,7.157894736842105,228.125
1.9473684210526314,7.157894736842105,268.75
1.9473684210526314,7.157894736842105,309.375
1.9473684210526314,7.157894736842105,350.0
1.9473684210526314,7.157894736842105,390.625
1.9473684210526314,7.157894736842105,431.25
1.9473684210526314,7.157894736842105,471.875
1.9473684210526314,7.157894736842105,512.5
1.9473684210526314,7.157894736842105,553.125
1.9473684210526314,7.157894736842105,593.75
1.9473684210526314,7.157894736842105,634.375
1.9473684210526314,7.157894736842105,675.0
1.9473684210526314,7.157894736842105,715.625
1.9473684210526314,7.157894736842105,756.25
1.9473684210526314,7.157894736842105,796.875
1.9473684210526314,7.157894736842105,837.5
1.9473684210526314,7.157894736842105,878.125
1.9473684210526314,7.157894736842105,918.75
1.9473684210526314,7.157894736842105,959.375
1.9473684210526314,7.157894736842105,1000.0
1.9473684210526314,7.63157894736842,25.0
1.9473684210526314,7.63157894736842,65.625
1.9473684210526314,7.63157894736842,106.25
1.9473684210526314,7.63157894736842,146.875
1.9473684210526314,7.63157894736842,187.5
1.9473684210526314,7.63157894736842,228.125
1.9473684210526314,7.63157894736842,268.75
1.9473684210526314,7.63157894736842,309.375
1.9473684210526314,7.63157894736842,350.0
1.9473684210526314,7.63157894736842,390.625
1.9473684210526314,7.63157894736842,431.25
1.9473684210526314,7.63157894736842,471.875
1.9473684210526314,7.63157894736842,512.5
1.9473684210526314,7.63157894736842,553.125
1.9473684210526314,7.63157894736842,593.75
1.9473684210526314,7.63157894736842,634.375
1.9473684210526314,7.63157894736842,675.0
1.9473684210526314,7.63157894736842,715.625
1.9473684210526314,7.63157894736842,756.25
1.9473684210526314,7.63157894736842,796.875
1.9473684210526314,7.63157894736842,837.5
1.9473684210526314,7.63157894736842,878.125
1.9473684210526314,7.63157894736842,918.75
1.9473684210526314,7.63157894736842,959.375
1.9473684210526314,7.63157894736842,1000.0
1.9473684210526314,8.105263157894736,25.0
1.9473684210526314,8.105263157894736,65.625
1.9473684210526314,8.105263157894736,106.25
1.9473684210526314,8.105263157894736,146.875
1.9473684210526314,8.105263157894736,187.5
1.9473684210526314,8.105263157894736,228.125
1.9473684210526314,8.105263157894736,268.75
1.9473684210526314,8.105263157894736,309.375
1.9473684210526314,8.105263157894736,350.0
1.9473684210526314,8.105263157894736,390.625
1.9473684210526314,8.105263157894736,431.25
1.9473684210526314,8.105263157894736,471.875
1.9473684210526314,8.105263157894736,512.5
1.9473684210526314,8.105263157894736,553.125
1.9473684210526314,8.105263157894736,593.75
1.9473684210526314,8.105263157894736,634.375
1.9473684210526314,8.105263157894736,675.0
1.9473684210526314,8.105263157894736,715.625
1.9473684210526314,8.105263157894736,756.25
1.9473684210526314,8.105263157894736,796.875
1.9473684210526314,8.105263157894736,837.5
1.9473684210526314,8.105263157894736,878.125
1.9473684210526314,8.105263157894736,918.75
1.9473684210526314,8.105263157894736,959.375
1.9473684210526314,8.105263157894736,1000.0
1.9473684210526314,8.578947368421051,25.0
1.9473684210526314,8.578947368421051,65.625
1.9473684210526314,8.578947368421051,106.25
1.9473684210526314,8.578947368421051,146.875
1.9473684210526314,8.578947368421051,187.5
1.9473684210526314,8.578947368421051,228.125
1.9473684210526314,8.578947368421051,268.75
1.9473684210526314,8.578947368421051,309.375
1.9473684210526314,8.578947368421051,350.0
1.9473684210526314,8.578947368421051,390.625
1.9473684210526314,8.578947368421051,431.25
1.9473684210526314,8.578947368421051,471.875
1.9473684210526314,8.578947368421051,512.5
1.9473684210526314,8.578947368421051,553.125
1.9473684210526314,8.578947368421051,593.75
1.9473684210526314,8.578947368421051,634.375
1.9473684210526314,8.578947368421051,675.0
1.9473684210526314,8.578947368421051,715.625
1.9473684210526314,8.578947368421051,756.25
1.9473684210526314,8.578947368421051,796.875
1.9473684210526314,8.578947368421051,837.5
1.9473684210526314,8.578947368421051,878.125
1.9473684210526314,8.578947368421051,918.75
1.9473684210526314,8.578947368421051,959.375
1.9473684210526314,8.578947368421051,1000.0
1.9473684210526314,9.052631578947368,25.0
1.9473684210526314,9.052631578947368,65.625
1.9473684210526314,9.052631578947368,106.25
1.9473684210526314,9.052631578947368,146.875
1.9473684210526314,9.052631578947368,187.5
1.9473684210526314,9.052631578947368,228.125
1.9473684210526314,9.052631578947368,268.75
1.9473684210526314,9.052631578947368,309.375
1.9473684210526314,9.052631578947368,350.0
1.9473684210526314,9.052631578947368,390.625
1.9473684210526314,9.052631578947368,431.25
1.9473684210526314,9.052631578947368,471.875
1.9473684210526314,9.052631578947368,512.5
1.9473684210526314,9.052631578947368,553.125
1.9473684210526314,9.052631578947368,593.75
1.9473684210526314,9.052631578947368,634.375
1.9473684210526314,9.052631578947368,675.0
1.9473684210526314,9.052631578947368,715.625
1.9473684210526314,9.052631578947368,756.25
1.9473684210526314,9.052631578947368,796.875
1.9473684210526314,9.052631578947368,837.5
1.9473684210526314,9.052631578947368,878.125
1.9473684210526314,9.052631578947368,918.75
1.9473684210526314,9.052631578947368,959.375
1.9473684210526314,9.052631578947368,1000.0
1.9473684210526314,9.526315789473683,25.0
1.9473684210526314,9.526315789473683,65.625
1.9473684210526314,9.526315789473683,106.25
1.9473684210526314,9.526315789473683,146.875
1.9473684210526314,9.526315789473683,187.5
1.9473684210526314,9.526315789473683,228.125
1.9473684210526314,9.526315789473683,268.75
1.9473684210526314,9.526315789473683,309.375
1.9473684210526314,9.526315789473683,350.0
1.9473684210526314,9.526315789473683,390.625
1.9473684210526314,9.526315789473683,431.25
1.9473684210526314,9.526315789473683,471.875
1.9473684210526314,9.526315789473683,512.5
1.9473684210526314,9.526315789473683,553.125
1.9473684210526314,9.526315789473683,593.75
1.9473684210526314,9.526315789473683,634.375
1.9473684210526314,9.526315789473683,675.0
1.9473684210526314,9.526315789473683,715.625
1.9473684210526314,9.526315789473683,756.25
1.9473684210526314,9.526315789473683,796.875
1.9473684210526314,9.526315789473683,837.5
1.9473684210526314,9.526315789473683,878.125
1.9473684210526314,9.526315789473683,918.75
1.9473684210526314,9.526315789473683,959.375
1.9473684210526314,9.526315789473683,1000.0
1.9473684210526314,10.0,25.0
1.9473684210526314,10.0,65.625
1.9473684210526314,10.0,106.25
1.9473684210526314,10.0,146.875
1.9473684210526314,10.0,187.5
1.9473684210526314,10.0,228.125
1.9473684210526314,10.0,268.75
1.9473684210526314,10.0,309.375
1.9473684210526314,10.0,350.0
1.9473684210526314,10.0,390.625
1.9473684210526314,10.0,431.25
1.9473684210526314,10.0,471.875
1.9473684210526314,10.0,512.5
1.9473684210526314,10.0,553.125
1.9473684210526314,10.0,593.75
1.9473684210526314,10.0,634.375
1.9473684210526314,10.0,675.0
1.9473684210526314,10.0,715.625
1.9473684210526314,10.0,756.25
1.9473684210526314,10.0,796.875
1.9473684210526314,10.0,837.5
1.9473684210526314,10.0,878.125
1.9473684210526314,10.0,918.75
1.9473684210526314,10.0,959.375
1.9473684210526314,10.0,1000.0
2.4210526315789473,1.0,25.0
2.4210526315789473,1.0,65.625
2.4210526315789473,1.0,106.25
2.4210526315789473,1.0,146.875
2.4210526315789473,1.0,187.5
2.4210526315789473,1.0,228.125
2.4210526315789473,1.0,268.75
2.4210526315789473,1.0,309.375
2.4210526315789473,1.0,350.0
2.4210526315789473,1.0,390.625
2.4210526315789473,1.0,431.25
2.4210526315789473,1.0,471.875
2.4210526315789473,1.0,512.5
2.4210526315789473,1.0,553.125
2.4210526315789473,1.0,593.75
2.4210526315789473,1.0,634.375
2.4210526315789473,1.0,675.0
2.4210526315789473,1.0,715.625
2.4210526315789473,1.0,756.25
2.4210526315789473,1.0,796.875
2.4210526315789473,1.0,837.5
2.4210526315789473,1.0,878.125
2.4210526315789473,1.0,918.75
2.4210526315789473,1.0,959.375
2.4210526315789473,1.0,1000.0
2.4210526315789473,1.4736842105263157,25.0
2.4210526315789473,1.4736842105263157,65.625
2.4210526315789473,1.4736842105263157,106.25
2.4210526315789473,1.4736842105263157,146.875
2.4210526315789473,1.4736842105263157,187.5
2.4210526315789473,1.4736842105263157,228.125
2.4210526315789473,1.4736842105263157,268.75
2.4210526315789473,1.4736842105263157,309.375
2.4210526315789473,1.4736842105263157,350.0
2.4210526315789473,1.4736842105263157,390.625
2.4210526315789473,1.4736842105263157,431.25
2.4210526315789473,1.4736842105263157,471.875
2.4210526315789473,1.4736842105263157,512.5
2.4210526315789473,1.4736842105263157,553.125
2.4210526315789473,1.4736842105263157,593.75
2.4210526315789473,1.4736842105263157,634.375
2.4210526315789473,1.4736842105263157,675.0
2.4210526315789473,1.4736842105263157,715.625
2.4210526315789473,1.4736842105263157,756.25
2.4210526315789473,1.4736842105263157,796.875
2.4210526315789473,1.4736842105263157,837.5
2.4210526315789473,1.4736842105263157,878.125
2.4210526315789473,1.4736842105263157,918.75
2.4210526315789473,1.4736842105263157,959.375
2.4210526315789473,1.4736842105263157,1000.0
2.4210526315789473,1.9473684210526314,25.0
2.4210526315789473,1.9473684210526314,65.625
2.4210526315789473,1.9473684210526314,106.25
2.4210526315789473,1.9473684210526314,146.875
2.4210526315789473,1.9473684210526314,187.5
2.4210526315789473,1.9473684210526314,228.125
2.4210526315789473,1.9473684210526314,268.75
2.4210526315789473,1.9473684210526314,309.375
2.4210526315789473,1.9473684210526314,350.0
2.4210526315789473,1.9473684210526314,390.625
2.4210526315789473,1.9473684210526314,431.25
2.4210526315789473,1.9473684210526314,471.875
2.4210526315789473,1.9473684210526314,512.5
2.4210526315789473,1.9473684210526314,553.125
2.4210526315789473,1.9473684210526314,593.75
2.4210526315789473,1.9473684210526314,634.375
2.4210526315789473,1.9473684210526314,675.0
2.4210526315789473,1.9473684210526314,715.625
2.4210526315789473,1.9473684210526314,756.25
2.4210526315789473,1.9473684210526314,796.875
2.4210526315789473,1.9473684210526314,837.5
2.4210526315789473,1.9473684210526314,878.125
2.4210526315789473,1.9473684210526314,918.75
2.4210526315789473,1.9473684210526314,959.375
2.4210526315789473,1.9473684210526314,1000.0
2.4210526315789473,2.4210526315789473,25.0
2.4210526315789473,2.4210526315789473,65.625
2.4210526315789473,2.4210526315789473,106.25
2.4210526315789473,2.4210526315789473,146.875
2.4210526315789473,2.4210526315789473,187.5
2.4210526315789473,2.4210526315789473,228.125
2.4210526315789473,2.4210526315789473,268.75
2.4210526315789473,2.4210526315789473,309.375
2.4210526315789473,2.4210526315789473,350.0
2.4210526315789473,2.4210526315789473,390.625
2.4210526315789473,2.4210526315789473,431.25
2.4210526315789473,2.4210526315789473,471.875
2.4210526315789473,2.4210526315789473,512.5
2.4210526315789473,2.4210526315789473,553.125
2.4210526315789473,2.4210526315789473,593.75
2.4210526315789473,2.4210526315789473,634.375
2.4210526315789473,2.4210526315789473,675.0
2.4210526315789473,2.4210526315789473,715.625
2.4210526315789473,2.4210526315789473,756.25
2.4210526315789473,2.4210526315789473,796.875
2.4210526315789473,2.4210526315789473,837.5
2.4210526315789473,2.4210526315789473,878.125
2.4210526315789473,2.4210526315789473,918.75
2.4210526315789473,2.4210526315789473,959.375
2.4210526315789473,2.4210526315789473,1000.0
2.4210526315789473,2.894736842105263,25.0
2.4210526315789473,2.894736842105263,65.625
2.4210526315789473,2.894736842105263,106.25
2.4210526315789473,2.894736842105263,146.875
2.4210526315789473,2.894736842105263,187.5
2.4210526315789473,2.894736842105263,228.125
2.4210526315789473,2.894736842105263,268.75
2.4210526315789473,2.894736842105263,309.375
2.4210526315789473,2.894736842105263,350.0
2.4210526315789473,2.894736842105263,390.625
2.4210526315789473,2.894736842105263,431.25
2.4210526315789473,2.894736842105263,471.875
2.4210526315789473,2.894736842105263,512.5
2.4210526315789473,2.894736842105263,553.125
2.4210526315789473,2.894736842105263,593.75
2.4210526315789473,2.894736842105263,634.375
2.4210526315789473,2.894736842105263,675.0
2.4210526315789473,2.894736842105263,715.625
2.4210526315789473,2.894736842105263,756.25
2.4210526315789473,2.894736842105263,796.875
2.4210526315789473,2.894736842105263,837.5
2.4210526315789473,2.894736842105263,878.125
2.4210526315789473,2.894736842105263,918.75
2.4210526315789473,2.894736842105263,959.375
2.4210526315789473,2.894736842105263,1000.0
2.4210526315789473,3.3684210526315788,25.0
2.4210526315789473,3.3684210526315788,65.625
2.4210526315789473,3.3684210526315788,106.25
2.4210526315789473,3.3684210526315788,146.875
2.4210526315789473,3.3684210526315788,187.5
2.4210526315789473,3.3684210526315788,228.125
2.4210526315789473,3.3684210526315788,268.75
2.4210526315789473,3.3684210526315788,309.375
2.4210526315789473,3.3684210526315788,350.0
2.4210526315789473,3.3684210526315788,390.625
2.4210526315789473,3.3684210526315788,431.25
2.4210526315789473,3.3684210526315788,471.875
2.4210526315789473,3.3684210526315788,512.5
2.4210526315789473,3.3684210526315788,553.125
2.4210526315789473,3.3684210526315788,593.75
2.4210526315789473,3.3684210526315788,634.375
2.4210526315789473,3.3684210526315788,675.0
2.4210526315789473,3.3684210526315788,715.625
2.4210526315789473,3.3684210526315788,756.25
2.4210526315789473,3.3684210526315788,796.875
2.4210526315789473,3.3684210526315788,837.5
2.4210526315789473,3.3684210526315788,878.125
2.4210526315789473,3.3684210526315788,918.75
2.4210526315789473,3.3684210526315788,959.375
2.4210526315789473,3.3684210526315788,1000.0
2.4210526315789473,3.8421052631578947,25.0
2.4210526315789473,3.8421052631578947,65.625
2.4210526315789473,3.8421052631578947,106.25
2.4210526315789473,3.8421052631578947,146.875
2.4210526315789473,3.8421052631578947,187.5
2.4210526315789473,3.8421052631578947,228.125
2.4210526315789473,3.8421052631578947,268.75
2.4210526315789473,3.8421052631578947,309.375
2.4210526315789473,3.8421052631578947,350.0
2.4210526315789473,3.8421052631578947,390.625
2.4210526315789473,3.8421052631578947,431.25
2.4210526315789473,3.8421052631578947,471.875
2.4210526315789473,3.8421052631578947,512.5
2.4210526315789473,3.8421052631578947,553.125
2.4210526315789473,3.8421052631578947,593.75
2.4210526315789473,3.8421052631578947,634.375
2.4210526315789473,3.8421052631578947,675.0
2.4210526315789473,3.8421052631578947,715.625
2.4210526315789473,3.8421052631578947,756.25
2.4210526315789473,3.8421052631578947,796.875
2.4210526315789473,3.8421052631578947,837.5
2.4210526315789473,3.8421052631578947,878.125
2.4210526315789473,3.8421052631578947,918.75
2.4210526315789473,3.8421052631578947,959.375
2.4210526315789473,3.8421052631578947,1000.0
2.4210526315789473,4.315789473684211,25.0
2.4210526315789473,4.315789473684211,65.625
2.4210526315789473,4.315789473684211,106.25
2.4210526315789473,4.315789473684211,146.875
2.4210526315789473,4.315789473684211,187.5
2.4210526315789473,4.315789473684211,228.125
2.4210526315789473,4.315789473684211,268.75
2.4210526315789473,4.315789473684211,309.375
2.4210526315789473,4.315789473684211,350.0
2.4210526315789473,4.315789473684211,390.625
2.4210526315789473,4.315789473684211,431.25
2.4210526315789473,4.315789473684211,471.875
2.4210526315789473,4.315789473684211,512.5
2.4210526315789473,4.315789473684211,553.125
2.4210526315789473,4.315789473684211,593.75
2.4210526315789473,4.315789473684211,634.375
2.4210526315789473,4.315789473684211,675.0
2.4210526315789473,4.315789473684211,715.625
2.4210526315789473,4.315789473684211,756.25
2.4210526315789473,4.315789473684211,796.875
2.4210526315789473,4.315789473684211,837.5
2.4210526315789473,4.315789473684211,878.125
2.4210526315789473,4.315789473684211,918.75
2.4210526315789473,4.315789473684211,959.375
2.4210526315789473,4.315789473684211,1000.0
2.4210526315789473,4.789473684210526,25.0
2.4210526315789473,4.789473684210526,65.625
2.4210526315789473,4.789473684210526,106.25
2.4210526315789473,4.789473684210526,146.875
2.4210526315789473,4.789473684210526,187.5
2.4210526315789473,4.789473684210526,228.125
2.4210526315789473,4.789473684210526,268.75
2.4210526315789473,4.789473684210526,309.375
2.4210526315789473,4.789473684210526,350.0
2.4210526315789473,4.789473684210526,390.625
2.4210526315789473,4.789473684210526,431.25
2.4210526315789473,4.789473684210526,471.875
2.4210526315789473,4.789473684210526,512.5
2.4210526315789473,4.789473684210526,553.125
2.4210526315789473,4.789473684210526,593.75
2.4210526315789473,4.789473684210526,634.375
2.4210526315789473,4.789473684210526,675.0
2.4210526315789473,4.789473684210526,715.625
2.4210526315789473,4.789473684210526,756.25
2.4210526315789473,4.789473684210526,796.875
2.4210526315789473,4.789473684210526,837.5
2.4210526315789473,4.789473684210526,878.125
2.4210526315789473,4.789473684210526,918.75
2.4210526315789473,4.789473684210526,959.375
2.4210526315789473,4.789473684210526,1000.0
2.4210526315789473,5.263157894736842,25.0
2.4210526315789473,5.263157894736842,65.625
2.4210526315789473,5.263157894736842,106.25
2.4210526315789473,5.263157894736842,146.875
2.4210526315789473,5.263157894736842,187.5
2.4210526315789473,5.263157894736842,228.125
2.4210526315789473,5.263157894736842,268.75
2.4210526315789473,5.263157894736842,309.375
2.4210526315789473,5.263157894736842,350.0
2.4210526315789473,5.263157894736842,390.625
2.4210526315789473,5.263157894736842,431.25
2.4210526315789473,5.263157894736842,471.875
2.4210526315789473,5.263157894736842,512.5
2.4210526315789473,5.263157894736842,553.125
2.4210526315789473,5.263157894736842,593.75
2.4210526315789473,5.263157894736842,634.375
2.4210526315789473,5.263157894736842,675.0
2.4210526315789473,5.263157894736842,715.625
2.4210526315789473,5.263157894736842,756.25
2.4210526315789473,5.263157894736842,796.875
2.4210526315789473,5.263157894736842,837.5
2.4210526315789473,5.263157894736842,878.125
2.4210526315789473,5.263157894736842,918.75
2.4210526315789473,5.263157894736842,959.375
2.4210526315789473,5.263157894736842,1000.0
2.4210526315789473,5.7368421052631575,25.0
2.4210526315789473,5.7368421052631575,65.625
2.4210526315789473,5.7368421052631575,106.25
2.4210526315789473,5.7368421052631575,146.875
2.4210526315789473,5.7368421052631575,187.5
2.4210526315789473,5.7368421052631575,228.125
2.4210526315789473,5.7368421052631575,268.75
2.4210526315789473,5.7368421052631575,309.375
2.4210526315789473,5.7368421052631575,350.0
2.4210526315789473,5.7368421052631575,390.625
2.4210526315789473,5.7368421052631575,431.25
2.4210526315789473,5.7368421052631575,471.875
2.4210526315789473,5.7368421052631575,512.5
2.4210526315789473,5.7368421052631575,553.125
2.4210526315789473,5.7368421052631575,593.75
2.4210526315789473,5.7368421052631575,634.375
2.4210526315789473,5.7368421052631575,675.0
2.4210526315789473,5.7368421052631575,715.625
2.4210526315789473,5.7368421052631575,756.25
2.4210526315789473,5.7368421052631575,796.875
2.4210526315789473,5.7368421052631575,837.5
2.4210526315789473,5.7368421052631575,878.125
2.4210526315789473,5.7368421052631575,918.75
2.4210526315789473,5.7368421052631575,959.375
2.4210526315789473,5.7368421052631575,1000.0
2.4210526315789473,6.2105263157894735,25.0
2.4210526315789473,6.2105263157894735,65.625
2.4210526315789473,6.2105263157894735,106.25
2.4210526315789473,6.2105263157894735,146.875
2.4210526315789473,6.2105263157894735,187.5
2.4210526315789473,6.2105263157894735,228.125
2.4210526315789473,6.2105263157894735,268.75
2.4210526315789473,6.2105263157894735,309.375
2.4210526315789473,6.2105263157894735,350.0
2.4210526315789473,6.2105263157894735,390.625
2.4210526315789473,6.2105263157894735,431.25
2.4210526315789473,6.2105263157894735,471.875
2.4210526315789473,6.2105263157894735,512.5
2.4210526315789473,6.2105263157894735,553.125
2.4210526315789473,6.2105263157894735,593.75
2.4210526315789473,6.2105263157894735,634.375
2.4210526315789473,6.2105263157894735,675.0
2.4210526315789473,6.2105263157894735,715.625
2.4210526315789473,6.2105263157894735,756.25
2.4210526315789473,6.2105263157894735,796.875
2.4210526315789473,6.2105263157894735,837.5
2.4210526315789473,6.2105263157894735,878.125
2.4210526315789473,6.2105263157894735,918.75
2.4210526315789473,6.2105263157894735,959.375
2.4210526315789473,6.2105263157894735,1000.0
2.4210526315789473,6.684210526315789,25.0
2.4210526315789473,6.684210526315789,65.625
2.4210526315789473,6.684210526315789,106.25
2.4210526315789473,6.684210526315789,146.875
2.4210526315789473,6.684210526315789,187.5
2.4210526315789473,6.684210526315789,228.125
2.4210526315789473,6.684210526315789,268.75
2.4210526315789473,6.684210526315789,309.375
2.4210526315789473,6.684210526315789,350.0
2.4210526315789473,6.684210526315789,390.625
2.4210526315789473,6.684210526315789,431.25
2.4210526315789473,6.684210526315789,471.875
2.4210526315789473,6.684210526315789,512.5
2.4210526315789473,6.684210526315789,553.125
2.4210526315789473,6.684210526315789,593.75
2.4210526315789473,6.684210526315789,634.375
2.4210526315789473,6.684210526315789,675.0
2.4210526315789473,6.684210526315789,715.625
2.4210526315789473,6.684210526315789,756.25
2.4210526315789473,6.684210526315789,796.875
2.4210526315789473,6.684210526315789,837.5
2.4210526315789473,6.684210526315789,878.125
2.4210526315789473,6.684210526315789,918.75
2.4210526315789473,6.684210526315789,959.375
2.4210526315789473,6.684210526315789,1000.0
2.4210526315789473,7.157894736842105,25.0
2.4210526315789473,7.157894736842105,65.625
2.4210526315789473,7.157894736842105,106.25
2.4210526315789473,7.157894736842105,146.875
2.4210526315789473,7.157894736842105,187.5
2.4210526315789473,7.157894736842105,228.125
2.4210526315789473,7.157894736842105,268.75
2.4210526315789473,7.157894736842105,309.375
2.4210526315789473,7.157894736842105,350.0
2.4210526315789473,7.157894736842105,390.625
2.4210526315789473,7.157894736842105,431.25
2.4210526315789473,7.157894736842105,471.875
2.4210526315789473,7.157894736842105,512.5
2.4210526315789473,7.157894736842105,553.125
2.4210526315789473,7.157894736842105,593.75
2.4210526315789473,7.157894736842105,634.375
2.4210526315789473,7.157894736842105,675.0
2.4210526315789473,7.157894736842105,715.625
2.4210526315789473,7.157894736842105,756.25
2.4210526315789473,7.157894736842105,796.875
2.4210526315789473,7.157894736842105,837.5
2.4210526315789473,7.157894736842105,878.125
2.4210526315789473,7.157894736842105,918.75
2.4210526315789473,7.157894736842105,959.375
2.4210526315789473,7.157894736842105,1000.0
2.4210526315789473,7.63157894736842,25.0
2.4210526315789473,7.63157894736842,65.625
2.4210526315789473,7.63157894736842,106.25
2.4210526315789473,7.63157894736842,146.875
2.4210526315789473,7.63157894736842,187.5
2.4210526315789473,7.63157894736842,228.125
2.4210526315789473,7.63157894736842,268.75
2.4210526315789473,7.63157894736842,309.375
2.4210526315789473,7.63157894736842,350.0
2.4210526315789473,7.63157894736842,390.625
2.4210526315789473,7.63157894736842,431.25
2.4210526315789473,7.63157894736842,471.875
2.4210526315789473,7.63157894736842,512.5
2.4210526315789473,7.63157894736842,553.125
2.4210526315789473,7.63157894736842,593.75
2.4210526315789473,7.63157894736842,634.375
2.4210526315789473,7.63157894736842,675.0
2.4210526315789473,7.63157894736842,715.625
2.4210526315789473,7.63157894736842,756.25
2.4210526315789473,7.63157894736842,796.875
2.4210526315789473,7.63157894736842,837.5
2.4210526315789473,7.63157894736842,878.125
2.4210526315789473,7.63157894736842,918.75
2.4210526315789473,7.63157894736842,959.375
2.4210526315789473,7.63157894736842,1000.0
2.4210526315789473,8.105263157894736,25.0
2.4210526315789473,8.105263157894736,65.625
2.4210526315789473,8.105263157894736,106.25
2.4210526315789473,8.105263157894736,146.875
2.4210526315789473,8.105263157894736,187.5
2.4210526315789473,8.105263157894736,228.125
2.4210526315789473,8.105263157894736,268.75
2.4210526315789473,8.105263157894736,309.375
2.4210526315789473,8.105263157894736,350.0
2.4210526315789473,8.105263157894736,390.625
2.4210526315789473,8.105263157894736,431.25
2.4210526315789473,8.105263157894736,471.875
2.4210526315789473,8.105263157894736,512.5
2.4210526315789473,8.105263157894736,553.125
2.4210526315789473,8.105263157894736,593.75
2.4210526315789473,8.105263157894736,634.375
2.4210526315789473,8.105263157894736,675.0
2.4210526315789473,8.105263157894736,715.625
2.4210526315789473,8.105263157894736,756.25
2.4210526315789473,8.105263157894736,796.875
2.4210526315789473,8.105263157894736,837.5
2.4210526315789473,8.105263157894736,878.125
2.4210526315789473,8.105263157894736,918.75
2.4210526315789473,8.105263157894736,959.375
2.4210526315789473,8.105263157894736,1000.0
2.4210526315789473,8.578947368421051,25.0
2.4210526315789473,8.578947368421051,65.625
2.4210526315789473,8.578947368421051,106.25
2.4210526315789473,8.578947368421051,146.875
2.4210526315789473,8.578947368421051,187.5
2.4210526315789473,8.578947368421051,228.125
2.4210526315789473,8.578947368421051,268.75
2.4210526315789473,8.578947368421051,309.375
2.4210526315789473,8.578947368421051,350.0
2.4210526315789473,8.578947368421051,390.625
2.4210526315789473,8.578947368421051,431.25
2.4210526315789473,8.578947368421051,471.875
2.4210526315789473,8.578947368421051,512.5
2.4210526315789473,8.578947368421051,553.125
2.4210526315789473,8.578947368421051,593.75
2.4210526315789473,8.578947368421051,634.375
2.4210526315789473,8.578947368421051,675.0
2.4210526315789473,8.578947368421051,715.625
2.4210526315789473,8.578947368421051,756.25
2.4210526315789473,8.578947368421051,796.875
2.4210526315789473,8.578947368421051,837.5
2.4210526315789473,8.578947368421051,878.125
2.4210526315789473,8.578947368421051,918.75
2.4210526315789473,8.578947368421051,959.375
2.4210526315789473,8.578947368421051,1000.0
2.4210526315789473,9.052631578947368,25.0
2.4210526315789473,9.052631578947368,65.625
2.4210526315789473,9.052631578947368,106.25
2.4210526315789473,9.052631578947368,146.875
2.4210526315789473,9.052631578947368,187.5
2.4210526315789473,9.052631578947368,228.125
2.4210526315789473,9.052631578947368,268.75
2.4210526315789473,9.052631578947368,309.375
2.4210526315789473,9.052631578947368,350.0
2.4210526315789473,9.052631578947368,390.625
2.4210526315789473,9.052631578947368,431.25
2.4210526315789473,9.052631578947368,471.875
2.4210526315789473,9.052631578947368,512.5
2.4210526315789473,9.052631578947368,553.125
2.4210526315789473,9.052631578947368,593.75
2.4210526315789473,9.052631578947368,634.375
2.4210526315789473,9.052631578947368,675.0
2.4210526315789473,9.052631578947368,715.625
2.4210526315789473,9.052631578947368,756.25
2.4210526315789473,9.052631578947368,796.875
2.4210526315789473,9.052631578947368,837.5
2.4210526315789473,9.052631578947368,878.125
2.4210526315789473,9.052631578947368,918.75
2.4210526315789473,9.052631578947368,959.375
2.4210526315789473,9.052631578947368,1000.0
2.4210526315789473,9.526315789473683,25.0
2.4210526315789473,9.526315789473683,65.625
2.4210526315789473,9.526315789473683,106.25
2.4210526315789473,9.526315789473683,146.875
2.4210526315789473,9.526315789473683,187.5
2.4210526315789473,9.526315789473683,228.125
2.4210526315789473,9.526315789473683,268.75
2.4210526315789473,9.526315789473683,309.375
2.4210526315789473,9.526315789473683,350.0
2.4210526315789473,9.526315789473683,390.625
2.4210526315789473,9.526315789473683,431.25
2.4210526315789473,9.526315789473683,471.875
2.4210526315789473,9.526315789473683,512.5
2.4210526315789473,9.526315789473683,553.125
2.4210526315789473,9.526315789473683,593.75
2.4210526315789473,9.526315789473683,634.375
2.4210526315789473,9.526315789473683,675.0
2.4210526315789473,9.526315789473683,715.625
2.4210526315789473,9.526315789473683,756.25
2.4210526315789473,9.526315789473683,796.875
2.4210526315789473,9.526315789473683,837.5
2.4210526315789473,9.526315789473683,878.125
2.4210526315789473,9.526315789473683,918.75
2.4210526315789473,9.526315789473683,959.375
2.4210526315789473,9.526315789473683,1000.0
2.4210526315789473,10.0,25.0
2.4210526315789473,10.0,65.625
2.4210526315789473,10.0,106.25
2.4210526315789473,10.0,146.875
2.4210526315789473,10.0,187.5
2.4210526315789473,10.0,228.125
2.4210526315789473,10.0,268.75
2.4210526315789473,10.0,309.375
2.4210526315789473,10.0,350.0
2.4210526315789473,10.0,390.625
2.4210526315789473,10.0,431.25
2.4210526315789473,10.0,471.875
2.4210526315789473,10.0,512.5
2.4210526315789473,10.0,553.125
2.4210526315789473,10.0,593.75
2.4210526315789473,10.0,634.375
2.4210526315789473,10.0,675.0
2.4210526315789473,10.0,715.625
2.4210526315789473,10.0,756.25
2.4210526315789473,10.0,796.875
2.4210526315789473,10.0,837.5
2.4210526315789473,10.0,878.125
2.4210526315789473,10.0,918.75
2.4210526315789473,10.0,959.375
2.4210526315789473,10.0,1000.0
2.894736842105263,1.0,25.0
2.894736842105263,1.0,65.625
2.894736842105263,1.0,106.25
2.894736842105263,1.0,146.875
2.894736842105263,1.0,187.5
2.894736842105263,1.0,228.125
2.894736842105263,1.0,268.75
2.894736842105263,1.0,309.375
2.894736842105263,1.0,350.0
2.894736842105263,1.0,390.625
2.894736842105263,1.0,431.25
2.894736842105263,1.0,471.875
2.894736842105263,1.0,512.5
2.894736842105263,1.0,553.125
2.894736842105263,1.0,593.75
2.894736842105263,1.0,634.375
2.894736842105263,1.0,675.0
2.894736842105263,1.0,715.625
2.894736842105263,1.0,756.25
2.894736842105263,1.0,796.875
2.894736842105263,1.0,837.5
2.894736842105263,1.0,878.125
2.894736842105263,1.0,918.75
2.894736842105263,1.0,959.375
2.894736842105263,1.0,1000.0
2.894736842105263,1.4736842105263157,25.0
2.894736842105263,1.4736842105263157,65.625
2.894736842105263,1.4736842105263157,106.25
2.894736842105263,1.4736842105263157,146.875
2.894736842105263,1.4736842105263157,187.5
2.894736842105263,1.4736842105263157,228.125
2.894736842105263,1.4736842105263157,268.75
2.894736842105263,1.4736842105263157,309.375
2.894736842105263,1.4736842105263157,350.0
2.894736842105263,1.4736842105263157,390.625
2.894736842105263,1.4736842105263157,431.25
2.894736842105263,1.4736842105263157,471.875
2.894736842105263,1.4736842105263157,512.5
2.894736842105263,1.4736842105263157,553.125
2.894736842105263,1.4736842105263157,593.75
2.894736842105263,1.4736842105263157,634.375
2.894736842105263,1.4736842105263157,675.0
2.894736842105263,1.4736842105263157,715.625
2.894736842105263,1.4736842105263157,756.25
2.894736842105263,1.4736842105263157,796.875
2.894736842105263,1.4736842105263157,837.5
2.894736842105263,1.4736842105263157,878.125
2.894736842105263,1.4736842105263157,918.75
2.894736842105263,1.4736842105263157,959.375
2.894736842105263,1.4736842105263157,1000.0
2.894736842105263,1.9473684210526314,25.0
2.894736842105263,1.9473684210526314,65.625
2.894736842105263,1.9473684210526314,106.25
2.894736842105263,1.9473684210526314,146.875
2.894736842105263,1.9473684210526314,187.5
2.894736842105263,1.9473684210526314,228.125
2.894736842105263,1.9473684210526314,268.75
2.894736842105263,1.9473684210526314,309.375
2.894736842105263,1.9473684210526314,350.0
2.894736842105263,1.9473684210526314,390.625
2.894736842105263,1.9473684210526314,431.25
2.894736842105263,1.9473684210526314,471.875
2.894736842105263,1.9473684210526314,512.5
2.894736842105263,1.9473684210526314,553.125
2.894736842105263,1.9473684210526314,593.75
2.894736842105263,1.9473684210526314,634.375
2.894736842105263,1.9473684210526314,675.0
2.894736842105263,1.9473684210526314,715.625
2.894736842105263,1.9473684210526314,756.25
2.894736842105263,1.9473684210526314,796.875
2.894736842105263,1.9473684210526314,837.5
2.894736842105263,1.9473684210526314,878.125
2.894736842105263,1.9473684210526314,918.75
2.894736842105263,1.9473684210526314,959.375
2.894736842105263,1.9473684210526314,1000.0
2.894736842105263,2.4210526315789473,25.0
2.894736842105263,2.4210526315789473,65.625
2.894736842105263,2.4210526315789473,106.25
2.894736842105263,2.4210526315789473,146.875
2.894736842105263,2.4210526315789473,187.5
2.894736842105263,2.4210526315789473,228.125
2.894736842105263,2.4210526315789473,268.75
2.894736842105263,2.4210526315789473,309.375
2.894736842105263,2.4210526315789473,350.0
2.894736842105263,2.4210526315789473,390.625
2.894736842105263,2.4210526315789473,431.25
2.894736842105263,2.4210526315789473,471.875
2.894736842105263,2.4210526315789473,512.5
2.894736842105263,2.4210526315789473,553.125
2.894736842105263,2.4210526315789473,593.75
2.894736842105263,2.4210526315789473,634.375
2.894736842105263,2.4210526315789473,675.0
2.894736842105263,2.4210526315789473,715.625
2.894736842105263,2.4210526315789473,756.25
2.894736842105263,2.4210526315789473,796.875
2.894736842105263,2.4210526315789473,837.5
2.894736842105263,2.4210526315789473,878.125
2.894736842105263,2.4210526315789473,918.75
2.894736842105263,2.4210526315789473,959.375
2.894736842105263,2.4210526315789473,1000.0
2.894736842105263,2.894736842105263,25.0
2.894736842105263,2.894736842105263,65.625
2.894736842105263,2.894736842105263,106.25
2.894736842105263,2.894736842105263,146.875
2.894736842105263,2.894736842105263,187.5
2.894736842105263,2.894736842105263,228.125
2.894736842105263,2.894736842105263,268.75
2.894736842105263,2.894736842105263,309.375
2.894736842105263,2.894736842105263,350.0
2.894736842105263,2.894736842105263,390.625
2.894736842105263,2.894736842105263,431.25
2.894736842105263,2.894736842105263,471.875
2.894736842105263,2.894736842105263,512.5
2.894736842105263,2.894736842105263,553.125
2.894736842105263,2.894736842105263,593.75
2.894736842105263,2.894736842105263,634.375
2.894736842105263,2.894736842105263,675.0
2.894736842105263,2.894736842105263,715.625
2.894736842105263,2.894736842105263,756.25
2.894736842105263,2.894736842105263,796.875
2.894736842105263,2.894736842105263,837.5
2.894736842105263,2.894736842105263,878.125
2.894736842105263,2.894736842105263,918.75
2.894736842105263,2.894736842105263,959.375
2.894736842105263,2.894736842105263,1000.0
2.894736842105263,3.3684210526315788,25.0
2.894736842105263,3.3684210526315788,65.625
2.894736842105263,3.3684210526315788,106.25
2.894736842105263,3.3684210526315788,146.875
2.894736842105263,3.3684210526315788,187.5
2.894736842105263,3.3684210526315788,228.125
2.894736842105263,3.3684210526315788,268.75
2.894736842105263,3.3684210526315788,309.375
2.894736842105263,3.3684210526315788,350.0
2.894736842105263,3.3684210526315788,390.625
2.894736842105263,3.3684210526315788,431.25
2.894736842105263,3.3684210526315788,471.875
2.894736842105263,3.3684210526315788,512.5
2.894736842105263,3.3684210526315788,553.125
2.894736842105263,3.3684210526315788,593.75
2.894736842105263,3.3684210526315788,634.375
2.894736842105263,3.3684210526315788,675.0
2.894736842105263,3.3684210526315788,715.625
2.894736842105263,3.3684210526315788,756.25
2.894736842105263,3.3684210526315788,796.875
2.894736842105263,3.3684210526315788,837.5
2.894736842105263,3.3684210526315788,878.125
2.894736842105263,3.3684210526315788,918.75
2.894736842105263,3.3684210526315788,959.375
2.894736842105263,3.3684210526315788,1000.0
2.894736842105263,3.8421052631578947,25.0
2.894736842105263,3.8421052631578947,65.625
2.894736842105263,3.8421052631578947,106.25
2.894736842105263,3.8421052631578947,146.875
2.894736842105263,3.8421052631578947,187.5
2.894736842105263,3.8421052631578947,228.125
2.894736842105263,3.8421052631578947,268.75
2.894736842105263,3.8421052631578947,309.375
2.894736842105263,3.8421052631578947,350.0
2.894736842105263,3.8421052631578947,390.625
2.894736842105263,3.8421052631578947,431.25
2.894736842105263,3.8421052631578947,471.875
2.894736842105263,3.8421052631578947,512.5
2.894736842105263,3.8421052631578947,553.125
2.894736842105263,3.8421052631578947,593.75
2.894736842105263,3.8421052631578947,634.375
2.894736842105263,3.8421052631578947,675.0
2.894736842105263,3.8421052631578947,715.625
2.894736842105263,3.8421052631578947,756.25
2.894736842105263,3.8421052631578947,796.875
2.894736842105263,3.8421052631578947,837.5
2.894736842105263,3.8421052631578947,878.125
2.894736842105263,3.8421052631578947,918.75
2.894736842105263,3.8421052631578947,959.375
2.894736842105263,3.8421052631578947,1000.0
2.894736842105263,4.315789473684211,25.0
2.894736842105263,4.315789473684211,65.625
2.894736842105263,4.315789473684211,106.25
2.894736842105263,4.315789473684211,146.875
2.894736842105263,4.315789473684211,187.5
2.894736842105263,4.315789473684211,228.125
2.894736842105263,4.315789473684211,268.75
2.894736842105263,4.315789473684211,309.375
2.894736842105263,4.315789473684211,350.0
2.894736842105263,4.315789473684211,390.625
2.894736842105263,4.315789473684211,431.25
2.894736842105263,4.315789473684211,471.875
2.894736842105263,4.315789473684211,512.5
2.894736842105263,4.315789473684211,553.125
2.894736842105263,4.315789473684211,593.75
2.894736842105263,4.315789473684211,634.375
2.894736842105263,4.315789473684211,675.0
2.894736842105263,4.315789473684211,715.625
2.894736842105263,4.315789473684211,756.25
2.894736842105263,4.315789473684211,796.875
2.894736842105263,4.315789473684211,837.5
2.894736842105263,4.315789473684211,878.125
2.894736842105263,4.315789473684211,918.75
2.894736842105263,4.315789473684211,959.375
2.894736842105263,4.315789473684211,1000.0
2.894736842105263,4.789473684210526,25.0
2.894736842105263,4.789473684210526,65.625
2.894736842105263,4.789473684210526,106.25
2.894736842105263,4.789473684210526,146.875
2.894736842105263,4.789473684210526,187.5
2.894736842105263,4.789473684210526,228.125
2.894736842105263,4.789473684210526,268.75
2.894736842105263,4.789473684210526,309.375
2.894736842105263,4.789473684210526,350.0
2.894736842105263,4.789473684210526,390.625
2.894736842105263,4.789473684210526,431.25
2.894736842105263,4.789473684210526,471.875
2.894736842105263,4.789473684210526,512.5
2.894736842105263,4.789473684210526,553.125
2.894736842105263,4.789473684210526,593.75
2.894736842105263,4.789473684210526,634.375
2.894736842105263,4.789473684210526,675.0
2.894736842105263,4.789473684210526,715.625
2.894736842105263,4.789473684210526,756.25
2.894736842105263,4.789473684210526,796.875
2.894736842105263,4.789473684210526,837.5
2.894736842105263,4.789473684210526,878.125
2.894736842105263,4.789473684210526,918.75
2.894736842105263,4.789473684210526,959.375
2.894736842105263,4.789473684210526,1000.0
2.894736842105263,5.263157894736842,25.0
2.894736842105263,5.263157894736842,65.625
2.894736842105263,5.263157894736842,106.25
2.894736842105263,5.263157894736842,146.875
2.894736842105263,5.263157894736842,187.5
2.894736842105263,5.263157894736842,228.125
2.894736842105263,5.263157894736842,268.75
2.894736842105263,5.263157894736842,309.375
2.894736842105263,5.263157894736842,350.0
2.894736842105263,5.263157894736842,390.625
2.894736842105263,5.263157894736842,431.25
2.894736842105263,5.263157894736842,471.875
2.894736842105263,5.263157894736842,512.5
2.894736842105263,5.263157894736842,553.125
2.894736842105263,5.263157894736842,593.75
2.894736842105263,5.263157894736842,634.375
2.894736842105263,5.263157894736842,675.0
2.894736842105263,5.263157894736842,715.625
2.894736842105263,5.263157894736842,756.25
2.894736842105263,5.263157894736842,796.875
2.894736842105263,5.263157894736842,837.5
2.894736842105263,5.263157894736842,878.125
2.894736842105263,5.263157894736842,918.75
2.894736842105263,5.263157894736842,959.375
2.894736842105263,5.263157894736842,1000.0
2.894736842105263,5.7368421052631575,25.0
2.894736842105263,5.7368421052631575,65.625
2.894736842105263,5.7368421052631575,106.25
2.894736842105263,5.7368421052631575,146.875
2.894736842105263,5.7368421052631575,187.5
2.894736842105263,5.7368421052631575,228.125
2.894736842105263,5.7368421052631575,268.75
2.894736842105263,5.7368421052631575,309.375
2.894736842105263,5.7368421052631575,350.0
2.894736842105263,5.7368421052631575,390.625
2.894736842105263,5.7368421052631575,431.25
2.894736842105263,5.7368421052631575,471.875
2.894736842105263,5.7368421052631575,512.5
2.894736842105263,5.7368421052631575,553.125
2.894736842105263,5.7368421052631575,593.75
2.894736842105263,5.7368421052631575,634.375
2.894736842105263,5.7368421052631575,675.0
2.894736842105263,5.7368421052631575,715.625
2.894736842105263,5.7368421052631575,756.25
2.894736842105263,5.7368421052631575,796.875
2.894736842105263,5.7368421052631575,837.5
2.894736842105263,5.7368421052631575,878.125
2.894736842105263,5.7368421052631575,918.75
2.894736842105263,5.7368421052631575,959.375
2.894736842105263,5.7368421052631575,1000.0
2.894736842105263,6.2105263157894735,25.0
2.894736842105263,6.2105263157894735,65.625
2.894736842105263,6.2105263157894735,106.25
2.894736842105263,6.2105263157894735,146.875
2.894736842105263,6.2105263157894735,187.5
2.894736842105263,6.2105263157894735,228.125
2.894736842105263,6.2105263157894735,268.75
2.894736842105263,6.2105263157894735,309.375
2.894736842105263,6.2105263157894735,350.0
2.894736842105263,6.2105263157894735,390.625
2.894736842105263,6.2105263157894735,431.25
2.894736842105263,6.2105263157894735,471.875
2.894736842105263,6.2105263157894735,512.5
2.894736842105263,6.2105263157894735,553.125
2.894736842105263,6.2105263157894735,593.75
2.894736842105263,6.2105263157894735,634.375
2.894736842105263,6.2105263157894735,675.0
2.894736842105263,6.2105263157894735,715.625
2.894736842105263,6.2105263157894735,756.25
2.894736842105263,6.2105263157894735,796.875
2.894736842105263,6.2105263157894735,837.5
2.894736842105263,6.2105263157894735,878.125
2.894736842105263,6.2105263157894735,918.75
2.894736842105263,6.2105263157894735,959.375
2.894736842105263,6.2105263157894735,1000.0
2.894736842105263,6.684210526315789,25.0
2.894736842105263,6.684210526315789,65.625
2.894736842105263,6.684210526315789,106.25
2.894736842105263,6.684210526315789,146.875
2.894736842105263,6.684210526315789,187.5
2.894736842105263,6.684210526315789,228.125
2.894736842105263,6.684210526315789,268.75
2.894736842105263,6.684210526315789,309.375
2.894736842105263,6.684210526315789,350.0
2.894736842105263,6.684210526315789,390.625
2.894736842105263,6.684210526315789,431.25
2.894736842105263,6.684210526315789,471.875
2.894736842105263,6.684210526315789,512.5
2.894736842105263,6.684210526315789,553.125
2.894736842105263,6.684210526315789,593.75
2.894736842105263,6.684210526315789,634.375
2.894736842105263,6.684210526315789,675.0
2.894736842105263,6.684210526315789,715.625
2.894736842105263,6.684210526315789,756.25
2.894736842105263,6.684210526315789,796.875
2.894736842105263,6.684210526315789,837.5
2.894736842105263,6.684210526315789,878.125
2.894736842105263,6.684210526315789,918.75
2.894736842105263,6.684210526315789,959.375
2.894736842105263,6.684210526315789,1000.0
2.894736842105263,7.157894736842105,25.0
2.894736842105263,7.157894736842105,65.625
2.894736842105263,7.157894736842105,106.25
2.894736842105263,7.157894736842105,146.875
2.894736842105263,7.157894736842105,187.5
2.894736842105263,7.157894736842105,228.125
2.894736842105263,7.157894736842105,268.75
2.894736842105263,7.157894736842105,309.375
2.894736842105263,7.157894736842105,350.0
2.894736842105263,7.157894736842105,390.625
2.894736842105263,7.157894736842105,431.25
2.894736842105263,7.157894736842105,471.875
2.894736842105263,7.157894736842105,512.5
2.894736842105263,7.157894736842105,553.125
2.894736842105263,7.157894736842105,593.75
2.894736842105263,7.157894736842105,634.375
2.894736842105263,7.157894736842105,675.0
2.894736842105263,7.157894736842105,715.625
2.894736842105263,7.157894736842105,756.25
2.894736842105263,7.157894736842105,796.875
2.894736842105263,7.157894736842105,837.5
2.894736842105263,7.157894736842105,878.125
2.894736842105263,7.157894736842105,918.75
2.894736842105263,7.157894736842105,959.375
2.894736842105263,7.157894736842105,1000.0
2.894736842105263,7.63157894736842,25.0
2.894736842105263,7.63157894736842,65.625
2.894736842105263,7.63157894736842,106.25
2.894736842105263,7.63157894736842,146.875
2.894736842105263,7.63157894736842,187.5
2.894736842105263,7.63157894736842,228.125
2.894736842105263,7.63157894736842,268.75
2.894736842105263,7.63157894736842,309.375
2.894736842105263,7.63157894736842,350.0
2.894736842105263,7.63157894736842,390.625
2.894736842105263,7.63157894736842,431.25
2.894736842105263,7.63157894736842,471.875
2.894736842105263,7.63157894736842,512.5
2.894736842105263,7.63157894736842,553.125
2.894736842105263,7.63157894736842,593.75
2.894736842105263,7.63157894736842,634.375
2.894736842105263,7.63157894736842,675.0
2.894736842105263,7.63157894736842,715.625
2.894736842105263,7.63157894736842,756.25
2.894736842105263,7.63157894736842,796.875
2.894736842105263,7.63157894736842,837.5
2.894736842105263,7.63157894736842,878.125
2.894736842105263,7.63157894736842,918.75
2.894736842105263,7.63157894736842,959.375
2.894736842105263,7.63157894736842,1000.0
2.894736842105263,8.105263157894736,25.0
2.894736842105263,8.105263157894736,65.625
2.894736842105263,8.105263157894736,106.25
2.894736842105263,8.105263157894736,146.875
2.894736842105263,8.105263157894736,187.5
2.894736842105263,8.105263157894736,228.125
2.894736842105263,8.105263157894736,268.75
2.894736842105263,8.105263157894736,309.375
2.894736842105263,8.105263157894736,350.0
2.894736842105263,8.105263157894736,390.625
2.894736842105263,8.105263157894736,431.25
2.894736842105263,8.105263157894736,471.875
2.894736842105263,8.105263157894736,512.5
2.894736842105263,8.105263157894736,553.125
2.894736842105263,8.105263157894736,593.75
2.894736842105263,8.105263157894736,634.375
2.894736842105263,8.105263157894736,675.0
2.894736842105263,8.105263157894736,715.625
2.894736842105263,8.105263157894736,756.25
2.894736842105263,8.105263157894736,796.875
2.894736842105263,8.105263157894736,837.5
2.894736842105263,8.105263157894736,878.125
2.894736842105263,8.105263157894736,918.75
2.894736842105263,8.105263157894736,959.375
2.894736842105263,8.105263157894736,1000.0
2.894736842105263,8.578947368421051,25.0
2.894736842105263,8.578947368421051,65.625
2.894736842105263,8.578947368421051,106.25
2.894736842105263,8.578947368421051,146.875
2.894736842105263,8.578947368421051,187.5
2.894736842105263,8.578947368421051,228.125
2.894736842105263,8.578947368421051,268.75
2.894736842105263,8.578947368421051,309.375
2.894736842105263,8.578947368421051,350.0
2.894736842105263,8.578947368421051,390.625
2.894736842105263,8.578947368421051,431.25
2.894736842105263,8.578947368421051,471.875
2.894736842105263,8.578947368421051,512.5
2.894736842105263,8.578947368421051,553.125
2.894736842105263,8.578947368421051,593.75
2.894736842105263,8.578947368421051,634.375
2.894736842105263,8.578947368421051,675.0
2.894736842105263,8.578947368421051,715.625
2.894736842105263,8.578947368421051,756.25
2.894736842105263,8.578947368421051,796.875
2.894736842105263,8.578947368421051,837.5
2.894736842105263,8.578947368421051,878.125
2.894736842105263,8.578947368421051,918.75
2.894736842105263,8.578947368421051,959.375
2.894736842105263,8.578947368421051,1000.0
2.894736842105263,9.052631578947368,25.0
2.894736842105263,9.052631578947368,65.625
2.894736842105263,9.052631578947368,106.25
2.894736842105263,9.052631578947368,146.875
2.894736842105263,9.052631578947368,187.5
2.894736842105263,9.052631578947368,228.125
2.894736842105263,9.052631578947368,268.75
2.894736842105263,9.052631578947368,309.375
2.894736842105263,9.052631578947368,350.0
2.894736842105263,9.052631578947368,390.625
2.894736842105263,9.052631578947368,431.25
2.894736842105263,9.052631578947368,471.875
2.894736842105263,9.052631578947368,512.5
2.894736842105263,9.052631578947368,553.125
2.894736842105263,9.052631578947368,593.75
2.894736842105263,9.052631578947368,634.375
2.894736842105263,9.052631578947368,675.0
2.894736842105263,9.052631578947368,715.625
2.894736842105263,9.052631578947368,756.25
2.894736842105263,9.052631578947368,796.875
2.894736842105263,9.052631578947368,837.5
2.894736842105263,9.052631578947368,878.125
2.894736842105263,9.052631578947368,918.75
2.894736842105263,9.052631578947368,959.375
2.894736842105263,9.052631578947368,1000.0
2.894736842105263,9.526315789473683,25.0
2.894736842105263,9.526315789473683,65.625
2.894736842105263,9.526315789473683,106.25
2.894736842105263,9.526315789473683,146.875
2.894736842105263,9.526315789473683,187.5
2.894736842105263,9.526315789473683,228.125
2.894736842105263,9.526315789473683,268.75
2.894736842105263,9.526315789473683,309.375
2.894736842105263,9.526315789473683,350.0
2.894736842105263,9.526315789473683,390.625
2.894736842105263,9.526315789473683,431.25
2.894736842105263,9.526315789473683,471.875
2.894736842105263,9.526315789473683,512.5
2.894736842105263,9.526315789473683,553.125
2.894736842105263,9.526315789473683,593.75
2.894736842105263,9.526315789473683,634.375
2.894736842105263,9.526315789473683,675.0
2.894736842105263,9.526315789473683,715.625
2.894736842105263,9.526315789473683,756.25
2.894736842105263,9.526315789473683,796.875
2.894736842105263,9.526315789473683,837.5
2.894736842105263,9.526315789473683,878.125
2.894736842105263,9.526315789473683,918.75
2.894736842105263,9.526315789473683,959.375
2.894736842105263,9.526315789473683,1000.0
2.894736842105263,10.0,25.0
2.894736842105263,10.0,65.625
2.894736842105263,10.0,106.25
2.894736842105263,10.0,146.875
2.894736842105263,10.0,187.5
2.894736842105263,10.0,228.125
2.894736842105263,10.0,268.75
2.894736842105263,10.0,309.375
2.894736842105263,10.0,350.0
2.894736842105263,10.0,390.625
2.894736842105263,10.0,431.25
2.894736842105263,10.0,471.875
2.894736842105263,10.0,512.5
2.894736842105263,10.0,553.125
2.894736842105263,10.0,593.75
2.894736842105263,10.0,634.375
2.894736842105263,10.0,675.0
2.894736842105263,10.0,715.625
2.894736842105263,10.0,756.25
2.894736842105263,10.0,796.875
2.894736842105263,10.0,837.5
2.894736842105263,10.0,878.125
2.894736842105263,10.0,918.75
2.894736842105263,10.0,959.375
2.894736842105263,10.0,1000.0
3.3684210526315788,1.0,25.0
3.3684210526315788,1.0,65.625
3.3684210526315788,1.0,106.25
3.3684210526315788,1.0,146.875
3.3684210526315788,1.0,187.5
3.3684210526315788,1.0,228.125
3.3684210526315788,1.0,268.75
3.3684210526315788,1.0,309.375
3.3684210526315788,1.0,350.0
3.3684210526315788,1.0,390.625
3.3684210526315788,1.0,431.25
3.3684210526315788,1.0,471.875
3.3684210526315788,1.0,512.5
3.3684210526315788,1.0,553.125
3.3684210526315788,1.0,593.75
3.3684210526315788,1.0,634.375
3.3684210526315788,1.0,675.0
3.3684210526315788,1.0,715.625
3.3684210526315788,1.0,756.25
3.3684210526315788,1.0,796.875
3.3684210526315788,1.0,837.5
3.3684210526315788,1.0,878.125
3.3684210526315788,1.0,918.75
3.3684210526315788,1.0,959.375
3.3684210526315788,1.0,1000.0
3.3684210526315788,1.4736842105263157,25.0
3.3684210526315788,1.4736842105263157,65.625
3.3684210526315788,1.4736842105263157,106.25
3.3684210526315788,1.4736842105263157,146.875
3.3684210526315788,1.4736842105263157,187.5
3.3684210526315788,1.4736842105263157,228.125
3.3684210526315788,1.4736842105263157,268.75
3.3684210526315788,1.4736842105263157,309.375
3.3684210526315788,1.4736842105263157,350.0
3.3684210526315788,1.4736842105263157,390.625
3.3684210526315788,1.4736842105263157,431.25
3.3684210526315788,1.4736842105263157,471.875
3.3684210526315788,1.4736842105263157,512.5
3.3684210526315788,1.4736842105263157,553.125
3.3684210526315788,1.4736842105263157,593.75
3.3684210526315788,1.4736842105263157,634.375
3.3684210526315788,1.4736842105263157,675.0
3.3684210526315788,1.4736842105263157,715.625
3.3684210526315788,1.4736842105263157,756.25
3.3684210526315788,1.4736842105263157,796.875
3.3684210526315788,1.4736842105263157,837.5
3.3684210526315788,1.4736842105263157,878.125
3.3684210526315788,1.4736842105263157,918.75
3.3684210526315788,1.4736842105263157,959.375
3.3684210526315788,1.4736842105263157,1000.0
3.3684210526315788,1.9473684210526314,25.0
3.3684210526315788,1.9473684210526314,65.625
3.3684210526315788,1.9473684210526314,106.25
3.3684210526315788,1.9473684210526314,146.875
3.3684210526315788,1.9473684210526314,187.5
3.3684210526315788,1.9473684210526314,228.125
3.3684210526315788,1.9473684210526314,268.75
3.3684210526315788,1.9473684210526314,309.375
3.3684210526315788,1.9473684210526314,350.0
3.3684210526315788,1.9473684210526314,390.625
3.3684210526315788,1.9473684210526314,431.25
3.3684210526315788,1.9473684210526314,471.875
3.3684210526315788,1.9473684210526314,512.5
3.3684210526315788,1.9473684210526314,553.125
3.3684210526315788,1.9473684210526314,593.75
3.3684210526315788,1.9473684210526314,634.375
3.3684210526315788,1.9473684210526314,675.0
3.3684210526315788,1.9473684210526314,715.625
3.3684210526315788,1.9473684210526314,756.25
3.3684210526315788,1.9473684210526314,796.875
3.3684210526315788,1.9473684210526314,837.5
3.3684210526315788,1.9473684210526314,878.125
3.3684210526315788,1.9473684210526314,918.75
3.3684210526315788,1.9473684210526314,959.375
3.3684210526315788,1.9473684210526314,1000.0
3.3684210526315788,2.4210526315789473,25.0
3.3684210526315788,2.4210526315789473,65.625
3.3684210526315788,2.4210526315789473,106.25
3.3684210526315788,2.4210526315789473,146.875
3.3684210526315788,2.4210526315789473,187.5
3.3684210526315788,2.4210526315789473,228.125
3.3684210526315788,2.4210526315789473,268.75
3.3684210526315788,2.4210526315789473,309.375
3.3684210526315788,2.4210526315789473,350.0
3.3684210526315788,2.4210526315789473,390.625
3.3684210526315788,2.4210526315789473,431.25
3.3684210526315788,2.4210526315789473,471.875
3.3684210526315788,2.4210526315789473,512.5
3.3684210526315788,2.4210526315789473,553.125
3.3684210526315788,2.4210526315789473,593.75
3.3684210526315788,2.4210526315789473,634.375
3.3684210526315788,2.4210526315789473,675.0
3.3684210526315788,2.4210526315789473,715.625
3.3684210526315788,2.4210526315789473,756.25
3.3684210526315788,2.4210526315789473,796.875
3.3684210526315788,2.4210526315789473,837.5
3.3684210526315788,2.4210526315789473,878.125
3.3684210526315788,2.4210526315789473,918.75
3.3684210526315788,2.4210526315789473,959.375
3.3684210526315788,2.4210526315789473,1000.0
3.3684210526315788,2.894736842105263,25.0
3.3684210526315788,2.894736842105263,65.625
3.3684210526315788,2.894736842105263,106.25
3.3684210526315788,2.894736842105263,146.875
3.3684210526315788,2.894736842105263,187.5
3.3684210526315788,2.894736842105263,228.125
3.3684210526315788,2.894736842105263,268.75
3.3684210526315788,2.894736842105263,309.375
3.3684210526315788,2.894736842105263,350.0
3.3684210526315788,2.894736842105263,390.625
3.3684210526315788,2.894736842105263,431.25
3.3684210526315788,2.894736842105263,471.875
3.3684210526315788,2.894736842105263,512.5
3.3684210526315788,2.894736842105263,553.125
3.3684210526315788,2.894736842105263,593.75
3.3684210526315788,2.894736842105263,634.375
3.3684210526315788,2.894736842105263,675.0
3.3684210526315788,2.894736842105263,715.625
3.3684210526315788,2.894736842105263,756.25
3.3684210526315788,2.894736842105263,796.875
3.3684210526315788,2.894736842105263,837.5
3.3684210526315788,2.894736842105263,878.125
3.3684210526315788,2.894736842105263,918.75
3.3684210526315788,2.894736842105263,959.375
3.3684210526315788,2.894736842105263,1000.0
3.3684210526315788,3.3684210526315788,25.0
3.3684210526315788,3.3684210526315788,65.625
3.3684210526315788,3.3684210526315788,106.25
3.3684210526315788,3.3684210526315788,146.875
3.3684210526315788,3.3684210526315788,187.5
3.3684210526315788,3.3684210526315788,228.125
3.3684210526315788,3.3684210526315788,268.75
3.3684210526315788,3.3684210526315788,309.375
3.3684210526315788,3.3684210526315788,350.0
3.3684210526315788,3.3684210526315788,390.625
3.3684210526315788,3.3684210526315788,431.25
3.3684210526315788,3.3684210526315788,471.875
3.3684210526315788,3.3684210526315788,512.5
3.3684210526315788,3.3684210526315788,553.125
3.3684210526315788,3.3684210526315788,593.75
3.3684210526315788,3.3684210526315788,634.375
3.3684210526315788,3.3684210526315788,675.0
3.3684210526315788,3.3684210526315788,715.625
3.3684210526315788,3.3684210526315788,756.25
3.3684210526315788,3.3684210526315788,796.875
3.3684210526315788,3.3684210526315788,837.5
3.3684210526315788,3.3684210526315788,878.125
3.3684210526315788,3.3684210526315788,918.75
3.3684210526315788,3.3684210526315788,959.375
3.3684210526315788,3.3684210526315788,1000.0
3.3684210526315788,3.8421052631578947,25.0
3.3684210526315788,3.8421052631578947,65.625
3.3684210526315788,3.8421052631578947,106.25
3.3684210526315788,3.8421052631578947,146.875
3.3684210526315788,3.8421052631578947,187.5
3.3684210526315788,3.8421052631578947,228.125
3.3684210526315788,3.8421052631578947,268.75
3.3684210526315788,3.8421052631578947,309.375
3.3684210526315788,3.8421052631578947,350.0
3.3684210526315788,3.8421052631578947,390.625
3.3684210526315788,3.8421052631578947,431.25
3.3684210526315788,3.8421052631578947,471.875
3.3684210526315788,3.8421052631578947,512.5
3.3684210526315788,3.8421052631578947,553.125
3.3684210526315788,3.8421052631578947,593.75
3.3684210526315788,3.8421052631578947,634.375
3.3684210526315788,3.8421052631578947,675.0
3.3684210526315788,3.8421052631578947,715.625
3.3684210526315788,3.8421052631578947,756.25
3.3684210526315788,3.8421052631578947,796.875
3.3684210526315788,3.8421052631578947,837.5
3.3684210526315788,3.8421052631578947,878.125
3.3684210526315788,3.8421052631578947,918.75
3.3684210526315788,3.8421052631578947,959.375
3.3684210526315788,3.8421052631578947,1000.0
3.3684210526315788,4.315789473684211,25.0
3.3684210526315788,4.315789473684211,65.625
3.3684210526315788,4.315789473684211,106.25
3.3684210526315788,4.315789473684211,146.875
3.3684210526315788,4.315789473684211,187.5
3.3684210526315788,4.315789473684211,228.125
3.3684210526315788,4.315789473684211,268.75
3.3684210526315788,4.315789473684211,309.375
3.3684210526315788,4.315789473684211,350.0
3.3684210526315788,4.315789473684211,390.625
3.3684210526315788,4.315789473684211,431.25
3.3684210526315788,4.315789473684211,471.875
3.3684210526315788,4.315789473684211,512.5
3.3684210526315788,4.315789473684211,553.125
3.3684210526315788,4.315789473684211,593.75
3.3684210526315788,4.315789473684211,634.375
3.3684210526315788,4.315789473684211,675.0
3.3684210526315788,4.315789473684211,715.625
3.3684210526315788,4.315789473684211,756.25
3.3684210526315788,4.315789473684211,796.875
3.3684210526315788,4.315789473684211,837.5
3.3684210526315788,4.315789473684211,878.125
3.3684210526315788,4.315789473684211,918.75
3.3684210526315788,4.315789473684211,959.375
3.3684210526315788,4.315789473684211,1000.0
3.3684210526315788,4.789473684210526,25.0
3.3684210526315788,4.789473684210526,65.625
3.3684210526315788,4.789473684210526,106.25
3.3684210526315788,4.789473684210526,146.875
3.3684210526315788,4.789473684210526,187.5
3.3684210526315788,4.789473684210526,228.125
3.3684210526315788,4.789473684210526,268.75
3.3684210526315788,4.789473684210526,309.375
3.3684210526315788,4.789473684210526,350.0
3.3684210526315788,4.789473684210526,390.625
3.3684210526315788,4.789473684210526,431.25
3.3684210526315788,4.789473684210526,471.875
3.3684210526315788,4.789473684210526,512.5
3.3684210526315788,4.789473684210526,553.125
3.3684210526315788,4.789473684210526,593.75
3.3684210526315788,4.789473684210526,634.375
3.3684210526315788,4.789473684210526,675.0
3.3684210526315788,4.789473684210526,715.625
3.3684210526315788,4.789473684210526,756.25
3.3684210526315788,4.789473684210526,796.875
3.3684210526315788,4.789473684210526,837.5
3.3684210526315788,4.789473684210526,878.125
3.3684210526315788,4.789473684210526,918.75
3.3684210526315788,4.789473684210526,959.375
3.3684210526315788,4.789473684210526,1000.0
3.3684210526315788,5.263157894736842,25.0
3.3684210526315788,5.263157894736842,65.625
3.3684210526315788,5.263157894736842,106.25
3.3684210526315788,5.263157894736842,146.875
3.3684210526315788,5.263157894736842,187.5
3.3684210526315788,5.263157894736842,228.125
3.3684210526315788,5.263157894736842,268.75
3.3684210526315788,5.263157894736842,309.375
3.3684210526315788,5.263157894736842,350.0
3.3684210526315788,5.263157894736842,390.625
3.3684210526315788,5.263157894736842,431.25
3.3684210526315788,5.263157894736842,471.875
3.3684210526315788,5.263157894736842,512.5
3.3684210526315788,5.263157894736842,553.125
3.3684210526315788,5.263157894736842,593.75
3.3684210526315788,5.263157894736842,634.375
3.3684210526315788,5.263157894736842,675.0
3.3684210526315788,5.263157894736842,715.625
3.3684210526315788,5.263157894736842,756.25
3.3684210526315788,5.263157894736842,796.875
3.3684210526315788,5.263157894736842,837.5
3.3684210526315788,5.263157894736842,878.125
3.3684210526315788,5.263157894736842,918.75
3.3684210526315788,5.263157894736842,959.375
3.3684210526315788,5.263157894736842,1000.0
3.3684210526315788,5.7368421052631575,25.0
3.3684210526315788,5.7368421052631575,65.625
3.3684210526315788,5.7368421052631575,106.25
3.3684210526315788,5.7368421052631575,146.875
3.3684210526315788,5.7368421052631575,187.5
3.3684210526315788,5.7368421052631575,228.125
3.3684210526315788,5.7368421052631575,268.75
3.3684210526315788,5.7368421052631575,309.375
3.3684210526315788,5.7368421052631575,350.0
3.3684210526315788,5.7368421052631575,390.625
3.3684210526315788,5.7368421052631575,431.25
3.3684210526315788,5.7368421052631575,471.875
3.3684210526315788,5.7368421052631575,512.5
3.3684210526315788,5.7368421052631575,553.125
3.3684210526315788,5.7368421052631575,593.75
3.3684210526315788,5.7368421052631575,634.375
3.3684210526315788,5.7368421052631575,675.0
3.3684210526315788,5.7368421052631575,715.625
3.3684210526315788,5.7368421052631575,756.25
3.3684210526315788,5.7368421052631575,796.875
3.3684210526315788,5.7368421052631575,837.5
3.3684210526315788,5.7368421052631575,878.125
3.3684210526315788,5.7368421052631575,918.75
3.3684210526315788,5.7368421052631575,959.375
3.3684210526315788,5.7368421052631575,1000.0
3.3684210526315788,6.2105263157894735,25.0
3.3684210526315788,6.2105263157894735,65.625
3.3684210526315788,6.2105263157894735,106.25
3.3684210526315788,6.2105263157894735,146.875
3.3684210526315788,6.2105263157894735,187.5
3.3684210526315788,6.2105263157894735,228.125
3.3684210526315788,6.2105263157894735,268.75
3.3684210526315788,6.2105263157894735,309.375
3.3684210526315788,6.2105263157894735,350.0
3.3684210526315788,6.2105263157894735,390.625
3.3684210526315788,6.2105263157894735,431.25
3.3684210526315788,6.2105263157894735,471.875
3.3684210526315788,6.2105263157894735,512.5
3.3684210526315788,6.2105263157894735,553.125
3.3684210526315788,6.2105263157894735,593.75
3.3684210526315788,6.2105263157894735,634.375
3.3684210526315788,6.2105263157894735,675.0
3.3684210526315788,6.2105263157894735,715.625
3.3684210526315788,6.2105263157894735,756.25
3.3684210526315788,6.2105263157894735,796.875
3.3684210526315788,6.2105263157894735,837.5
3.3684210526315788,6.2105263157894735,878.125
3.3684210526315788,6.2105263157894735,918.75
3.3684210526315788,6.2105263157894735,959.375
3.3684210526315788,6.2105263157894735,1000.0
3.3684210526315788,6.684210526315789,25.0
3.3684210526315788,6.684210526315789,65.625
3.3684210526315788,6.684210526315789,106.25
3.3684210526315788,6.684210526315789,146.875
3.3684210526315788,6.684210526315789,187.5
3.3684210526315788,6.684210526315789,228.125
3.3684210526315788,6.684210526315789,268.75
3.3684210526315788,6.684210526315789,309.375
3.3684210526315788,6.684210526315789,350.0
3.3684210526315788,6.684210526315789,390.625
3.3684210526315788,6.684210526315789,431.25
3.3684210526315788,6.684210526315789,471.875
3.3684210526315788,6.684210526315789,512.5
3.3684210526315788,6.684210526315789,553.125
3.3684210526315788,6.684210526315789,593.75
3.3684210526315788,6.684210526315789,634.375
3.3684210526315788,6.684210526315789,675.0
3.3684210526315788,6.684210526315789,715.625
3.3684210526315788,6.684210526315789,756.25
3.3684210526315788,6.684210526315789,796.875
3.3684210526315788,6.684210526315789,837.5
3.3684210526315788,6.684210526315789,878.125
3.3684210526315788,6.684210526315789,918.75
3.3684210526315788,6.684210526315789,959.375
3.3684210526315788,6.684210526315789,1000.0
3.3684210526315788,7.157894736842105,25.0
3.3684210526315788,7.157894736842105,65.625
3.3684210526315788,7.157894736842105,106.25
3.3684210526315788,7.157894736842105,146.875
3.3684210526315788,7.157894736842105,187.5
3.3684210526315788,7.157894736842105,228.125
3.3684210526315788,7.157894736842105,268.75
3.3684210526315788,7.157894736842105,309.375
3.3684210526315788,7.157894736842105,350.0
3.3684210526315788,7.157894736842105,390.625
3.3684210526315788,7.157894736842105,431.25
3.3684210526315788,7.157894736842105,471.875
3.3684210526315788,7.157894736842105,512.5
3.3684210526315788,7.157894736842105,553.125
3.3684210526315788,7.157894736842105,593.75
3.3684210526315788,7.157894736842105,634.375
3.3684210526315788,7.157894736842105,675.0
3.3684210526315788,7.157894736842105,715.625
3.3684210526315788,7.157894736842105,756.25
3.3684210526315788,7.157894736842105,796.875
3.3684210526315788,7.157894736842105,837.5
3.3684210526315788,7.157894736842105,878.125
3.3684210526315788,7.157894736842105,918.75
3.3684210526315788,7.157894736842105,959.375
3.3684210526315788,7.157894736842105,1000.0
3.3684210526315788,7.63157894736842,25.0
3.3684210526315788,7.63157894736842,65.625
3.3684210526315788,7.63157894736842,106.25
3.3684210526315788,7.63157894736842,146.875
3.3684210526315788,7.63157894736842,187.5
3.3684210526315788,7.63157894736842,228.125
3.3684210526315788,7.63157894736842,268.75
3.3684210526315788,7.63157894736842,309.375
3.3684210526315788,7.63157894736842,350.0
3.3684210526315788,7.63157894736842,390.625
3.3684210526315788,7.63157894736842,431.25
3.3684210526315788,7.63157894736842,471.875
3.3684210526315788,7.63157894736842,512.5
3.3684210526315788,7.63157894736842,553.125
3.3684210526315788,7.63157894736842,593.75
3.3684210526315788,7.63157894736842,634.375
3.3684210526315788,7.63157894736842,675.0
3.3684210526315788,7.63157894736842,715.625
3.3684210526315788,7.63157894736842,756.25
3.3684210526315788,7.63157894736842,796.875
3.3684210526315788,7.63157894736842,837.5
3.3684210526315788,7.63157894736842,878.125
3.3684210526315788,7.63157894736842,918.75
3.3684210526315788,7.63157894736842,959.375
3.3684210526315788,7.63157894736842,1000.0
3.3684210526315788,8.105263157894736,25.0
3.3684210526315788,8.105263157894736,65.625
3.3684210526315788,8.105263157894736,106.25
3.3684210526315788,8.105263157894736,146.875
3.3684210526315788,8.105263157894736,187.5
3.3684210526315788,8.105263157894736,228.125
3.3684210526315788,8.105263157894736,268.75
3.3684210526315788,8.105263157894736,309.375
3.3684210526315788,8.105263157894736,350.0
3.3684210526315788,8.105263157894736,390.625
3.3684210526315788,8.105263157894736,431.25
3.3684210526315788,8.105263157894736,471.875
3.3684210526315788,8.105263157894736,512.5
3.3684210526315788,8.105263157894736,553.125
3.3684210526315788,8.105263157894736,593.75
3.3684210526315788,8.105263157894736,634.375
3.3684210526315788,8.105263157894736,675.0
3.3684210526315788,8.105263157894736,715.625
3.3684210526315788,8.105263157894736,756.25
3.3684210526315788,8.105263157894736,796.875
3.3684210526315788,8.105263157894736,837.5
3.3684210526315788,8.105263157894736,878.125
3.3684210526315788,8.105263157894736,918.75
3.3684210526315788,8.105263157894736,959.375
3.3684210526315788,8.105263157894736,1000.0
3.3684210526315788,8.578947368421051,25.0
3.3684210526315788,8.578947368421051,65.625
3.3684210526315788,8.578947368421051,106.25
3.3684210526315788,8.578947368421051,146.875
3.3684210526315788,8.578947368421051,187.5
3.3684210526315788,8.578947368421051,228.125
3.3684210526315788,8.578947368421051,268.75
3.3684210526315788,8.578947368421051,309.375
3.3684210526315788,8.578947368421051,350.0
3.3684210526315788,8.578947368421051,390.625
3.3684210526315788,8.578947368421051,431.25
3.3684210526315788,8.578947368421051,471.875
3.3684210526315788,8.578947368421051,512.5
3.3684210526315788,8.578947368421051,553.125
3.3684210526315788,8.578947368421051,593.75
3.3684210526315788,8.578947368421051,634.375
3.3684210526315788,8.578947368421051,675.0
3.3684210526315788,8.578947368421051,715.625
3.3684210526315788,8.578947368421051,756.25
3.3684210526315788,8.578947368421051,796.875
3.3684210526315788,8.578947368421051,837.5
3.3684210526315788,8.578947368421051,878.125
3.3684210526315788,8.578947368421051,918.75
3.3684210526315788,8.578947368421051,959.375
3.3684210526315788,8.578947368421051,1000.0
3.3684210526315788,9.052631578947368,25.0
3.3684210526315788,9.052631578947368,65.625
3.3684210526315788,9.052631578947368,106.25
3.3684210526315788,9.052631578947368,146.875
3.3684210526315788,9.052631578947368,187.5
3.3684210526315788,9.052631578947368,228.125
3.3684210526315788,9.052631578947368,268.75
3.3684210526315788,9.052631578947368,309.375
3.3684210526315788,9.052631578947368,350.0
3.3684210526315788,9.052631578947368,390.625
3.3684210526315788,9.052631578947368,431.25
3.3684210526315788,9.052631578947368,471.875
3.3684210526315788,9.052631578947368,512.5
3.3684210526315788,9.052631578947368,553.125
3.3684210526315788,9.052631578947368,593.75
3.3684210526315788,9.052631578947368,634.375
3.3684210526315788,9.052631578947368,675.0
3.3684210526315788,9.052631578947368,715.625
3.3684210526315788,9.052631578947368,756.25
3.3684210526315788,9.052631578947368,796.875
3.3684210526315788,9.052631578947368,837.5
3.3684210526315788,9.052631578947368,878.125
3.3684210526315788,9.052631578947368,918.75
3.3684210526315788,9.052631578947368,959.375
3.3684210526315788,9.052631578947368,1000.0
3.3684210526315788,9.526315789473683,25.0
3.3684210526315788,9.526315789473683,65.625
3.3684210526315788,9.526315789473683,106.25
3.3684210526315788,9.526315789473683,146.875
3.3684210526315788,9.526315789473683,187.5
3.3684210526315788,9.526315789473683,228.125
3.3684210526315788,9.526315789473683,268.75
3.3684210526315788,9.526315789473683,309.375
3.3684210526315788,9.526315789473683,350.0
3.3684210526315788,9.526315789473683,390.625
3.3684210526315788,9.526315789473683,431.25
3.3684210526315788,9.526315789473683,471.875
3.3684210526315788,9.526315789473683,512.5
3.3684210526315788,9.526315789473683,553.125
3.3684210526315788,9.526315789473683,593.75
3.3684210526315788,9.526315789473683,634.375
3.3684210526315788,9.526315789473683,675.0
3.3684210526315788,9.526315789473683,715.625
3.3684210526315788,9.526315789473683,756.25
3.3684210526315788,9.526315789473683,796.875
3.3684210526315788,9.526315789473683,837.5
3.3684210526315788,9.526315789473683,878.125
3.3684210526315788,9.526315789473683,918.75
3.3684210526315788,9.526315789473683,959.375
3.3684210526315788,9.526315789473683,1000.0
3.3684210526315788,10.0,25.0
3.3684210526315788,10.0,65.625
3.3684210526315788,10.0,106.25
3.3684210526315788,10.0,146.875
3.3684210526315788,10.0,187.5
3.3684210526315788,10.0,228.125
3.3684210526315788,10.0,268.75
3.3684210526315788,10.0,309.375
3.3684210526315788,10.0,350.0
3.3684210526315788,10.0,390.625
3.3684210526315788,10.0,431.25
3.3684210526315788,10.0,471.875
3.3684210526315788,10.0,512.5
3.3684210526315788,10.0,553.125
3.3684210526315788,10.0,593.75
3.3684210526315788,10.0,634.375
3.3684210526315788,10.0,675.0
3.3684210526315788,10.0,715.625
3.3684210526315788,10.0,756.25
3.3684210526315788,10.0,796.875
3.3684210526315788,10.0,837.5
3.3684210526315788,10.0,878.125
3.3684210526315788,10.0,918.75
3.3684210526315788,10.0,959.375
3.3684210526315788,10.0,1000.0
3.8421052631578947,1.0,25.0
3.8421052631578947,1.0,65.625
3.8421052631578947,1.0,106.25
3.8421052631578947,1.0,146.875
3.8421052631578947,1.0,187.5
3.8421052631578947,1.0,228.125
3.8421052631578947,1.0,268.75
3.8421052631578947,1.0,309.375
3.8421052631578947,1.0,350.0
3.8421052631578947,1.0,390.625
3.8421052631578947,1.0,431.25
3.8421052631578947,1.0,471.875
3.8421052631578947,1.0,512.5
3.8421052631578947,1.0,553.125
3.8421052631578947,1.0,593.75
3.8421052631578947,1.0,634.375
3.8421052631578947,1.0,675.0
3.8421052631578947,1.0,715.625
3.8421052631578947,1.0,756.25
3.8421052631578947,1.0,796.875
3.8421052631578947,1.0,837.5
3.8421052631578947,1.0,878.125
3.8421052631578947,1.0,918.75
3.8421052631578947,1.0,959.375
3.8421052631578947,1.0,1000.0
3.8421052631578947,1.4736842105263157,25.0
3.8421052631578947,1.4736842105263157,65.625
3.8421052631578947,1.4736842105263157,106.25
3.8421052631578947,1.4736842105263157,146.875
3.8421052631578947,1.4736842105263157,187.5
3.8421052631578947,1.4736842105263157,228.125
3.8421052631578947,1.4736842105263157,268.75
3.8421052631578947,1.4736842105263157,309.375
3.8421052631578947,1.4736842105263157,350.0
3.8421052631578947,1.4736842105263157,390.625
3.8421052631578947,1.4736842105263157,431.25
3.8421052631578947,1.4736842105263157,471.875
3.8421052631578947,1.4736842105263157,512.5
3.8421052631578947,1.4736842105263157,553.125
3.8421052631578947,1.4736842105263157,593.75
3.8421052631578947,1.4736842105263157,634.375
3.8421052631578947,1.4736842105263157,675.0
3.8421052631578947,1.4736842105263157,715.625
3.8421052631578947,1.4736842105263157,756.25
3.8421052631578947,1.4736842105263157,796.875
3.8421052631578947,1.4736842105263157,837.5
3.8421052631578947,1.4736842105263157,878.125
3.8421052631578947,1.4736842105263157,918.75
3.8421052631578947,1.4736842105263157,959.375
3.8421052631578947,1.4736842105263157,1000.0
3.8421052631578947,1.9473684210526314,25.0
3.8421052631578947,1.9473684210526314,65.625
3.8421052631578947,1.9473684210526314,106.25
3.8421052631578947,1.9473684210526314,146.875
3.8421052631578947,1.9473684210526314,187.5
3.8421052631578947,1.9473684210526314,228.125
3.8421052631578947,1.9473684210526314,268.75
3.8421052631578947,1.9473684210526314,309.375
3.8421052631578947,1.9473684210526314,350.0
3.8421052631578947,1.9473684210526314,390.625
3.8421052631578947,1.9473684210526314,431.25
3.8421052631578947,1.9473684210526314,471.875
3.8421052631578947,1.9473684210526314,512.5
3.8421052631578947,1.9473684210526314,553.125
3.8421052631578947,1.9473684210526314,593.75
3.8421052631578947,1.9473684210526314,634.375
3.8421052631578947,1.9473684210526314,675.0
3.8421052631578947,1.9473684210526314,715.625
3.8421052631578947,1.9473684210526314,756.25
3.8421052631578947,1.9473684210526314,796.875
3.8421052631578947,1.9473684210526314,837.5
3.8421052631578947,1.9473684210526314,878.125
3.8421052631578947,1.9473684210526314,918.75
3.8421052631578947,1.9473684210526314,959.375
3.8421052631578947,1.9473684210526314,1000.0
3.8421052631578947,2.4210526315789473,25.0
3.8421052631578947,2.4210526315789473,65.625
3.8421052631578947,2.4210526315789473,106.25
3.8421052631578947,2.4210526315789473,146.875
3.8421052631578947,2.4210526315789473,187.5
3.8421052631578947,2.4210526315789473,228.125
3.8421052631578947,2.4210526315789473,268.75
3.8421052631578947,2.4210526315789473,309.375
3.8421052631578947,2.4210526315789473,350.0
3.8421052631578947,2.4210526315789473,390.625
3.8421052631578947,2.4210526315789473,431.25
3.8421052631578947,2.4210526315789473,471.875
3.8421052631578947,2.4210526315789473,512.5
3.8421052631578947,2.4210526315789473,553.125
3.8421052631578947,2.4210526315789473,593.75
3.8421052631578947,2.4210526315789473,634.375
3.8421052631578947,2.4210526315789473,675.0
3.8421052631578947,2.4210526315789473,715.625
3.8421052631578947,2.4210526315789473,756.25
3.8421052631578947,2.4210526315789473,796.875
3.8421052631578947,2.4210526315789473,837.5
3.8421052631578947,2.4210526315789473,878.125
3.8421052631578947,2.4210526315789473,918.75
3.8421052631578947,2.4210526315789473,959.375
3.8421052631578947,2.4210526315789473,1000.0
3.8421052631578947,2.894736842105263,25.0
3.8421052631578947,2.894736842105263,65.625
3.8421052631578947,2.894736842105263,106.25
3.8421052631578947,2.894736842105263,146.875
3.8421052631578947,2.894736842105263,187.5
3.8421052631578947,2.894736842105263,228.125
3.8421052631578947,2.894736842105263,268.75
3.8421052631578947,2.894736842105263,309.375
3.8421052631578947,2.894736842105263,350.0
3.8421052631578947,2.894736842105263,390.625
3.8421052631578947,2.894736842105263,431.25
3.8421052631578947,2.894736842105263,471.875
3.8421052631578947,2.894736842105263,512.5
3.8421052631578947,2.894736842105263,553.125
3.8421052631578947,2.894736842105263,593.75
3.8421052631578947,2.894736842105263,634.375
3.8421052631578947,2.894736842105263,675.0
3.8421052631578947,2.894736842105263,715.625
3.8421052631578947,2.894736842105263,756.25
3.8421052631578947,2.894736842105263,796.875
3.8421052631578947,2.894736842105263,837.5
3.8421052631578947,2.894736842105263,878.125
3.8421052631578947,2.894736842105263,918.75
3.8421052631578947,2.894736842105263,959.375
3.8421052631578947,2.894736842105263,1000.0
3.8421052631578947,3.3684210526315788,25.0
3.8421052631578947,3.3684210526315788,65.625
3.8421052631578947,3.3684210526315788,106.25
3.8421052631578947,3.3684210526315788,146.875
3.8421052631578947,3.3684210526315788,187.5
3.8421052631578947,3.3684210526315788,228.125
3.8421052631578947,3.3684210526315788,268.75
3.8421052631578947,3.3684210526315788,309.375
3.8421052631578947,3.3684210526315788,350.0
3.8421052631578947,3.3684210526315788,390.625
3.8421052631578947,3.3684210526315788,431.25
3.8421052631578947,3.3684210526315788,471.875
3.8421052631578947,3.3684210526315788,512.5
3.8421052631578947,3.3684210526315788,553.125
3.8421052631578947,3.3684210526315788,593.75
3.8421052631578947,3.3684210526315788,634.375
3.8421052631578947,3.3684210526315788,675.0
3.8421052631578947,3.3684210526315788,715.625
3.8421052631578947,3.3684210526315788,756.25
3.8421052631578947,3.3684210526315788,796.875
3.8421052631578947,3.3684210526315788,837.5
3.8421052631578947,3.3684210526315788,878.125
3.8421052631578947,3.3684210526315788,918.75
3.8421052631578947,3.3684210526315788,959.375
3.8421052631578947,3.3684210526315788,1000.0
3.8421052631578947,3.8421052631578947,25.0
3.8421052631578947,3.8421052631578947,65.625
3.8421052631578947,3.8421052631578947,106.25
3.8421052631578947,3.8421052631578947,146.875
3.8421052631578947,3.8421052631578947,187.5
3.8421052631578947,3.8421052631578947,228.125
3.8421052631578947,3.8421052631578947,268.75
3.8421052631578947,3.8421052631578947,309.375
3.8421052631578947,3.8421052631578947,350.0
3.8421052631578947,3.8421052631578947,390.625
3.8421052631578947,3.8421052631578947,431.25
3.8421052631578947,3.8421052631578947,471.875
3.8421052631578947,3.8421052631578947,512.5
3.8421052631578947,3.8421052631578947,553.125
3.8421052631578947,3.8421052631578947,593.75
3.8421052631578947,3.8421052631578947,634.375
3.8421052631578947,3.8421052631578947,675.0
3.8421052631578947,3.8421052631578947,715.625
3.8421052631578947,3.8421052631578947,756.25
3.8421052631578947,3.8421052631578947,796.875
3.8421052631578947,3.8421052631578947,837.5
3.8421052631578947,3.8421052631578947,878.125
3.8421052631578947,3.8421052631578947,918.75
3.8421052631578947,3.8421052631578947,959.375
3.8421052631578947,3.8421052631578947,1000.0
3.8421052631578947,4.315789473684211,25.0
3.8421052631578947,4.315789473684211,65.625
3.8421052631578947,4.315789473684211,106.25
3.8421052631578947,4.315789473684211,146.875
3.8421052631578947,4.315789473684211,187.5
3.8421052631578947,4.315789473684211,228.125
3.8421052631578947,4.315789473684211,268.75
3.8421052631578947,4.315789473684211,309.375
3.8421052631578947,4.315789473684211,350.0
3.8421052631578947,4.315789473684211,390.625
3.8421052631578947,4.315789473684211,431.25
3.8421052631578947,4.315789473684211,471.875
3.8421052631578947,4.315789473684211,512.5
3.8421052631578947,4.315789473684211,553.125
3.8421052631578947,4.315789473684211,593.75
3.8421052631578947,4.315789473684211,634.375
3.8421052631578947,4.315789473684211,675.0
3.8421052631578947,4.315789473684211,715.625
3.8421052631578947,4.315789473684211,756.25
3.8421052631578947,4.315789473684211,796.875
3.8421052631578947,4.315789473684211,837.5
3.8421052631578947,4.315789473684211,878.125
3.8421052631578947,4.315789473684211,918.75
3.8421052631578947,4.315789473684211,959.375
3.8421052631578947,4.315789473684211,1000.0
3.8421052631578947,4.789473684210526,25.0
3.8421052631578947,4.789473684210526,65.625
3.8421052631578947,4.789473684210526,106.25
3.8421052631578947,4.789473684210526,146.875
3.8421052631578947,4.789473684210526,187.5
3.8421052631578947,4.789473684210526,228.125
3.8421052631578947,4.789473684210526,268.75
3.8421052631578947,4.789473684210526,309.375
3.8421052631578947,4.789473684210526,350.0
3.8421052631578947,4.789473684210526,390.625
3.8421052631578947,4.789473684210526,431.25
3.8421052631578947,4.789473684210526,471.875
3.8421052631578947,4.789473684210526,512.5
3.8421052631578947,4.789473684210526,553.125
3.8421052631578947,4.789473684210526,593.75
3.8421052631578947,4.789473684210526,634.375
3.8421052631578947,4.789473684210526,675.0
3.8421052631578947,4.789473684210526,715.625
3.8421052631578947,4.789473684210526,756.25
3.8421052631578947,4.789473684210526,796.875
3.8421052631578947,4.789473684210526,837.5
3.8421052631578947,4.789473684210526,878.125
3.8421052631578947,4.789473684210526,918.75
3.8421052631578947,4.789473684210526,959.375
3.8421052631578947,4.789473684210526,1000.0
3.8421052631578947,5.263157894736842,25.0
3.8421052631578947,5.263157894736842,65.625
3.8421052631578947,5.263157894736842,106.25
3.8421052631578947,5.263157894736842,146.875
3.8421052631578947,5.263157894736842,187.5
3.8421052631578947,5.263157894736842,228.125
3.8421052631578947,5.263157894736842,268.75
3.8421052631578947,5.263157894736842,309.375
3.8421052631578947,5.263157894736842,350.0
3.8421052631578947,5.263157894736842,390.625
3.8421052631578947,5.263157894736842,431.25
3.8421052631578947,5.263157894736842,471.875
3.8421052631578947,5.263157894736842,512.5
3.8421052631578947,5.263157894736842,553.125
3.8421052631578947,5.263157894736842,593.75
3.8421052631578947,5.263157894736842,634.375
3.8421052631578947,5.263157894736842,675.0
3.8421052631578947,5.263157894736842,715.625
3.8421052631578947,5.263157894736842,756.25
3.8421052631578947,5.263157894736842,796.875
3.8421052631578947,5.263157894736842,837.5
3.8421052631578947,5.263157894736842,878.125
3.8421052631578947,5.263157894736842,918.75
3.8421052631578947,5.263157894736842,959.375
3.8421052631578947,5.263157894736842,1000.0
3.8421052631578947,5.7368421052631575,25.0
3.8421052631578947,5.7368421052631575,65.625
3.8421052631578947,5.7368421052631575,106.25
3.8421052631578947,5.7368421052631575,146.875
3.8421052631578947,5.7368421052631575,187.5
3.8421052631578947,5.7368421052631575,228.125
3.8421052631578947,5.7368421052631575,268.75
3.8421052631578947,5.7368421052631575,309.375
3.8421052631578947,5.7368421052631575,350.0
3.8421052631578947,5.7368421052631575,390.625
3.8421052631578947,5.7368421052631575,431.25
3.8421052631578947,5.7368421052631575,471.875
3.8421052631578947,5.7368421052631575,512.5
3.8421052631578947,5.7368421052631575,553.125
3.8421052631578947,5.7368421052631575,593.75
3.8421052631578947,5.7368421052631575,634.375
3.8421052631578947,5.7368421052631575,675.0
3.8421052631578947,5.7368421052631575,715.625
3.8421052631578947,5.7368421052631575,756.25
3.8421052631578947,5.7368421052631575,796.875
3.8421052631578947,5.7368421052631575,837.5
3.8421052631578947,5.7368421052631575,878.125
3.8421052631578947,5.7368421052631575,918.75
3.8421052631578947,5.7368421052631575,959.375
3.8421052631578947,5.7368421052631575,1000.0
3.8421052631578947,6.2105263157894735,25.0
3.8421052631578947,6.2105263157894735,65.625
3.8421052631578947,6.2105263157894735,106.25
3.8421052631578947,6.2105263157894735,146.875
3.8421052631578947,6.2105263157894735,187.5
3.8421052631578947,6.2105263157894735,228.125
3.8421052631578947,6.2105263157894735,268.75
3.8421052631578947,6.2105263157894735,309.375
3.8421052631578947,6.2105263157894735,350.0
3.8421052631578947,6.2105263157894735,390.625
3.8421052631578947,6.2105263157894735,431.25
3.8421052631578947,6.2105263157894735,471.875
3.8421052631578947,6.2105263157894735,512.5
3.8421052631578947,6.2105263157894735,553.125
3.8421052631578947,6.2105263157894735,593.75
3.8421052631578947,6.2105263157894735,634.375
3.8421052631578947,6.2105263157894735,675.0
3.8421052631578947,6.2105263157894735,715.625
3.8421052631578947,6.2105263157894735,756.25
3.8421052631578947,6.2105263157894735,796.875
3.8421052631578947,6.2105263157894735,837.5
3.8421052631578947,6.2105263157894735,878.125
3.8421052631578947,6.2105263157894735,918.75
3.8421052631578947,6.2105263157894735,959.375
3.8421052631578947,6.2105263157894735,1000.0
3.8421052631578947,6.684210526315789,25.0
3.8421052631578947,6.684210526315789,65.625
3.8421052631578947,6.684210526315789,106.25
3.8421052631578947,6.684210526315789,146.875
3.8421052631578947,6.684210526315789,187.5
3.8421052631578947,6.684210526315789,228.125
3.8421052631578947,6.684210526315789,268.75
3.8421052631578947,6.684210526315789,309.375
3.8421052631578947,6.684210526315789,350.0
3.8421052631578947,6.684210526315789,390.625
3.8421052631578947,6.684210526315789,431.25
3.8421052631578947,6.684210526315789,471.875
3.8421052631578947,6.684210526315789,512.5
3.8421052631578947,6.684210526315789,553.125
3.8421052631578947,6.684210526315789,593.75
3.8421052631578947,6.684210526315789,634.375
3.8421052631578947,6.684210526315789,675.0
3.8421052631578947,6.684210526315789,715.625
3.8421052631578947,6.684210526315789,756.25
3.8421052631578947,6.684210526315789,796.875
3.8421052631578947,6.684210526315789,837.5
3.8421052631578947,6.684210526315789,878.125
3.8421052631578947,6.684210526315789,918.75
3.8421052631578947,6.684210526315789,959.375
3.8421052631578947,6.684210526315789,1000.0
3.8421052631578947,7.157894736842105,25.0
3.8421052631578947,7.157894736842105,65.625
3.8421052631578947,7.157894736842105,106.25
3.8421052631578947,7.157894736842105,146.875
3.8421052631578947,7.157894736842105,187.5
3.8421052631578947,7.157894736842105,228.125
3.8421052631578947,7.157894736842105,268.75
3.8421052631578947,7.157894736842105,309.375
3.8421052631578947,7.157894736842105,350.0
3.8421052631578947,7.157894736842105,390.625
3.8421052631578947,7.157894736842105,431.25
3.8421052631578947,7.157894736842105,471.875
3.8421052631578947,7.157894736842105,512.5
3.8421052631578947,7.157894736842105,553.125
3.8421052631578947,7.157894736842105,593.75
3.8421052631578947,7.157894736842105,634.375
3.8421052631578947,7.157894736842105,675.0
3.8421052631578947,7.157894736842105,715.625
3.8421052631578947,7.157894736842105,756.25
3.8421052631578947,7.157894736842105,796.875
3.8421052631578947,7.157894736842105,837.5
3.8421052631578947,7.157894736842105,878.125
3.8421052631578947,7.157894736842105,918.75
3.8421052631578947,7.157894736842105,959.375
3.8421052631578947,7.157894736842105,1000.0
3.8421052631578947,7.63157894736842,25.0
3.8421052631578947,7.63157894736842,65.625
3.8421052631578947,7.63157894736842,106.25
3.8421052631578947,7.63157894736842,146.875
3.8421052631578947,7.63157894736842,187.5
3.8421052631578947,7.63157894736842,228.125
3.8421052631578947,7.63157894736842,268.75
3.8421052631578947,7.63157894736842,309.375
3.8421052631578947,7.63157894736842,350.0
3.8421052631578947,7.63157894736842,390.625
3.8421052631578947,7.63157894736842,431.25
3.8421052631578947,7.63157894736842,471.875
3.8421052631578947,7.63157894736842,512.5
3.8421052631578947,7.63157894736842,553.125
3.8421052631578947,7.63157894736842,593.75
3.8421052631578947,7.63157894736842,634.375
3.8421052631578947,7.63157894736842,675.0
3.8421052631578947,7.63157894736842,715.625
3.8421052631578947,7.63157894736842,756.25
3.8421052631578947,7.63157894736842,796.875
3.8421052631578947,7.63157894736842,837.5
3.8421052631578947,7.63157894736842,878.125
3.8421052631578947,7.63157894736842,918.75
3.8421052631578947,7.63157894736842,959.375
3.8421052631578947,7.63157894736842,1000.0
3.8421052631578947,8.105263157894736,25.0
3.8421052631578947,8.105263157894736,65.625
3.8421052631578947,8.105263157894736,106.25
3.8421052631578947,8.105263157894736,146.875
3.8421052631578947,8.105263157894736,187.5
3.8421052631578947,8.105263157894736,228.125
3.8421052631578947,8.105263157894736,268.75
3.8421052631578947,8.105263157894736,309.375
3.8421052631578947,8.105263157894736,350.0
3.8421052631578947,8.105263157894736,390.625
3.8421052631578947,8.105263157894736,431.25
3.8421052631578947,8.105263157894736,471.875
3.8421052631578947,8.105263157894736,512.5
3.8421052631578947,8.105263157894736,553.125
3.8421052631578947,8.105263157894736,593.75
3.8421052631578947,8.105263157894736,634.375
3.8421052631578947,8.105263157894736,675.0
3.8421052631578947,8.105263157894736,715.625
3.8421052631578947,8.105263157894736,756.25
3.8421052631578947,8.105263157894736,796.875
3.8421052631578947,8.105263157894736,837.5
3.8421052631578947,8.105263157894736,878.125
3.8421052631578947,8.105263157894736,918.75
3.8421052631578947,8.105263157894736,959.375
3.8421052631578947,8.105263157894736,1000.0
3.8421052631578947,8.578947368421051,25.0
3.8421052631578947,8.578947368421051,65.625
3.8421052631578947,8.578947368421051,106.25
3.8421052631578947,8.578947368421051,146.875
3.8421052631578947,8.578947368421051,187.5
3.8421052631578947,8.578947368421051,228.125
3.8421052631578947,8.578947368421051,268.75
3.8421052631578947,8.578947368421051,309.375
3.8421052631578947,8.578947368421051,350.0
3.8421052631578947,8.578947368421051,390.625
3.8421052631578947,8.578947368421051,431.25
3.8421052631578947,8.578947368421051,471.875
3.8421052631578947,8.578947368421051,512.5
3.8421052631578947,8.578947368421051,553.125
3.8421052631578947,8.578947368421051,593.75
3.8421052631578947,8.578947368421051,634.375
3.8421052631578947,8.578947368421051,675.0
3.8421052631578947,8.578947368421051,715.625
3.8421052631578947,8.578947368421051,756.25
3.8421052631578947,8.578947368421051,796.875
3.8421052631578947,8.578947368421051,837.5
3.8421052631578947,8.578947368421051,878.125
3.8421052631578947,8.578947368421051,918.75
3.8421052631578947,8.578947368421051,959.375
3.8421052631578947,8.578947368421051,1000.0
3.8421052631578947,9.052631578947368,25.0
3.8421052631578947,9.052631578947368,65.625
3.8421052631578947,9.052631578947368,106.25
3.8421052631578947,9.052631578947368,146.875
3.8421052631578947,9.052631578947368,187.5
3.8421052631578947,9.052631578947368,228.125
3.8421052631578947,9.052631578947368,268.75
3.8421052631578947,9.052631578947368,309.375
3.8421052631578947,9.052631578947368,350.0
3.8421052631578947,9.052631578947368,390.625
3.8421052631578947,9.052631578947368,431.25
3.8421052631578947,9.052631578947368,471.875
3.8421052631578947,9.052631578947368,512.5
3.8421052631578947,9.052631578947368,553.125
3.8421052631578947,9.052631578947368,593.75
3.8421052631578947,9.052631578947368,634.375
3.8421052631578947,9.052631578947368,675.0
3.8421052631578947,9.052631578947368,715.625
3.8421052631578947,9.052631578947368,756.25
3.8421052631578947,9.052631578947368,796.875
3.8421052631578947,9.052631578947368,837.5
3.8421052631578947,9.052631578947368,878.125
3.8421052631578947,9.052631578947368,918.75
3.8421052631578947,9.052631578947368,959.375
3.8421052631578947,9.052631578947368,1000.0
3.8421052631578947,9.526315789473683,25.0
3.8421052631578947,9.526315789473683,65.625
3.8421052631578947,9.526315789473683,106.25
3.8421052631578947,9.526315789473683,146.875
3.8421052631578947,9.526315789473683,187.5
3.8421052631578947,9.526315789473683,228.125
3.8421052631578947,9.526315789473683,268.75
3.8421052631578947,9.526315789473683,309.375
3.8421052631578947,9.526315789473683,350.0
3.8421052631578947,9.526315789473683,390.625
3.8421052631578947,9.526315789473683,431.25
3.8421052631578947,9.526315789473683,471.875
3.8421052631578947,9.526315789473683,512.5
3.8421052631578947,9.526315789473683,553.125
3.8421052631578947,9.526315789473683,593.75
3.8421052631578947,9.526315789473683,634.375
3.8421052631578947,9.526315789473683,675.0
3.8421052631578947,9.526315789473683,715.625
3.8421052631578947,9.526315789473683,756.25
3.8421052631578947,9.526315789473683,796.875
3.8421052631578947,9.526315789473683,837.5
3.8421052631578947,9.526315789473683,878.125
3.8421052631578947,9.526315789473683,918.75
3.8421052631578947,9.526315789473683,959.375
3.8421052631578947,9.526315789473683,1000.0
3.8421052631578947,10.0,25.0
3.8421052631578947,10.0,65.625
3.8421052631578947,10.0,106.25
3.8421052631578947,10.0,146.875
3.8421052631578947,10.0,187.5
3.8421052631578947,10.0,228.125
3.8421052631578947,10.0,268.75
3.8421052631578947,10.0,309.375
3.8421052631578947,10.0,350.0
3.8421052631578947,10.0,390.625
3.8421052631578947,10.0,431.25
3.8421052631578947,10.0,471.875
3.8421052631578947,10.0,512.5
3.8421052631578947,10.0,553.125
3.8421052631578947,10.0,593.75
3.8421052631578947,10.0,634.375
3.8421052631578947,10.0,675.0
3.8421052631578947,10.0,715.625
3.8421052631578947,10.0,756.25
3.8421052631578947,10.0,796.875
3.8421052631578947,10.0,837.5
3.8421052631578947,10.0,878.125
3.8421052631578947,10.0,918.75
3.8421052631578947,10.0,959.375
3.8421052631578947,10.0,1000.0
4.315789473684211,1.0,25.0
4.315789473684211,1.0,65.625
4.315789473684211,1.0,106.25
4.315789473684211,1.0,146.875
4.315789473684211,1.0,187.5
4.315789473684211,1.0,228.125
4.315789473684211,1.0,268.75
4.315789473684211,1.0,309.375
4.315789473684211,1.0,350.0
4.315789473684211,1.0,390.625
4.315789473684211,1.0,431.25
4.315789473684211,1.0,471.875
4.315789473684211,1.0,512.5
4.315789473684211,1.0,553.125
4.315789473684211,1.0,593.75
4.315789473684211,1.0,634.375
4.315789473684211,1.0,675.0
4.315789473684211,1.0,715.625
4.315789473684211,1.0,756.25
4.315789473684211,1.0,796.875
4.315789473684211,1.0,837.5
4.315789473684211,1.0,878.125
4.315789473684211,1.0,918.75
4.315789473684211,1.0,959.375
4.315789473684211,1.0,1000.0
4.315789473684211,1.4736842105263157,25.0
4.315789473684211,1.4736842105263157,65.625
4.315789473684211,1.4736842105263157,106.25
4.315789473684211,1.4736842105263157,146.875
4.315789473684211,1.4736842105263157,187.5
4.315789473684211,1.4736842105263157,228.125
4.315789473684211,1.4736842105263157,268.75
4.315789473684211,1.4736842105263157,309.375
4.315789473684211,1.4736842105263157,350.0
4.315789473684211,1.4736842105263157,390.625
4.315789473684211,1.4736842105263157,431.25
4.315789473684211,1.4736842105263157,471.875
4.315789473684211,1.4736842105263157,512.5
4.315789473684211,1.4736842105263157,553.125
4.315789473684211,1.4736842105263157,593.75
4.315789473684211,1.4736842105263157,634.375
4.315789473684211,1.4736842105263157,675.0
4.315789473684211,1.4736842105263157,715.625
4.315789473684211,1.4736842105263157,756.25
4.315789473684211,1.4736842105263157,796.875
4.315789473684211,1.4736842105263157,837.5
4.315789473684211,1.4736842105263157,878.125
4.315789473684211,1.4736842105263157,918.75
4.315789473684211,1.4736842105263157,959.375
4.315789473684211,1.4736842105263157,1000.0
4.315789473684211,1.9473684210526314,25.0
4.315789473684211,1.9473684210526314,65.625
4.315789473684211,1.9473684210526314,106.25
4.315789473684211,1.9473684210526314,146.875
4.315789473684211,1.9473684210526314,187.5
4.315789473684211,1.9473684210526314,228.125
4.315789473684211,1.9473684210526314,268.75
4.315789473684211,1.9473684210526314,309.375
4.315789473684211,1.9473684210526314,350.0
4.315789473684211,1.9473684210526314,390.625
4.315789473684211,1.9473684210526314,431.25
4.315789473684211,1.9473684210526314,471.875
4.315789473684211,1.9473684210526314,512.5
4.315789473684211,1.9473684210526314,553.125
4.315789473684211,1.9473684210526314,593.75
4.315789473684211,1.9473684210526314,634.375
4.315789473684211,1.9473684210526314,675.0
4.315789473684211,1.9473684210526314,715.625
4.315789473684211,1.9473684210526314,756.25
4.315789473684211,1.9473684210526314,796.875
4.315789473684211,1.9473684210526314,837.5
4.315789473684211,1.9473684210526314,878.125
4.315789473684211,1.9473684210526314,918.75
4.315789473684211,1.9473684210526314,959.375
4.315789473684211,1.9473684210526314,1000.0
4.315789473684211,2.4210526315789473,25.0
4.315789473684211,2.4210526315789473,65.625
4.315789473684211,2.4210526315789473,106.25
4.315789473684211,2.4210526315789473,146.875
4.315789473684211,2.4210526315789473,187.5
4.315789473684211,2.4210526315789473,228.125
4.315789473684211,2.4210526315789473,268.75
4.315789473684211,2.4210526315789473,309.375
4.315789473684211,2.4210526315789473,350.0
4.315789473684211,2.4210526315789473,390.625
4.315789473684211,2.4210526315789473,431.25
4.315789473684211,2.4210526315789473,471.875
4.315789473684211,2.4210526315789473,512.5
4.315789473684211,2.4210526315789473,553.125
4.315789473684211,2.4210526315789473,593.75
4.315789473684211,2.4210526315789473,634.375
4.315789473684211,2.4210526315789473,675.0
4.315789473684211,2.4210526315789473,715.625
4.315789473684211,2.4210526315789473,756.25
4.315789473684211,2.4210526315789473,796.875
4.315789473684211,2.4210526315789473,837.5
4.315789473684211,2.4210526315789473,878.125
4.315789473684211,2.4210526315789473,918.75
4.315789473684211,2.4210526315789473,959.375
4.315789473684211,2.4210526315789473,1000.0
4.315789473684211,2.894736842105263,25.0
4.315789473684211,2.894736842105263,65.625
4.315789473684211,2.894736842105263,106.25
4.315789473684211,2.894736842105263,146.875
4.315789473684211,2.894736842105263,187.5
4.315789473684211,2.894736842105263,228.125
4.315789473684211,2.894736842105263,268.75
4.315789473684211,2.894736842105263,309.375
4.315789473684211,2.894736842105263,350.0
4.315789473684211,2.894736842105263,390.625
4.315789473684211,2.894736842105263,431.25
4.315789473684211,2.894736842105263,471.875
4.315789473684211,2.894736842105263,512.5
4.315789473684211,2.894736842105263,553.125
4.315789473684211,2.894736842105263,593.75
4.315789473684211,2.894736842105263,634.375
4.315789473684211,2.894736842105263,675.0
4.315789473684211,2.894736842105263,715.625
4.315789473684211,2.894736842105263,756.25
4.315789473684211,2.894736842105263,796.875
4.315789473684211,2.894736842105263,837.5
4.315789473684211,2.894736842105263,878.125
4.315789473684211,2.894736842105263,918.75
4.315789473684211,2.894736842105263,959.375
4.315789473684211,2.894736842105263,1000.0
4.315789473684211,3.3684210526315788,25.0
4.315789473684211,3.3684210526315788,65.625
4.315789473684211,3.3684210526315788,106.25
4.315789473684211,3.3684210526315788,146.875
4.315789473684211,3.3684210526315788,187.5
4.315789473684211,3.3684210526315788,228.125
4.315789473684211,3.3684210526315788,268.75
4.315789473684211,3.3684210526315788,309.375
4.315789473684211,3.3684210526315788,350.0
4.315789473684211,3.3684210526315788,390.625
4.315789473684211,3.3684210526315788,431.25
4.315789473684211,3.3684210526315788,471.875
4.315789473684211,3.3684210526315788,512.5
4.315789473684211,3.3684210526315788,553.125
4.315789473684211,3.3684210526315788,593.75
4.315789473684211,3.3684210526315788,634.375
4.315789473684211,3.3684210526315788,675.0
4.315789473684211,3.3684210526315788,715.625
4.315789473684211,3.3684210526315788,756.25
4.315789473684211,3.3684210526315788,796.875
4.315789473684211,3.3684210526315788,837.5
4.315789473684211,3.3684210526315788,878.125
4.315789473684211,3.3684210526315788,918.75
4.315789473684211,3.3684210526315788,959.375
4.315789473684211,3.3684210526315788,1000.0
4.315789473684211,3.8421052631578947,25.0
4.315789473684211,3.8421052631578947,65.625
4.315789473684211,3.8421052631578947,106.25
4.315789473684211,3.8421052631578947,146.875
4.315789473684211,3.8421052631578947,187.5
4.315789473684211,3.8421052631578947,228.125
4.315789473684211,3.8421052631578947,268.75
4.315789473684211,3.8421052631578947,309.375
4.315789473684211,3.8421052631578947,350.0
4.315789473684211,3.8421052631578947,390.625
4.315789473684211,3.8421052631578947,431.25
4.315789473684211,3.8421052631578947,471.875
4.315789473684211,3.8421052631578947,512.5
4.315789473684211,3.8421052631578947,553.125
4.315789473684211,3.8421052631578947,593.75
4.315789473684211,3.8421052631578947,634.375
4.315789473684211,3.8421052631578947,675.0
4.315789473684211,3.8421052631578947,715.625
4.315789473684211,3.8421052631578947,756.25
4.315789473684211,3.8421052631578947,796.875
4.315789473684211,3.8421052631578947,837.5
4.315789473684211,3.8421052631578947,878.125
4.315789473684211,3.8421052631578947,918.75
4.315789473684211,3.8421052631578947,959.375
4.315789473684211,3.8421052631578947,1000.0
4.315789473684211,4.315789473684211,25.0
4.315789473684211,4.315789473684211,65.625
4.315789473684211,4.315789473684211,106.25
4.315789473684211,4.315789473684211,146.875
4.315789473684211,4.315789473684211,187.5
4.315789473684211,4.315789473684211,228.125
4.315789473684211,4.315789473684211,268.75
4.315789473684211,4.315789473684211,309.375
4.315789473684211,4.315789473684211,350.0
4.315789473684211,4.315789473684211,390.625
4.315789473684211,4.315789473684211,431.25
4.315789473684211,4.315789473684211,471.875
4.315789473684211,4.315789473684211,512.5
4.315789473684211,4.315789473684211,553.125
4.315789473684211,4.315789473684211,593.75
4.315789473684211,4.315789473684211,634.375
4.315789473684211,4.315789473684211,675.0
4.315789473684211,4.315789473684211,715.625
4.315789473684211,4.315789473684211,756.25
4.315789473684211,4.315789473684211,796.875
4.315789473684211,4.315789473684211,837.5
4.315789473684211,4.315789473684211,878.125
4.315789473684211,4.315789473684211,918.75
4.315789473684211,4.315789473684211,959.375
4.315789473684211,4.315789473684211,1000.0
4.315789473684211,4.789473684210526,25.0
4.315789473684211,4.789473684210526,65.625
4.315789473684211,4.789473684210526,106.25
4.315789473684211,4.789473684210526,146.875
4.315789473684211,4.789473684210526,187.5
4.315789473684211,4.789473684210526,228.125
4.315789473684211,4.789473684210526,268.75
4.315789473684211,4.789473684210526,309.375
4.315789473684211,4.789473684210526,350.0
4.315789473684211,4.789473684210526,390.625
4.315789473684211,4.789473684210526,431.25
4.315789473684211,4.789473684210526,471.875
4.315789473684211,4.789473684210526,512.5
4.315789473684211,4.789473684210526,553.125
4.315789473684211,4.789473684210526,593.75
4.315789473684211,4.789473684210526,634.375
4.315789473684211,4.789473684210526,675.0
4.315789473684211,4.789473684210526,715.625
4.315789473684211,4.789473684210526,756.25
4.315789473684211,4.789473684210526,796.875
4.315789473684211,4.789473684210526,837.5
4.315789473684211,4.789473684210526,878.125
4.315789473684211,4.789473684210526,918.75
4.315789473684211,4.789473684210526,959.375
4.315789473684211,4.789473684210526,1000.0
4.315789473684211,5.263157894736842,25.0
4.315789473684211,5.263157894736842,65.625
4.315789473684211,5.263157894736842,106.25
4.315789473684211,5.263157894736842,146.875
4.315789473684211,5.263157894736842,187.5
4.315789473684211,5.263157894736842,228.125
4.315789473684211,5.263157894736842,268.75
4.315789473684211,5.263157894736842,309.375
4.315789473684211,5.263157894736842,350.0
4.315789473684211,5.263157894736842,390.625
4.315789473684211,5.263157894736842,431.25
4.315789473684211,5.263157894736842,471.875
4.315789473684211,5.263157894736842,512.5
4.315789473684211,5.263157894736842,553.125
4.315789473684211,5.263157894736842,593.75
4.315789473684211,5.263157894736842,634.375
4.315789473684211,5.263157894736842,675.0
4.315789473684211,5.263157894736842,715.625
4.315789473684211,5.263157894736842,756.25
4.315789473684211,5.263157894736842,796.875
4.315789473684211,5.263157894736842,837.5
4.315789473684211,5.263157894736842,878.125
4.315789473684211,5.263157894736842,918.75
4.315789473684211,5.263157894736842,959.375
4.315789473684211,5.263157894736842,1000.0
4.315789473684211,5.7368421052631575,25.0
4.315789473684211,5.7368421052631575,65.625
4.315789473684211,5.7368421052631575,106.25
4.315789473684211,5.7368421052631575,146.875
4.315789473684211,5.7368421052631575,187.5
4.315789473684211,5.7368421052631575,228.125
4.315789473684211,5.7368421052631575,268.75
4.315789473684211,5.7368421052631575,309.375
4.315789473684211,5.7368421052631575,350.0
4.315789473684211,5.7368421052631575,390.625
4.315789473684211,5.7368421052631575,431.25
4.315789473684211,5.7368421052631575,471.875
4.315789473684211,5.7368421052631575,512.5
4.315789473684211,5.7368421052631575,553.125
4.315789473684211,5.7368421052631575,593.75
4.315789473684211,5.7368421052631575,634.375
4.315789473684211,5.7368421052631575,675.0
4.315789473684211,5.7368421052631575,715.625
4.315789473684211,5.7368421052631575,756.25
4.315789473684211,5.7368421052631575,796.875
4.315789473684211,5.7368421052631575,837.5
4.315789473684211,5.7368421052631575,878.125
4.315789473684211,5.7368421052631575,918.75
4.315789473684211,5.7368421052631575,959.375
4.315789473684211,5.7368421052631575,1000.0
4.315789473684211,6.2105263157894735,25.0
4.315789473684211,6.2105263157894735,65.625
4.315789473684211,6.2105263157894735,106.25
4.315789473684211,6.2105263157894735,146.875
4.315789473684211,6.2105263157894735,187.5
4.315789473684211,6.2105263157894735,228.125
4.315789473684211,6.2105263157894735,268.75
4.315789473684211,6.2105263157894735,309.375
4.315789473684211,6.2105263157894735,350.0
4.315789473684211,6.2105263157894735,390.625
4.315789473684211,6.2105263157894735,431.25
4.315789473684211,6.2105263157894735,471.875
4.315789473684211,6.2105263157894735,512.5
4.315789473684211,6.2105263157894735,553.125
4.315789473684211,6.2105263157894735,593.75
4.315789473684211,6.2105263157894735,634.375
4.315789473684211,6.2105263157894735,675.0
4.315789473684211,6.2105263157894735,715.625
4.315789473684211,6.2105263157894735,756.25
4.315789473684211,6.2105263157894735,796.875
4.315789473684211,6.2105263157894735,837.5
4.315789473684211,6.2105263157894735,878.125
4.315789473684211,6.2105263157894735,918.75
4.315789473684211,6.2105263157894735,959.375
4.315789473684211,6.2105263157894735,1000.0
4.315789473684211,6.684210526315789,25.0
4.315789473684211,6.684210526315789,65.625
4.315789473684211,6.684210526315789,106.25
4.315789473684211,6.684210526315789,146.875
4.315789473684211,6.684210526315789,187.5
4.315789473684211,6.684210526315789,228.125
4.315789473684211,6.684210526315789,268.75
4.315789473684211,6.684210526315789,309.375
4.315789473684211,6.684210526315789,350.0
4.315789473684211,6.684210526315789,390.625
4.315789473684211,6.684210526315789,431.25
4.315789473684211,6.684210526315789,471.875
4.315789473684211,6.684210526315789,512.5
4.315789473684211,6.684210526315789,553.125
4.315789473684211,6.684210526315789,593.75
4.315789473684211,6.684210526315789,634.375
4.315789473684211,6.684210526315789,675.0
4.315789473684211,6.684210526315789,715.625
4.315789473684211,6.684210526315789,756.25
4.315789473684211,6.684210526315789,796.875
4.315789473684211,6.684210526315789,837.5
4.315789473684211,6.684210526315789,878.125
4.315789473684211,6.684210526315789,918.75
4.315789473684211,6.684210526315789,959.375
4.315789473684211,6.684210526315789,1000.0
4.315789473684211,7.157894736842105,25.0
4.315789473684211,7.157894736842105,65.625
4.315789473684211,7.157894736842105,106.25
4.315789473684211,7.157894736842105,146.875
4.315789473684211,7.157894736842105,187.5
4.315789473684211,7.157894736842105,228.125
4.315789473684211,7.157894736842105,268.75
4.315789473684211,7.157894736842105,309.375
4.315789473684211,7.157894736842105,350.0
4.315789473684211,7.157894736842105,390.625
4.315789473684211,7.157894736842105,431.25
4.315789473684211,7.157894736842105,471.875
4.315789473684211,7.157894736842105,512.5
4.315789473684211,7.157894736842105,553.125
4.315789473684211,7.157894736842105,593.75
4.315789473684211,7.157894736842105,634.375
4.315789473684211,7.157894736842105,675.0
4.315789473684211,7.157894736842105,715.625
4.315789473684211,7.157894736842105,756.25
4.315789473684211,7.157894736842105,796.875
4.315789473684211,7.157894736842105,837.5
4.315789473684211,7.157894736842105,878.125
4.315789473684211,7.157894736842105,918.75
4.315789473684211,7.157894736842105,959.375
4.315789473684211,7.157894736842105,1000.0
4.315789473684211,7.63157894736842,25.0
4.315789473684211,7.63157894736842,65.625
4.315789473684211,7.63157894736842,106.25
4.315789473684211,7.63157894736842,146.875
4.315789473684211,7.63157894736842,187.5
4.315789473684211,7.63157894736842,228.125
4.315789473684211,7.63157894736842,268.75
4.315789473684211,7.63157894736842,309.375
4.315789473684211,7.63157894736842,350.0
4.315789473684211,7.63157894736842,390.625
4.315789473684211,7.63157894736842,431.25
4.315789473684211,7.63157894736842,471.875
4.315789473684211,7.63157894736842,512.5
4.315789473684211,7.63157894736842,553.125
4.315789473684211,7.63157894736842,593.75
4.315789473684211,7.63157894736842,634.375
4.315789473684211,7.63157894736842,675.0
4.315789473684211,7.63157894736842,715.625
4.315789473684211,7.63157894736842,756.25
4.315789473684211,7.63157894736842,796.875
4.315789473684211,7.63157894736842,837.5
4.315789473684211,7.63157894736842,878.125
4.315789473684211,7.63157894736842,918.75
4.315789473684211,7.63157894736842,959.375
4.315789473684211,7.63157894736842,1000.0
4.315789473684211,8.105263157894736,25.0
4.315789473684211,8.105263157894736,65.625
4.315789473684211,8.105263157894736,106.25
4.315789473684211,8.105263157894736,146.875
4.315789473684211,8.105263157894736,187.5
4.315789473684211,8.105263157894736,228.125
4.315789473684211,8.105263157894736,268.75
4.315789473684211,8.105263157894736,309.375
4.315789473684211,8.105263157894736,350.0
4.315789473684211,8.105263157894736,390.625
4.315789473684211,8.105263157894736,431.25
4.315789473684211,8.105263157894736,471.875
4.315789473684211,8.105263157894736,512.5
4.315789473684211,8.105263157894736,553.125
4.315789473684211,8.105263157894736,593.75
4.315789473684211,8.105263157894736,634.375
4.315789473684211,8.105263157894736,675.0
4.315789473684211,8.105263157894736,715.625
4.315789473684211,8.105263157894736,756.25
4.315789473684211,8.105263157894736,796.875
4.315789473684211,8.105263157894736,837.5
4.315789473684211,8.105263157894736,878.125
4.315789473684211,8.105263157894736,918.75
4.315789473684211,8.105263157894736,959.375
4.315789473684211,8.105263157894736,1000.0
4.315789473684211,8.578947368421051,25.0
4.315789473684211,8.578947368421051,65.625
4.315789473684211,8.578947368421051,106.25
4.315789473684211,8.578947368421051,146.875
4.315789473684211,8.578947368421051,187.5
4.315789473684211,8.578947368421051,228.125
4.315789473684211,8.578947368421051,268.75
4.315789473684211,8.578947368421051,309.375
4.315789473684211,8.578947368421051,350.0
4.315789473684211,8.578947368421051,390.625
4.315789473684211,8.578947368421051,431.25
4.315789473684211,8.578947368421051,471.875
4.315789473684211,8.578947368421051,512.5
4.315789473684211,8.578947368421051,553.125
4.315789473684211,8.578947368421051,593.75
4.315789473684211,8.578947368421051,634.375
4.315789473684211,8.578947368421051,675.0
4.315789473684211,8.578947368421051,715.625
4.315789473684211,8.578947368421051,756.25
4.315789473684211,8.578947368421051,796.875
4.315789473684211,8.578947368421051,837.5
4.315789473684211,8.578947368421051,878.125
4.315789473684211,8.578947368421051,918.75
4.315789473684211,8.578947368421051,959.375
4.315789473684211,8.578947368421051,1000.0
4.315789473684211,9.052631578947368,25.0
4.315789473684211,9.052631578947368,65.625
4.315789473684211,9.052631578947368,106.25
4.315789473684211,9.052631578947368,146.875
4.315789473684211,9.052631578947368,187.5
4.315789473684211,9.052631578947368,228.125
4.315789473684211,9.052631578947368,268.75
4.315789473684211,9.052631578947368,309.375
4.315789473684211,9.052631578947368,350.0
4.315789473684211,9.052631578947368,390.625
4.315789473684211,9.052631578947368,431.25
4.315789473684211,9.052631578947368,471.875
4.315789473684211,9.052631578947368,512.5
4.315789473684211,9.052631578947368,553.125
4.315789473684211,9.052631578947368,593.75
4.315789473684211,9.052631578947368,634.375
4.315789473684211,9.052631578947368,675.0
4.315789473684211,9.052631578947368,715.625
4.315789473684211,9.052631578947368,756.25
4.315789473684211,9.052631578947368,796.875
4.315789473684211,9.052631578947368,837.5
4.315789473684211,9.052631578947368,878.125
4.315789473684211,9.052631578947368,918.75
4.315789473684211,9.052631578947368,959.375
4.315789473684211,9.052631578947368,1000.0
4.315789473684211,9.526315789473683,25.0
4.315789473684211,9.526315789473683,65.625
4.315789473684211,9.526315789473683,106.25
4.315789473684211,9.526315789473683,146.875
4.315789473684211,9.526315789473683,187.5
4.315789473684211,9.526315789473683,228.125
4.315789473684211,9.526315789473683,268.75
4.315789473684211,9.526315789473683,309.375
4.315789473684211,9.526315789473683,350.0
4.315789473684211,9.526315789473683,390.625
4.315789473684211,9.526315789473683,431.25
4.315789473684211,9.526315789473683,471.875
4.315789473684211,9.526315789473683,512.5
4.315789473684211,9.526315789473683,553.125
4.315789473684211,9.526315789473683,593.75
4.315789473684211,9.526315789473683,634.375
4.315789473684211,9.526315789473683,675.0
4.315789473684211,9.526315789473683,715.625
4.315789473684211,9.526315789473683,756.25
4.315789473684211,9.526315789473683,796.875
4.315789473684211,9.526315789473683,837.5
4.315789473684211,9.526315789473683,878.125
4.315789473684211,9.526315789473683,918.75
4.315789473684211,9.526315789473683,959.375
4.315789473684211,9.526315789473683,1000.0
4.315789473684211,10.0,25.0
4.315789473684211,10.0,65.625
4.315789473684211,10.0,106.25
4.315789473684211,10.0,146.875
4.315789473684211,10.0,187.5
4.315789473684211,10.0,228.125
4.315789473684211,10.0,268.75
4.315789473684211,10.0,309.375
4.315789473684211,10.0,350.0
4.315789473684211,10.0,390.625
4.315789473684211,10.0,431.25
4.315789473684211,10.0,471.875
4.315789473684211,10.0,512.5
4.315789473684211,10.0,553.125
4.315789473684211,10.0,593.75
4.315789473684211,10.0,634.375
4.315789473684211,10.0,675.0
4.315789473684211,10.0,715.625
4.315789473684211,10.0,756.25
4.315789473684211,10.0,796.875
4.315789473684211,10.0,837.5
4.315789473684211,10.0,878.125
4.315789473684211,10.0,918.75
4.315789473684211,10.0,959.375
4.315789473684211,10.0,1000.0
4.789473684210526,1.0,25.0
4.789473684210526,1.0,65.625
4.789473684210526,1.0,106.25
4.789473684210526,1.0,146.875
4.789473684210526,1.0,187.5
4.789473684210526,1.0,228.125
4.789473684210526,1.0,268.75
4.789473684210526,1.0,309.375
4.789473684210526,1.0,350.0
4.789473684210526,1.0,390.625
4.789473684210526,1.0,431.25
4.789473684210526,1.0,471.875
4.789473684210526,1.0,512.5
4.789473684210526,1.0,553.125
4.789473684210526,1.0,593.75
4.789473684210526,1.0,634.375
4.789473684210526,1.0,675.0
4.789473684210526,1.0,715.625
4.789473684210526,1.0,756.25
4.789473684210526,1.0,796.875
4.789473684210526,1.0,837.5
4.789473684210526,1.0,878.125
4.789473684210526,1.0,918.75
4.789473684210526,1.0,959.375
4.789473684210526,1.0,1000.0
4.789473684210526,1.4736842105263157,25.0
4.789473684210526,1.4736842105263157,65.625
4.789473684210526,1.4736842105263157,106.25
4.789473684210526,1.4736842105263157,146.875
4.789473684210526,1.4736842105263157,187.5
4.789473684210526,1.4736842105263157,228.125
4.789473684210526,1.4736842105263157,268.75
4.789473684210526,1.4736842105263157,309.375
4.789473684210526,1.4736842105263157,350.0
4.789473684210526,1.4736842105263157,390.625
4.789473684210526,1.4736842105263157,431.25
4.789473684210526,1.4736842105263157,471.875
4.789473684210526,1.4736842105263157,512.5
4.789473684210526,1.4736842105263157,553.125
4.789473684210526,1.4736842105263157,593.75
4.789473684210526,1.4736842105263157,634.375
4.789473684210526,1.4736842105263157,675.0
4.789473684210526,1.4736842105263157,715.625
4.789473684210526,1.4736842105263157,756.25
4.789473684210526,1.4736842105263157,796.875
4.789473684210526,1.4736842105263157,837.5
4.789473684210526,1.4736842105263157,878.125
4.789473684210526,1.4736842105263157,918.75
4.789473684210526,1.4736842105263157,959.375
4.789473684210526,1.4736842105263157,1000.0
4.789473684210526,1.9473684210526314,25.0
4.789473684210526,1.9473684210526314,65.625
4.789473684210526,1.9473684210526314,106.25
4.789473684210526,1.9473684210526314,146.875
4.789473684210526,1.9473684210526314,187.5
4.789473684210526,1.9473684210526314,228.125
4.789473684210526,1.9473684210526314,268.75
4.789473684210526,1.9473684210526314,309.375
4.789473684210526,1.9473684210526314,350.0
4.789473684210526,1.9473684210526314,390.625
4.789473684210526,1.9473684210526314,431.25
4.789473684210526,1.9473684210526314,471.875
4.789473684210526,1.9473684210526314,512.5
4.789473684210526,1.9473684210526314,553.125
4.789473684210526,1.9473684210526314,593.75
4.789473684210526,1.9473684210526314,634.375
4.789473684210526,1.9473684210526314,675.0
4.789473684210526,1.9473684210526314,715.625
4.789473684210526,1.9473684210526314,756.25
4.789473684210526,1.9473684210526314,796.875
4.789473684210526,1.9473684210526314,837.5
4.789473684210526,1.9473684210526314,878.125
4.789473684210526,1.9473684210526314,918.75
4.789473684210526,1.9473684210526314,959.375
4.789473684210526,1.9473684210526314,1000.0
4.789473684210526,2.4210526315789473,25.0
4.789473684210526,2.4210526315789473,65.625
4.789473684210526,2.4210526315789473,106.25
4.789473684210526,2.4210526315789473,146.875
4.789473684210526,2.4210526315789473,187.5
4.789473684210526,2.4210526315789473,228.125
4.789473684210526,2.4210526315789473,268.75
4.789473684210526,2.4210526315789473,309.375
4.789473684210526,2.4210526315789473,350.0
4.789473684210526,2.4210526315789473,390.625
4.789473684210526,2.4210526315789473,431.25
4.789473684210526,2.4210526315789473,471.875
4.789473684210526,2.4210526315789473,512.5
4.789473684210526,2.4210526315789473,553.125
4.789473684210526,2.4210526315789473,593.75
4.789473684210526,2.4210526315789473,634.375
4.789473684210526,2.4210526315789473,675.0
4.789473684210526,2.4210526315789473,715.625
4.789473684210526,2.4210526315789473,756.25
4.789473684210526,2.4210526315789473,796.875
4.789473684210526,2.4210526315789473,837.5
4.789473684210526,2.4210526315789473,878.125
4.789473684210526,2.4210526315789473,918.75
4.789473684210526,2.4210526315789473,959.375
4.789473684210526,2.4210526315789473,1000.0
4.789473684210526,2.894736842105263,25.0
4.789473684210526,2.894736842105263,65.625
4.789473684210526,2.894736842105263,106.25
4.789473684210526,2.894736842105263,146.875
4.789473684210526,2.894736842105263,187.5
4.789473684210526,2.894736842105263,228.125
4.789473684210526,2.894736842105263,268.75
4.789473684210526,2.894736842105263,309.375
4.789473684210526,2.894736842105263,350.0
4.789473684210526,2.894736842105263,390.625
4.789473684210526,2.894736842105263,431.25
4.789473684210526,2.894736842105263,471.875
4.789473684210526,2.894736842105263,512.5
4.789473684210526,2.894736842105263,553.125
4.789473684210526,2.894736842105263,593.75
4.789473684210526,2.894736842105263,634.375
4.789473684210526,2.894736842105263,675.0
4.789473684210526,2.894736842105263,715.625
4.789473684210526,2.894736842105263,756.25
4.789473684210526,2.894736842105263,796.875
4.789473684210526,2.894736842105263,837.5
4.789473684210526,2.894736842105263,878.125
4.789473684210526,2.894736842105263,918.75
4.789473684210526,2.894736842105263,959.375
4.789473684210526,2.894736842105263,1000.0
4.789473684210526,3.3684210526315788,25.0
4.789473684210526,3.3684210526315788,65.625
4.789473684210526,3.3684210526315788,106.25
4.789473684210526,3.3684210526315788,146.875
4.789473684210526,3.3684210526315788,187.5
4.789473684210526,3.3684210526315788,228.125
4.789473684210526,3.3684210526315788,268.75
4.789473684210526,3.3684210526315788,309.375
4.789473684210526,3.3684210526315788,350.0
4.789473684210526,3.3684210526315788,390.625
4.789473684210526,3.3684210526315788,431.25
4.789473684210526,3.3684210526315788,471.875
4.789473684210526,3.3684210526315788,512.5
4.789473684210526,3.3684210526315788,553.125
4.789473684210526,3.3684210526315788,593.75
4.789473684210526,3.3684210526315788,634.375
4.789473684210526,3.3684210526315788,675.0
4.789473684210526,3.3684210526315788,715.625
4.789473684210526,3.3684210526315788,756.25
4.789473684210526,3.3684210526315788,796.875
4.789473684210526,3.3684210526315788,837.5
4.789473684210526,3.3684210526315788,878.125
4.789473684210526,3.3684210526315788,918.75
4.789473684210526,3.3684210526315788,959.375
4.789473684210526,3.3684210526315788,1000.0
4.789473684210526,3.8421052631578947,25.0
4.789473684210526,3.8421052631578947,65.625
4.789473684210526,3.8421052631578947,106.25
4.789473684210526,3.8421052631578947,146.875
4.789473684210526,3.8421052631578947,187.5
4.789473684210526,3.8421052631578947,228.125
4.789473684210526,3.8421052631578947,268.75
4.789473684210526,3.8421052631578947,309.375
4.789473684210526,3.8421052631578947,350.0
4.789473684210526,3.8421052631578947,390.625
4.789473684210526,3.8421052631578947,431.25
4.789473684210526,3.8421052631578947,471.875
4.789473684210526,3.8421052631578947,512.5
4.789473684210526,3.8421052631578947,553.125
4.789473684210526,3.8421052631578947,593.75
4.789473684210526,3.8421052631578947,634.375
4.789473684210526,3.8421052631578947,675.0
4.789473684210526,3.8421052631578947,715.625
4.789473684210526,3.8421052631578947,756.25
4.789473684210526,3.8421052631578947,796.875
4.789473684210526,3.8421052631578947,837.5
4.789473684210526,3.8421052631578947,878.125
4.789473684210526,3.8421052631578947,918.75
4.789473684210526,3.8421052631578947,959.375
4.789473684210526,3.8421052631578947,1000.0
4.789473684210526,4.315789473684211,25.0
4.789473684210526,4.315789473684211,65.625
4.789473684210526,4.315789473684211,106.25
4.789473684210526,4.315789473684211,146.875
4.789473684210526,4.315789473684211,187.5
4.789473684210526,4.315789473684211,228.125
4.789473684210526,4.315789473684211,268.75
4.789473684210526,4.315789473684211,309.375
4.789473684210526,4.315789473684211,350.0
4.789473684210526,4.315789473684211,390.625
4.789473684210526,4.315789473684211,431.25
4.789473684210526,4.315789473684211,471.875
4.789473684210526,4.315789473684211,512.5
4.789473684210526,4.315789473684211,553.125
4.789473684210526,4.315789473684211,593.75
4.789473684210526,4.315789473684211,634.375
4.789473684210526,4.315789473684211,675.0
4.789473684210526,4.315789473684211,715.625
4.789473684210526,4.315789473684211,756.25
4.789473684210526,4.315789473684211,796.875
4.789473684210526,4.315789473684211,837.5
4.789473684210526,4.315789473684211,878.125
4.789473684210526,4.315789473684211,918.75
4.789473684210526,4.315789473684211,959.375
4.789473684210526,4.315789473684211,1000.0
4.789473684210526,4.789473684210526,25.0
4.789473684210526,4.789473684210526,65.625
4.789473684210526,4.789473684210526,106.25
4.789473684210526,4.789473684210526,146.875
4.789473684210526,4.789473684210526,187.5
4.789473684210526,4.789473684210526,228.125
4.789473684210526,4.789473684210526,268.75
4.789473684210526,4.789473684210526,309.375
4.789473684210526,4.789473684210526,350.0
4.789473684210526,4.789473684210526,390.625
4.789473684210526,4.789473684210526,431.25
4.789473684210526,4.789473684210526,471.875
4.789473684210526,4.789473684210526,512.5
4.789473684210526,4.789473684210526,553.125
4.789473684210526,4.789473684210526,593.75
4.789473684210526,4.789473684210526,634.375
4.789473684210526,4.789473684210526,675.0
4.789473684210526,4.789473684210526,715.625
4.789473684210526,4.789473684210526,756.25
4.789473684210526,4.789473684210526,796.875
4.789473684210526,4.789473684210526,837.5
4.789473684210526,4.789473684210526,878.125
4.789473684210526,4.789473684210526,918.75
4.789473684210526,4.789473684210526,959.375
4.789473684210526,4.789473684210526,1000.0
4.789473684210526,5.263157894736842,25.0
4.789473684210526,5.263157894736842,65.625
4.789473684210526,5.263157894736842,106.25
4.789473684210526,5.263157894736842,146.875
4.789473684210526,5.263157894736842,187.5
4.789473684210526,5.263157894736842,228.125
4.789473684210526,5.263157894736842,268.75
4.789473684210526,5.263157894736842,309.375
4.789473684210526,5.263157894736842,350.0
4.789473684210526,5.263157894736842,390.625
4.789473684210526,5.263157894736842,431.25
4.789473684210526,5.263157894736842,471.875
4.789473684210526,5.263157894736842,512.5
4.789473684210526,5.263157894736842,553.125
4.789473684210526,5.263157894736842,593.75
4.789473684210526,5.263157894736842,634.375
4.789473684210526,5.263157894736842,675.0
4.789473684210526,5.263157894736842,715.625
4.789473684210526,5.263157894736842,756.25
4.789473684210526,5.263157894736842,796.875
4.789473684210526,5.263157894736842,837.5
4.789473684210526,5.263157894736842,878.125
4.789473684210526,5.263157894736842,918.75
4.789473684210526,5.263157894736842,959.375
4.789473684210526,5.263157894736842,1000.0
4.789473684210526,5.7368421052631575,25.0
4.789473684210526,5.7368421052631575,65.625
4.789473684210526,5.7368421052631575,106.25
4.789473684210526,5.7368421052631575,146.875
4.789473684210526,5.7368421052631575,187.5
4.789473684210526,5.7368421052631575,228.125
4.789473684210526,5.7368421052631575,268.75
4.789473684210526,5.7368421052631575,309.375
4.789473684210526,5.7368421052631575,350.0
4.789473684210526,5.7368421052631575,390.625
4.789473684210526,5.7368421052631575,431.25
4.789473684210526,5.7368421052631575,471.875
4.789473684210526,5.7368421052631575,512.5
4.789473684210526,5.7368421052631575,553.125
4.789473684210526,5.7368421052631575,593.75
4.789473684210526,5.7368421052631575,634.375
4.789473684210526,5.7368421052631575,675.0
4.789473684210526,5.7368421052631575,715.625
4.789473684210526,5.7368421052631575,756.25
4.789473684210526,5.7368421052631575,796.875
4.789473684210526,5.7368421052631575,837.5
4.789473684210526,5.7368421052631575,878.125
4.789473684210526,5.7368421052631575,918.75
4.789473684210526,5.7368421052631575,959.375
4.789473684210526,5.7368421052631575,1000.0
4.789473684210526,6.2105263157894735,25.0
4.789473684210526,6.2105263157894735,65.625
4.789473684210526,6.2105263157894735,106.25
4.789473684210526,6.2105263157894735,146.875
4.789473684210526,6.2105263157894735,187.5
4.789473684210526,6.2105263157894735,228.125
4.789473684210526,6.2105263157894735,268.75
4.789473684210526,6.2105263157894735,309.375
4.789473684210526,6.2105263157894735,350.0
4.789473684210526,6.2105263157894735,390.625
4.789473684210526,6.2105263157894735,431.25
4.789473684210526,6.2105263157894735,471.875
4.789473684210526,6.2105263157894735,512.5
4.789473684210526,6.2105263157894735,553.125
4.789473684210526,6.2105263157894735,593.75
4.789473684210526,6.2105263157894735,634.375
4.789473684210526,6.2105263157894735,675.0
4.789473684210526,6.2105263157894735,715.625
4.789473684210526,6.2105263157894735,756.25
4.789473684210526,6.2105263157894735,796.875
4.789473684210526,6.2105263157894735,837.5
4.789473684210526,6.2105263157894735,878.125
4.789473684210526,6.2105263157894735,918.75
4.789473684210526,6.2105263157894735,959.375
4.789473684210526,6.2105263157894735,1000.0
4.789473684210526,6.684210526315789,25.0
4.789473684210526,6.684210526315789,65.625
4.789473684210526,6.684210526315789,106.25
4.789473684210526,6.684210526315789,146.875
4.789473684210526,6.684210526315789,187.5
4.789473684210526,6.684210526315789,228.125
4.789473684210526,6.684210526315789,268.75
4.789473684210526,6.684210526315789,309.375
4.789473684210526,6.684210526315789,350.0
4.789473684210526,6.684210526315789,390.625
4.789473684210526,6.684210526315789,431.25
4.789473684210526,6.684210526315789,471.875
4.789473684210526,6.684210526315789,512.5
4.789473684210526,6.684210526315789,553.125
4.789473684210526,6.684210526315789,593.75
4.789473684210526,6.684210526315789,634.375
4.789473684210526,6.684210526315789,675.0
4.789473684210526,6.684210526315789,715.625
4.789473684210526,6.684210526315789,756.25
4.789473684210526,6.684210526315789,796.875
4.789473684210526,6.684210526315789,837.5
4.789473684210526,6.684210526315789,878.125
4.789473684210526,6.684210526315789,918.75
4.789473684210526,6.684210526315789,959.375
4.789473684210526,6.684210526315789,1000.0
4.789473684210526,7.157894736842105,25.0
4.789473684210526,7.157894736842105,65.625
4.789473684210526,7.157894736842105,106.25
4.789473684210526,7.157894736842105,146.875
4.789473684210526,7.157894736842105,187.5
4.789473684210526,7.157894736842105,228.125
4.789473684210526,7.157894736842105,268.75
4.789473684210526,7.157894736842105,309.375
4.789473684210526,7.157894736842105,350.0
4.789473684210526,7.157894736842105,390.625
4.789473684210526,7.157894736842105,431.25
4.789473684210526,7.157894736842105,471.875
4.789473684210526,7.157894736842105,512.5
4.789473684210526,7.157894736842105,553.125
4.789473684210526,7.157894736842105,593.75
4.789473684210526,7.157894736842105,634.375
4.789473684210526,7.157894736842105,675.0
4.789473684210526,7.157894736842105,715.625
4.789473684210526,7.157894736842105,756.25
4.789473684210526,7.157894736842105,796.875
4.789473684210526,7.157894736842105,837.5
4.789473684210526,7.157894736842105,878.125
4.789473684210526,7.157894736842105,918.75
4.789473684210526,7.157894736842105,959.375
4.789473684210526,7.157894736842105,1000.0
4.789473684210526,7.63157894736842,25.0
4.789473684210526,7.63157894736842,65.625
4.789473684210526,7.63157894736842,106.25
4.789473684210526,7.63157894736842,146.875
4.789473684210526,7.63157894736842,187.5
4.789473684210526,7.63157894736842,228.125
4.789473684210526,7.63157894736842,268.75
4.789473684210526,7.63157894736842,309.375
4.789473684210526,7.63157894736842,350.0
4.789473684210526,7.63157894736842,390.625
4.789473684210526,7.63157894736842,431.25
4.789473684210526,7.63157894736842,471.875
4.789473684210526,7.63157894736842,512.5
4.789473684210526,7.63157894736842,553.125
4.789473684210526,7.63157894736842,593.75
4.789473684210526,7.63157894736842,634.375
4.789473684210526,7.63157894736842,675.0
4.789473684210526,7.63157894736842,715.625
4.789473684210526,7.63157894736842,756.25
4.789473684210526,7.63157894736842,796.875
4.789473684210526,7.63157894736842,837.5
4.789473684210526,7.63157894736842,878.125
4.789473684210526,7.63157894736842,918.75
4.789473684210526,7.63157894736842,959.375
4.789473684210526,7.63157894736842,1000.0
4.789473684210526,8.105263157894736,25.0
4.789473684210526,8.105263157894736,65.625
4.789473684210526,8.105263157894736,106.25
4.789473684210526,8.105263157894736,146.875
4.789473684210526,8.105263157894736,187.5
4.789473684210526,8.105263157894736,228.125
4.789473684210526,8.105263157894736,268.75
4.789473684210526,8.105263157894736,309.375
4.789473684210526,8.105263157894736,350.0
4.789473684210526,8.105263157894736,390.625
4.789473684210526,8.105263157894736,431.25
4.789473684210526,8.105263157894736,471.875
4.789473684210526,8.105263157894736,512.5
4.789473684210526,8.105263157894736,553.125
4.789473684210526,8.105263157894736,593.75
4.789473684210526,8.105263157894736,634.375
4.789473684210526,8.105263157894736,675.0
4.789473684210526,8.105263157894736,715.625
4.789473684210526,8.105263157894736,756.25
4.789473684210526,8.105263157894736,796.875
4.789473684210526,8.105263157894736,837.5
4.789473684210526,8.105263157894736,878.125
4.789473684210526,8.105263157894736,918.75
4.789473684210526,8.105263157894736,959.375
4.789473684210526,8.105263157894736,1000.0
4.789473684210526,8.578947368421051,25.0
4.789473684210526,8.578947368421051,65.625
4.789473684210526,8.578947368421051,106.25
4.789473684210526,8.578947368421051,146.875
4.789473684210526,8.578947368421051,187.5
4.789473684210526,8.578947368421051,228.125
4.789473684210526,8.578947368421051,268.75
4.789473684210526,8.578947368421051,309.375
4.789473684210526,8.578947368421051,350.0
4.789473684210526,8.578947368421051,390.625
4.789473684210526,8.578947368421051,431.25
4.789473684210526,8.578947368421051,471.875
4.789473684210526,8.578947368421051,512.5
4.789473684210526,8.578947368421051,553.125
4.789473684210526,8.578947368421051,593.75
4.789473684210526,8.578947368421051,634.375
4.789473684210526,8.578947368421051,675.0
4.789473684210526,8.578947368421051,715.625
4.789473684210526,8.578947368421051,756.25
4.789473684210526,8.578947368421051,796.875
4.789473684210526,8.578947368421051,837.5
4.789473684210526,8.578947368421051,878.125
4.789473684210526,8.578947368421051,918.75
4.789473684210526,8.578947368421051,959.375
4.789473684210526,8.578947368421051,1000.0
4.789473684210526,9.052631578947368,25.0
4.789473684210526,9.052631578947368,65.625
4.789473684210526,9.052631578947368,106.25
4.789473684210526,9.052631578947368,146.875
4.789473684210526,9.052631578947368,187.5
4.789473684210526,9.052631578947368,228.125
4.789473684210526,9.052631578947368,268.75
4.789473684210526,9.052631578947368,309.375
4.789473684210526,9.052631578947368,350.0
4.789473684210526,9.052631578947368,390.625
4.789473684210526,9.052631578947368,431.25
4.789473684210526,9.052631578947368,471.875
4.789473684210526,9.052631578947368,512.5
4.789473684210526,9.052631578947368,553.125
4.789473684210526,9.052631578947368,593.75
4.789473684210526,9.052631578947368,634.375
4.789473684210526,9.052631578947368,675.0
4.789473684210526,9.052631578947368,715.625
4.789473684210526,9.052631578947368,756.25
4.789473684210526,9.052631578947368,796.875
4.789473684210526,9.052631578947368,837.5
4.789473684210526,9.052631578947368,878.125
4.789473684210526,9.052631578947368,918.75
4.789473684210526,9.052631578947368,959.375
4.789473684210526,9.052631578947368,1000.0
4.789473684210526,9.526315789473683,25.0
4.789473684210526,9.526315789473683,65.625
4.789473684210526,9.526315789473683,106.25
4.789473684210526,9.526315789473683,146.875
4.789473684210526,9.526315789473683,187.5
4.789473684210526,9.526315789473683,228.125
4.789473684210526,9.526315789473683,268.75
4.789473684210526,9.526315789473683,309.375
4.789473684210526,9.526315789473683,350.0
4.789473684210526,9.526315789473683,390.625
4.789473684210526,9.526315789473683,431.25
4.789473684210526,9.526315789473683,471.875
4.789473684210526,9.526315789473683,512.5
4.789473684210526,9.526315789473683,553.125
4.789473684210526,9.526315789473683,593.75
4.789473684210526,9.526315789473683,634.375
4.789473684210526,9.526315789473683,675.0
4.789473684210526,9.526315789473683,715.625
4.789473684210526,9.526315789473683,756.25
4.789473684210526,9.526315789473683,796.875
4.789473684210526,9.526315789473683,837.5
4.789473684210526,9.526315789473683,878.125
4.789473684210526,9.526315789473683,918.75
4.789473684210526,9.526315789473683,959.375
4.789473684210526,9.526315789473683,1000.0
4.789473684210526,10.0,25.0
4.789473684210526,10.0,65.625
4.789473684210526,10.0,106.25
4.789473684210526,10.0,146.875
4.789473684210526,10.0,187.5
4.789473684210526,10.0,228.125
4.789473684210526,10.0,268.75
4.789473684210526,10.0,309.375
4.789473684210526,10.0,350.0
4.789473684210526,10.0,390.625
4.789473684210526,10.0,431.25
4.789473684210526,10.0,471.875
4.789473684210526,10.0,512.5
4.789473684210526,10.0,553.125
4.789473684210526,10.0,593.75
4.789473684210526,10.0,634.375
4.789473684210526,10.0,675.0
4.789473684210526,10.0,715.625
4.789473684210526,10.0,756.25
4.789473684210526,10.0,796.875
4.789473684210526,10.0,837.5
4.789473684210526,10.0,878.125
4.789473684210526,10.0,918.75
4.789473684210526,10.0,959.375
4.789473684210526,10.0,1000.0
5.263157894736842,1.0,25.0
5.263157894736842,1.0,65.625
5.263157894736842,1.0,106.25
5.263157894736842,1.0,146.875
5.263157894736842,1.0,187.5
5.263157894736842,1.0,228.125
5.263157894736842,1.0,268.75
5.263157894736842,1.0,309.375
5.263157894736842,1.0,350.0
5.263157894736842,1.0,390.625
5.263157894736842,1.0,431.25
5.263157894736842,1.0,471.875
5.263157894736842,1.0,512.5
5.263157894736842,1.0,553.125
5.263157894736842,1.0,593.75
5.263157894736842,1.0,634.375
5.263157894736842,1.0,675.0
5.263157894736842,1.0,715.625
5.263157894736842,1.0,756.25
5.263157894736842,1.0,796.875
5.263157894736842,1.0,837.5
5.263157894736842,1.0,878.125
5.263157894736842,1.0,918.75
5.263157894736842,1.0,959.375
5.263157894736842,1.0,1000.0
5.263157894736842,1.4736842105263157,25.0
5.263157894736842,1.4736842105263157,65.625
5.263157894736842,1.4736842105263157,106.25
5.263157894736842,1.4736842105263157,146.875
5.263157894736842,1.4736842105263157,187.5
5.263157894736842,1.4736842105263157,228.125
5.263157894736842,1.4736842105263157,268.75
5.263157894736842,1.4736842105263157,309.375
5.263157894736842,1.4736842105263157,350.0
5.263157894736842,1.4736842105263157,390.625
5.263157894736842,1.4736842105263157,431.25
5.263157894736842,1.4736842105263157,471.875
5.263157894736842,1.4736842105263157,512.5
5.263157894736842,1.4736842105263157,553.125
5.263157894736842,1.4736842105263157,593.75
5.263157894736842,1.4736842105263157,634.375
5.263157894736842,1.4736842105263157,675.0
5.263157894736842,1.4736842105263157,715.625
5.263157894736842,1.4736842105263157,756.25
5.263157894736842,1.4736842105263157,796.875
5.263157894736842,1.4736842105263157,837.5
5.263157894736842,1.4736842105263157,878.125
5.263157894736842,1.4736842105263157,918.75
5.263157894736842,1.4736842105263157,959.375
5.263157894736842,1.4736842105263157,1000.0
5.263157894736842,1.9473684210526314,25.0
5.263157894736842,1.9473684210526314,65.625
5.263157894736842,1.9473684210526314,106.25
5.263157894736842,1.9473684210526314,146.875
5.263157894736842,1.9473684210526314,187.5
5.263157894736842,1.9473684210526314,228.125
5.263157894736842,1.9473684210526314,268.75
5.263157894736842,1.9473684210526314,309.375
5.263157894736842,1.9473684210526314,350.0
5.263157894736842,1.9473684210526314,390.625
5.263157894736842,1.9473684210526314,431.25
5.263157894736842,1.9473684210526314,471.875
5.263157894736842,1.9473684210526314,512.5
5.263157894736842,1.9473684210526314,553.125
5.263157894736842,1.9473684210526314,593.75
5.263157894736842,1.9473684210526314,634.375
5.263157894736842,1.9473684210526314,675.0
5.263157894736842,1.9473684210526314,715.625
5.263157894736842,1.9473684210526314,756.25
5.263157894736842,1.9473684210526314,796.875
5.263157894736842,1.9473684210526314,837.5
5.263157894736842,1.9473684210526314,878.125
5.263157894736842,1.9473684210526314,918.75
5.263157894736842,1.9473684210526314,959.375
5.263157894736842,1.9473684210526314,1000.0
5.263157894736842,2.4210526315789473,25.0
5.263157894736842,2.4210526315789473,65.625
5.263157894736842,2.4210526315789473,106.25
5.263157894736842,2.4210526315789473,146.875
5.263157894736842,2.4210526315789473,187.5
5.263157894736842,2.4210526315789473,228.125
5.263157894736842,2.4210526315789473,268.75
5.263157894736842,2.4210526315789473,309.375
5.263157894736842,2.4210526315789473,350.0
5.263157894736842,2.4210526315789473,390.625
5.263157894736842,2.4210526315789473,431.25
5.263157894736842,2.4210526315789473,471.875
5.263157894736842,2.4210526315789473,512.5
5.263157894736842,2.4210526315789473,553.125
5.263157894736842,2.4210526315789473,593.75
5.263157894736842,2.4210526315789473,634.375
5.263157894736842,2.4210526315789473,675.0
5.263157894736842,2.4210526315789473,715.625
5.263157894736842,2.4210526315789473,756.25
5.263157894736842,2.4210526315789473,796.875
5.263157894736842,2.4210526315789473,837.5
5.263157894736842,2.4210526315789473,878.125
5.263157894736842,2.4210526315789473,918.75
5.263157894736842,2.4210526315789473,959.375
5.263157894736842,2.4210526315789473,1000.0
5.263157894736842,2.894736842105263,25.0
5.263157894736842,2.894736842105263,65.625
5.263157894736842,2.894736842105263,106.25
5.263157894736842,2.894736842105263,146.875
5.263157894736842,2.894736842105263,187.5
5.263157894736842,2.894736842105263,228.125
5.263157894736842,2.894736842105263,268.75
5.263157894736842,2.894736842105263,309.375
5.263157894736842,2.894736842105263,350.0
5.263157894736842,2.894736842105263,390.625
5.263157894736842,2.894736842105263,431.25
5.263157894736842,2.894736842105263,471.875
5.263157894736842,2.894736842105263,512.5
5.263157894736842,2.894736842105263,553.125
5.263157894736842,2.894736842105263,593.75
5.263157894736842,2.894736842105263,634.375
5.263157894736842,2.894736842105263,675.0
5.263157894736842,2.894736842105263,715.625
5.263157894736842,2.894736842105263,756.25
5.263157894736842,2.894736842105263,796.875
5.263157894736842,2.894736842105263,837.5
5.263157894736842,2.894736842105263,878.125
5.263157894736842,2.894736842105263,918.75
5.263157894736842,2.894736842105263,959.375
5.263157894736842,2.894736842105263,1000.0
5.263157894736842,3.3684210526315788,25.0
5.263157894736842,3.3684210526315788,65.625
5.263157894736842,3.3684210526315788,106.25
5.263157894736842,3.3684210526315788,146.875
5.263157894736842,3.3684210526315788,187.5
5.263157894736842,3.3684210526315788,228.125
5.263157894736842,3.3684210526315788,268.75
5.263157894736842,3.3684210526315788,309.375
5.263157894736842,3.3684210526315788,350.0
5.263157894736842,3.3684210526315788,390.625
5.263157894736842,3.3684210526315788,431.25
5.263157894736842,3.3684210526315788,471.875
5.263157894736842,3.3684210526315788,512.5
5.263157894736842,3.3684210526315788,553.125
5.263157894736842,3.3684210526315788,593.75
5.263157894736842,3.3684210526315788,634.375
5.263157894736842,3.3684210526315788,675.0
5.263157894736842,3.3684210526315788,715.625
5.263157894736842,3.3684210526315788,756.25
5.263157894736842,3.3684210526315788,796.875
5.263157894736842,3.3684210526315788,837.5
5.263157894736842,3.3684210526315788,878.125
5.263157894736842,3.3684210526315788,918.75
5.263157894736842,3.3684210526315788,959.375
5.263157894736842,3.3684210526315788,1000.0
5.263157894736842,3.8421052631578947,25.0
5.263157894736842,3.8421052631578947,65.625
5.263157894736842,3.8421052631578947,106.25
5.263157894736842,3.8421052631578947,146.875
5.263157894736842,3.8421052631578947,187.5
5.263157894736842,3.8421052631578947,228.125
5.263157894736842,3.8421052631578947,268.75
5.263157894736842,3.8421052631578947,309.375
5.263157894736842,3.8421052631578947,350.0
5.263157894736842,3.8421052631578947,390.625
5.263157894736842,3.8421052631578947,431.25
5.263157894736842,3.8421052631578947,471.875
5.263157894736842,3.8421052631578947,512.5
5.263157894736842,3.8421052631578947,553.125
5.263157894736842,3.8421052631578947,593.75
5.263157894736842,3.8421052631578947,634.375
5.263157894736842,3.8421052631578947,675.0
5.263157894736842,3.8421052631578947,715.625
5.263157894736842,3.8421052631578947,756.25
5.263157894736842,3.8421052631578947,796.875
5.263157894736842,3.8421052631578947,837.5
5.263157894736842,3.8421052631578947,878.125
5.263157894736842,3.8421052631578947,918.75
5.263157894736842,3.8421052631578947,959.375
5.263157894736842,3.8421052631578947,1000.0
5.263157894736842,4.315789473684211,25.0
5.263157894736842,4.315789473684211,65.625
5.263157894736842,4.315789473684211,106.25
5.263157894736842,4.315789473684211,146.875
5.263157894736842,4.315789473684211,187.5
5.263157894736842,4.315789473684211,228.125
5.263157894736842,4.315789473684211,268.75
5.263157894736842,4.315789473684211,309.375
5.263157894736842,4.315789473684211,350.0
5.263157894736842,4.315789473684211,390.625
5.263157894736842,4.315789473684211,431.25
5.263157894736842,4.315789473684211,471.875
5.263157894736842,4.315789473684211,512.5
5.263157894736842,4.315789473684211,553.125
5.263157894736842,4.315789473684211,593.75
5.263157894736842,4.315789473684211,634.375
5.263157894736842,4.315789473684211,675.0
5.263157894736842,4.315789473684211,715.625
5.263157894736842,4.315789473684211,756.25
5.263157894736842,4.315789473684211,796.875
5.263157894736842,4.315789473684211,837.5
5.263157894736842,4.315789473684211,878.125
5.263157894736842,4.315789473684211,918.75
5.263157894736842,4.315789473684211,959.375
5.263157894736842,4.315789473684211,1000.0
5.263157894736842,4.789473684210526,25.0
5.263157894736842,4.789473684210526,65.625
5.263157894736842,4.789473684210526,106.25
5.263157894736842,4.789473684210526,146.875
5.263157894736842,4.789473684210526,187.5
5.263157894736842,4.789473684210526,228.125
5.263157894736842,4.789473684210526,268.75
5.263157894736842,4.789473684210526,309.375
5.263157894736842,4.789473684210526,350.0
5.263157894736842,4.789473684210526,390.625
5.263157894736842,4.789473684210526,431.25
5.263157894736842,4.789473684210526,471.875
5.263157894736842,4.789473684210526,512.5
5.263157894736842,4.789473684210526,553.125
5.263157894736842,4.789473684210526,593.75
5.263157894736842,4.789473684210526,634.375
5.263157894736842,4.789473684210526,675.0
5.263157894736842,4.789473684210526,715.625
5.263157894736842,4.789473684210526,756.25
5.263157894736842,4.789473684210526,796.875
5.263157894736842,4.789473684210526,837.5
5.263157894736842,4.789473684210526,878.125
5.263157894736842,4.789473684210526,918.75
5.263157894736842,4.789473684210526,959.375
5.263157894736842,4.789473684210526,1000.0
5.263157894736842,5.263157894736842,25.0
5.263157894736842,5.263157894736842,65.625
5.263157894736842,5.263157894736842,106.25
5.263157894736842,5.263157894736842,146.875
5.263157894736842,5.263157894736842,187.5
5.263157894736842,5.263157894736842,228.125
5.263157894736842,5.263157894736842,268.75
5.263157894736842,5.263157894736842,309.375
5.263157894736842,5.263157894736842,350.0
5.263157894736842,5.263157894736842,390.625
5.263157894736842,5.263157894736842,431.25
5.263157894736842,5.263157894736842,471.875
5.263157894736842,5.263157894736842,512.5
5.263157894736842,5.263157894736842,553.125
5.263157894736842,5.263157894736842,593.75
5.263157894736842,5.263157894736842,634.375
5.263157894736842,5.263157894736842,675.0
5.263157894736842,5.263157894736842,715.625
5.263157894736842,5.263157894736842,756.25
5.263157894736842,5.263157894736842,796.875
5.263157894736842,5.263157894736842,837.5
5.263157894736842,5.263157894736842,878.125
5.263157894736842,5.263157894736842,918.75
5.263157894736842,5.263157894736842,959.375
5.263157894736842,5.263157894736842,1000.0
5.263157894736842,5.7368421052631575,25.0
5.263157894736842,5.7368421052631575,65.625
5.263157894736842,5.7368421052631575,106.25
5.263157894736842,5.7368421052631575,146.875
5.263157894736842,5.7368421052631575,187.5
5.263157894736842,5.7368421052631575,228.125
5.263157894736842,5.7368421052631575,268.75
5.263157894736842,5.7368421052631575,309.375
5.263157894736842,5.7368421052631575,350.0
5.263157894736842,5.7368421052631575,390.625
5.263157894736842,5.7368421052631575,431.25
5.263157894736842,5.7368421052631575,471.875
5.263157894736842,5.7368421052631575,512.5
5.263157894736842,5.7368421052631575,553.125
5.263157894736842,5.7368421052631575,593.75
5.263157894736842,5.7368421052631575,634.375
5.263157894736842,5.7368421052631575,675.0
5.263157894736842,5.7368421052631575,715.625
5.263157894736842,5.7368421052631575,756.25
5.263157894736842,5.7368421052631575,796.875
5.263157894736842,5.7368421052631575,837.5
5.263157894736842,5.7368421052631575,878.125
5.263157894736842,5.7368421052631575,918.75
5.263157894736842,5.7368421052631575,959.375
5.263157894736842,5.7368421052631575,1000.0
5.263157894736842,6.2105263157894735,25.0
5.263157894736842,6.2105263157894735,65.625
5.263157894736842,6.2105263157894735,106.25
5.263157894736842,6.2105263157894735,146.875
5.263157894736842,6.2105263157894735,187.5
5.263157894736842,6.2105263157894735,228.125
5.263157894736842,6.2105263157894735,268.75
5.263157894736842,6.2105263157894735,309.375
5.263157894736842,6.2105263157894735,350.0
5.263157894736842,6.2105263157894735,390.625
5.263157894736842,6.2105263157894735,431.25
5.263157894736842,6.2105263157894735,471.875
5.263157894736842,6.2105263157894735,512.5
5.263157894736842,6.2105263157894735,553.125
5.263157894736842,6.2105263157894735,593.75
5.263157894736842,6.2105263157894735,634.375
5.263157894736842,6.2105263157894735,675.0
5.263157894736842,6.2105263157894735,715.625
5.263157894736842,6.2105263157894735,756.25
5.263157894736842,6.2105263157894735,796.875
5.263157894736842,6.2105263157894735,837.5
5.263157894736842,6.2105263157894735,878.125
5.263157894736842,6.2105263157894735,918.75
5.263157894736842,6.2105263157894735,959.375
5.263157894736842,6.2105263157894735,1000.0
5.263157894736842,6.684210526315789,25.0
5.263157894736842,6.684210526315789,65.625
5.263157894736842,6.684210526315789,106.25
5.263157894736842,6.684210526315789,146.875
5.263157894736842,6.684210526315789,187.5
5.263157894736842,6.684210526315789,228.125
5.263157894736842,6.684210526315789,268.75
5.263157894736842,6.684210526315789,309.375
5.263157894736842,6.684210526315789,350.0
5.263157894736842,6.684210526315789,390.625
5.263157894736842,6.684210526315789,431.25
5.263157894736842,6.684210526315789,471.875
5.263157894736842,6.684210526315789,512.5
5.263157894736842,6.684210526315789,553.125
5.263157894736842,6.684210526315789,593.75
5.263157894736842,6.684210526315789,634.375
5.263157894736842,6.684210526315789,675.0
5.263157894736842,6.684210526315789,715.625
5.263157894736842,6.684210526315789,756.25
5.263157894736842,6.684210526315789,796.875
5.263157894736842,6.684210526315789,837.5
5.263157894736842,6.684210526315789,878.125
5.263157894736842,6.684210526315789,918.75
5.263157894736842,6.684210526315789,959.375
5.263157894736842,6.684210526315789,1000.0
5.263157894736842,7.157894736842105,25.0
5.263157894736842,7.157894736842105,65.625
5.263157894736842,7.157894736842105,106.25
5.263157894736842,7.157894736842105,146.875
5.263157894736842,7.157894736842105,187.5
5.263157894736842,7.157894736842105,228.125
5.263157894736842,7.157894736842105,268.75
5.263157894736842,7.157894736842105,309.375
5.263157894736842,7.157894736842105,350.0
5.263157894736842,7.157894736842105,390.625
5.263157894736842,7.157894736842105,431.25
5.263157894736842,7.157894736842105,471.875
5.263157894736842,7.157894736842105,512.5
5.263157894736842,7.157894736842105,553.125
5.263157894736842,7.157894736842105,593.75
5.263157894736842,7.157894736842105,634.375
5.263157894736842,7.157894736842105,675.0
5.263157894736842,7.157894736842105,715.625
5.263157894736842,7.157894736842105,756.25
5.263157894736842,7.157894736842105,796.875
5.263157894736842,7.157894736842105,837.5
5.263157894736842,7.157894736842105,878.125
5.263157894736842,7.157894736842105,918.75
5.263157894736842,7.157894736842105,959.375
5.263157894736842,7.157894736842105,1000.0
5.263157894736842,7.63157894736842,25.0
5.263157894736842,7.63157894736842,65.625
5.263157894736842,7.63157894736842,106.25
5.263157894736842,7.63157894736842,146.875
5.263157894736842,7.63157894736842,187.5
5.263157894736842,7.63157894736842,228.125
5.263157894736842,7.63157894736842,268.75
5.263157894736842,7.63157894736842,309.375
5.263157894736842,7.63157894736842,350.0
5.263157894736842,7.63157894736842,390.625
5.263157894736842,7.63157894736842,431.25
5.263157894736842,7.63157894736842,471.875
5.263157894736842,7.63157894736842,512.5
5.263157894736842,7.63157894736842,553.125
5.263157894736842,7.63157894736842,593.75
5.263157894736842,7.63157894736842,634.375
5.263157894736842,7.63157894736842,675.0
5.263157894736842,7.63157894736842,715.625
5.263157894736842,7.63157894736842,756.25
5.263157894736842,7.63157894736842,796.875
5.263157894736842,7.63157894736842,837.5
5.263157894736842,7.63157894736842,878.125
5.263157894736842,7.63157894736842,918.75
5.263157894736842,7.63157894736842,959.375
5.263157894736842,7.63157894736842,1000.0
5.263157894736842,8.105263157894736,25.0
5.263157894736842,8.105263157894736,65.625
5.263157894736842,8.105263157894736,106.25
5.263157894736842,8.105263157894736,146.875
5.263157894736842,8.105263157894736,187.5
5.263157894736842,8.105263157894736,228.125
5.263157894736842,8.105263157894736,268.75
5.263157894736842,8.105263157894736,309.375
5.263157894736842,8.105263157894736,350.0
5.263157894736842,8.105263157894736,390.625
5.263157894736842,8.105263157894736,431.25
5.263157894736842,8.105263157894736,471.875
5.263157894736842,8.105263157894736,512.5
5.263157894736842,8.105263157894736,553.125
5.263157894736842,8.105263157894736,593.75
5.263157894736842,8.105263157894736,634.375
5.263157894736842,8.105263157894736,675.0
5.263157894736842,8.105263157894736,715.625
5.263157894736842,8.105263157894736,756.25
5.263157894736842,8.105263157894736,796.875
5.263157894736842,8.105263157894736,837.5
5.263157894736842,8.105263157894736,878.125
5.263157894736842,8.105263157894736,918.75
5.263157894736842,8.105263157894736,959.375
5.263157894736842,8.105263157894736,1000.0
5.263157894736842,8.578947368421051,25.0
5.263157894736842,8.578947368421051,65.625
5.263157894736842,8.578947368421051,106.25
5.263157894736842,8.578947368421051,146.875
5.263157894736842,8.578947368421051,187.5
5.263157894736842,8.578947368421051,228.125
5.263157894736842,8.578947368421051,268.75
5.263157894736842,8.578947368421051,309.375
5.263157894736842,8.578947368421051,350.0
5.263157894736842,8.578947368421051,390.625
5.263157894736842,8.578947368421051,431.25
5.263157894736842,8.578947368421051,471.875
5.263157894736842,8.578947368421051,512.5
5.263157894736842,8.578947368421051,553.125
5.263157894736842,8.578947368421051,593.75
5.263157894736842,8.578947368421051,634.375
5.263157894736842,8.578947368421051,675.0
5.263157894736842,8.578947368421051,715.625
5.263157894736842,8.578947368421051,756.25
5.263157894736842,8.578947368421051,796.875
5.263157894736842,8.578947368421051,837.5
5.263157894736842,8.578947368421051,878.125
5.263157894736842,8.578947368421051,918.75
5.263157894736842,8.578947368421051,959.375
5.263157894736842,8.578947368421051,1000.0
5.263157894736842,9.052631578947368,25.0
5.263157894736842,9.052631578947368,65.625
5.263157894736842,9.052631578947368,106.25
5.263157894736842,9.052631578947368,146.875
5.263157894736842,9.052631578947368,187.5
5.263157894736842,9.052631578947368,228.125
5.263157894736842,9.052631578947368,268.75
5.263157894736842,9.052631578947368,309.375
5.263157894736842,9.052631578947368,350.0
5.263157894736842,9.052631578947368,390.625
5.263157894736842,9.052631578947368,431.25
5.263157894736842,9.052631578947368,471.875
5.263157894736842,9.052631578947368,512.5
5.263157894736842,9.052631578947368,553.125
5.263157894736842,9.052631578947368,593.75
5.263157894736842,9.052631578947368,634.375
5.263157894736842,9.052631578947368,675.0
5.263157894736842,9.052631578947368,715.625
5.263157894736842,9.052631578947368,756.25
5.263157894736842,9.052631578947368,796.875
5.263157894736842,9.052631578947368,837.5
5.263157894736842,9.052631578947368,878.125
5.263157894736842,9.052631578947368,918.75
5.263157894736842,9.052631578947368,959.375
5.263157894736842,9.052631578947368,1000.0
5.263157894736842,9.526315789473683,25.0
5.263157894736842,9.526315789473683,65.625
5.263157894736842,9.526315789473683,106.25
5.263157894736842,9.526315789473683,146.875
5.263157894736842,9.526315789473683,187.5
5.263157894736842,9.526315789473683,228.125
5.263157894736842,9.526315789473683,268.75
5.263157894736842,9.526315789473683,309.375
5.263157894736842,9.526315789473683,350.0
5.263157894736842,9.526315789473683,390.625
5.263157894736842,9.526315789473683,431.25
5.263157894736842,9.526315789473683,471.875
5.263157894736842,9.526315789473683,512.5
5.263157894736842,9.526315789473683,553.125
5.263157894736842,9.526315789473683,593.75
5.263157894736842,9.526315789473683,634.375
5.263157894736842,9.526315789473683,675.0
5.263157894736842,9.526315789473683,715.625
5.263157894736842,9.526315789473683,756.25
5.263157894736842,9.526315789473683,796.875
5.263157894736842,9.526315789473683,837.5
5.263157894736842,9.526315789473683,878.125
5.263157894736842,9.526315789473683,918.75
5.263157894736842,9.526315789473683,959.375
5.263157894736842,9.526315789473683,1000.0
5.263157894736842,10.0,25.0
5.263157894736842,10.0,65.625
5.263157894736842,10.0,106.25
5.263157894736842,10.0,146.875
5.263157894736842,10.0,187.5
5.263157894736842,10.0,228.125
5.263157894736842,10.0,268.75
5.263157894736842,10.0,309.375
5.263157894736842,10.0,350.0
5.263157894736842,10.0,390.625
5.263157894736842,10.0,431.25
5.263157894736842,10.0,471.875
5.263157894736842,10.0,512.5
5.263157894736842,10.0,553.125
5.263157894736842,10.0,593.75
5.263157894736842,10.0,634.375
5.263157894736842,10.0,675.0
5.263157894736842,10.0,715.625
5.263157894736842,10.0,756.25
5.263157894736842,10.0,796.875
5.263157894736842,10.0,837.5
5.263157894736842,10.0,878.125
5.263157894736842,10.0,918.75
5.263157894736842,10.0,959.375
5.263157894736842,10.0,1000.0
5.7368421052631575,1.0,25.0
5.7368421052631575,1.0,65.625
5.7368421052631575,1.0,106.25
5.7368421052631575,1.0,146.875
5.7368421052631575,1.0,187.5
5.7368421052631575,1.0,228.125
5.7368421052631575,1.0,268.75
5.7368421052631575,1.0,309.375
5.7368421052631575,1.0,350.0
5.7368421052631575,1.0,390.625
5.7368421052631575,1.0,431.25
5.7368421052631575,1.0,471.875
5.7368421052631575,1.0,512.5
5.7368421052631575,1.0,553.125
5.7368421052631575,1.0,593.75
5.7368421052631575,1.0,634.375
5.7368421052631575,1.0,675.0
5.7368421052631575,1.0,715.625
5.7368421052631575,1.0,756.25
5.7368421052631575,1.0,796.875
5.7368421052631575,1.0,837.5
5.7368421052631575,1.0,878.125
5.7368421052631575,1.0,918.75
5.7368421052631575,1.0,959.375
5.7368421052631575,1.0,1000.0
5.7368421052631575,1.4736842105263157,25.0
5.7368421052631575,1.4736842105263157,65.625
5.7368421052631575,1.4736842105263157,106.25
5.7368421052631575,1.4736842105263157,146.875
5.7368421052631575,1.4736842105263157,187.5
5.7368421052631575,1.4736842105263157,228.125
5.7368421052631575,1.4736842105263157,268.75
5.7368421052631575,1.4736842105263157,309.375
5.7368421052631575,1.4736842105263157,350.0
5.7368421052631575,1.4736842105263157,390.625
5.7368421052631575,1.4736842105263157,431.25
5.7368421052631575,1.4736842105263157,471.875
5.7368421052631575,1.4736842105263157,512.5
5.7368421052631575,1.4736842105263157,553.125
5.7368421052631575,1.4736842105263157,593.75
5.7368421052631575,1.4736842105263157,634.375
5.7368421052631575,1.4736842105263157,675.0
5.7368421052631575,1.4736842105263157,715.625
5.7368421052631575,1.4736842105263157,756.25
5.7368421052631575,1.4736842105263157,796.875
5.7368421052631575,1.4736842105263157,837.5
5.7368421052631575,1.4736842105263157,878.125
5.7368421052631575,1.4736842105263157,918.75
5.7368421052631575,1.4736842105263157,959.375
5.7368421052631575,1.4736842105263157,1000.0
5.7368421052631575,1.9473684210526314,25.0
5.7368421052631575,1.9473684210526314,65.625
5.7368421052631575,1.9473684210526314,106.25
5.7368421052631575,1.9473684210526314,146.875
5.7368421052631575,1.9473684210526314,187.5
5.7368421052631575,1.9473684210526314,228.125
5.7368421052631575,1.9473684210526314,268.75
5.7368421052631575,1.9473684210526314,309.375
5.7368421052631575,1.9473684210526314,350.0
5.7368421052631575,1.9473684210526314,390.625
5.7368421052631575,1.9473684210526314,431.25
5.7368421052631575,1.9473684210526314,471.875
5.7368421052631575,1.9473684210526314,512.5
5.7368421052631575,1.9473684210526314,553.125
5.7368421052631575,1.9473684210526314,593.75
5.7368421052631575,1.9473684210526314,634.375
5.7368421052631575,1.9473684210526314,675.0
5.7368421052631575,1.9473684210526314,715.625
5.7368421052631575,1.9473684210526314,756.25
5.7368421052631575,1.9473684210526314,796.875
5.7368421052631575,1.9473684210526314,837.5
5.7368421052631575,1.9473684210526314,878.125
5.7368421052631575,1.9473684210526314,918.75
5.7368421052631575,1.9473684210526314,959.375
5.7368421052631575,1.9473684210526314,1000.0
5.7368421052631575,2.4210526315789473,25.0
5.7368421052631575,2.4210526315789473,65.625
5.7368421052631575,2.4210526315789473,106.25
5.7368421052631575,2.4210526315789473,146.875
5.7368421052631575,2.4210526315789473,187.5
5.7368421052631575,2.4210526315789473,228.125
5.7368421052631575,2.4210526315789473,268.75
5.7368421052631575,2.4210526315789473,309.375
5.7368421052631575,2.4210526315789473,350.0
5.7368421052631575,2.4210526315789473,390.625
5.7368421052631575,2.4210526315789473,431.25
5.7368421052631575,2.4210526315789473,471.875
5.7368421052631575,2.4210526315789473,512.5
5.7368421052631575,2.4210526315789473,553.125
5.7368421052631575,2.4210526315789473,593.75
5.7368421052631575,2.4210526315789473,634.375
5.7368421052631575,2.4210526315789473,675.0
5.7368421052631575,2.4210526315789473,715.625
5.7368421052631575,2.4210526315789473,756.25
5.7368421052631575,2.4210526315789473,796.875
5.7368421052631575,2.4210526315789473,837.5
5.7368421052631575,2.4210526315789473,878.125
5.7368421052631575,2.4210526315789473,918.75
5.7368421052631575,2.4210526315789473,959.375
5.7368421052631575,2.4210526315789473,1000.0
5.7368421052631575,2.894736842105263,25.0
5.7368421052631575,2.894736842105263,65.625
5.7368421052631575,2.894736842105263,106.25
5.7368421052631575,2.894736842105263,146.875
5.7368421052631575,2.894736842105263,187.5
5.7368421052631575,2.894736842105263,228.125
5.7368421052631575,2.894736842105263,268.75
5.7368421052631575,2.894736842105263,309.375
5.7368421052631575,2.894736842105263,350.0
5.7368421052631575,2.894736842105263,390.625
5.7368421052631575,2.894736842105263,431.25
5.7368421052631575,2.894736842105263,471.875
5.7368421052631575,2.894736842105263,512.5
5.7368421052631575,2.894736842105263,553.125
5.7368421052631575,2.894736842105263,593.75
5.7368421052631575,2.894736842105263,634.375
5.7368421052631575,2.894736842105263,675.0
5.7368421052631575,2.894736842105263,715.625
5.7368421052631575,2.894736842105263,756.25
5.7368421052631575,2.894736842105263,796.875
5.7368421052631575,2.894736842105263,837.5
5.7368421052631575,2.894736842105263,878.125
5.7368421052631575,2.894736842105263,918.75
5.7368421052631575,2.894736842105263,959.375
5.7368421052631575,2.894736842105263,1000.0
5.7368421052631575,3.3684210526315788,25.0
5.7368421052631575,3.3684210526315788,65.625
5.7368421052631575,3.3684210526315788,106.25
5.7368421052631575,3.3684210526315788,146.875
5.7368421052631575,3.3684210526315788,187.5
5.7368421052631575,3.3684210526315788,228.125
5.7368421052631575,3.3684210526315788,268.75
5.7368421052631575,3.3684210526315788,309.375
5.7368421052631575,3.3684210526315788,350.0
5.7368421052631575,3.3684210526315788,390.625
5.7368421052631575,3.3684210526315788,431.25
5.7368421052631575,3.3684210526315788,471.875
5.7368421052631575,3.3684210526315788,512.5
5.7368421052631575,3.3684210526315788,553.125
5.7368421052631575,3.3684210526315788,593.75
5.7368421052631575,3.3684210526315788,634.375
5.7368421052631575,3.3684210526315788,675.0
5.7368421052631575,3.3684210526315788,715.625
5.7368421052631575,3.3684210526315788,756.25
5.7368421052631575,3.3684210526315788,796.875
5.7368421052631575,3.3684210526315788,837.5
5.7368421052631575,3.3684210526315788,878.125
5.7368421052631575,3.3684210526315788,918.75
5.7368421052631575,3.3684210526315788,959.375
5.7368421052631575,3.3684210526315788,1000.0
5.7368421052631575,3.8421052631578947,25.0
5.7368421052631575,3.8421052631578947,65.625
5.7368421052631575,3.8421052631578947,106.25
5.7368421052631575,3.8421052631578947,146.875
5.7368421052631575,3.8421052631578947,187.5
5.7368421052631575,3.8421052631578947,228.125
5.7368421052631575,3.8421052631578947,268.75
5.7368421052631575,3.8421052631578947,309.375
5.7368421052631575,3.8421052631578947,350.0
5.7368421052631575,3.8421052631578947,390.625
5.7368421052631575,3.8421052631578947,431.25
5.7368421052631575,3.8421052631578947,471.875
5.7368421052631575,3.8421052631578947,512.5
5.7368421052631575,3.8421052631578947,553.125
5.7368421052631575,3.8421052631578947,593.75
5.7368421052631575,3.8421052631578947,634.375
5.7368421052631575,3.8421052631578947,675.0
5.7368421052631575,3.8421052631578947,715.625
5.7368421052631575,3.8421052631578947,756.25
5.7368421052631575,3.8421052631578947,796.875
5.7368421052631575,3.8421052631578947,837.5
5.7368421052631575,3.8421052631578947,878.125
5.7368421052631575,3.8421052631578947,918.75
5.7368421052631575,3.8421052631578947,959.375
5.7368421052631575,3.8421052631578947,1000.0
5.7368421052631575,4.315789473684211,25.0
5.7368421052631575,4.315789473684211,65.625
5.7368421052631575,4.315789473684211,106.25
5.7368421052631575,4.315789473684211,146.875
5.7368421052631575,4.315789473684211,187.5
5.7368421052631575,4.315789473684211,228.125
5.7368421052631575,4.315789473684211,268.75
5.7368421052631575,4.315789473684211,309.375
5.7368421052631575,4.315789473684211,350.0
5.7368421052631575,4.315789473684211,390.625
5.7368421052631575,4.315789473684211,431.25
5.7368421052631575,4.315789473684211,471.875
5.7368421052631575,4.315789473684211,512.5
5.7368421052631575,4.315789473684211,553.125
5.7368421052631575,4.315789473684211,593.75
5.7368421052631575,4.315789473684211,634.375
5.7368421052631575,4.315789473684211,675.0
5.7368421052631575,4.315789473684211,715.625
5.7368421052631575,4.315789473684211,756.25
5.7368421052631575,4.315789473684211,796.875
5.7368421052631575,4.315789473684211,837.5
5.7368421052631575,4.315789473684211,878.125
5.7368421052631575,4.315789473684211,918.75
5.7368421052631575,4.315789473684211,959.375
5.7368421052631575,4.315789473684211,1000.0
5.7368421052631575,4.789473684210526,25.0
5.7368421052631575,4.789473684210526,65.625
5.7368421052631575,4.789473684210526,106.25
5.7368421052631575,4.789473684210526,146.875
5.7368421052631575,4.789473684210526,187.5
5.7368421052631575,4.789473684210526,228.125
5.7368421052631575,4.789473684210526,268.75
5.7368421052631575,4.789473684210526,309.375
5.7368421052631575,4.789473684210526,350.0
5.7368421052631575,4.789473684210526,390.625
5.7368421052631575,4.789473684210526,431.25
5.7368421052631575,4.789473684210526,471.875
5.7368421052631575,4.789473684210526,512.5
5.7368421052631575,4.789473684210526,553.125
5.7368421052631575,4.789473684210526,593.75
5.7368421052631575,4.789473684210526,634.375
5.7368421052631575,4.789473684210526,675.0
5.7368421052631575,4.789473684210526,715.625
5.7368421052631575,4.789473684210526,756.25
5.7368421052631575,4.789473684210526,796.875
5.7368421052631575,4.789473684210526,837.5
5.7368421052631575,4.789473684210526,878.125
5.7368421052631575,4.789473684210526,918.75
5.7368421052631575,4.789473684210526,959.375
5.7368421052631575,4.789473684210526,1000.0
5.7368421052631575,5.263157894736842,25.0
5.7368421052631575,5.263157894736842,65.625
5.7368421052631575,5.263157894736842,106.25
5.7368421052631575,5.263157894736842,146.875
5.7368421052631575,5.263157894736842,187.5
5.7368421052631575,5.263157894736842,228.125
5.7368421052631575,5.263157894736842,268.75
5.7368421052631575,5.263157894736842,309.375
5.7368421052631575,5.263157894736842,350.0
5.7368421052631575,5.263157894736842,390.625
5.7368421052631575,5.263157894736842,431.25
5.7368421052631575,5.263157894736842,471.875
5.7368421052631575,5.263157894736842,512.5
5.7368421052631575,5.263157894736842,553.125
5.7368421052631575,5.263157894736842,593.75
5.7368421052631575,5.263157894736842,634.375
5.7368421052631575,5.263157894736842,675.0
5.7368421052631575,5.263157894736842,715.625
5.7368421052631575,5.263157894736842,756.25
5.7368421052631575,5.263157894736842,796.875
5.7368421052631575,5.263157894736842,837.5
5.7368421052631575,5.263157894736842,878.125
5.7368421052631575,5.263157894736842,918.75
5.7368421052631575,5.263157894736842,959.375
5.7368421052631575,5.263157894736842,1000.0
5.7368421052631575,5.7368421052631575,25.0
5.7368421052631575,5.7368421052631575,65.625
5.7368421052631575,5.7368421052631575,106.25
5.7368421052631575,5.7368421052631575,146.875
5.7368421052631575,5.7368421052631575,187.5
5.7368421052631575,5.7368421052631575,228.125
5.7368421052631575,5.7368421052631575,268.75
5.7368421052631575,5.7368421052631575,309.375
5.7368421052631575,5.7368421052631575,350.0
5.7368421052631575,5.7368421052631575,390.625
5.7368421052631575,5.7368421052631575,431.25
5.7368421052631575,5.7368421052631575,471.875
5.7368421052631575,5.7368421052631575,512.5
5.7368421052631575,5.7368421052631575,553.125
5.7368421052631575,5.7368421052631575,593.75
5.7368421052631575,5.7368421052631575,634.375
5.7368421052631575,5.7368421052631575,675.0
5.7368421052631575,5.7368421052631575,715.625
5.7368421052631575,5.7368421052631575,756.25
5.7368421052631575,5.7368421052631575,796.875
5.7368421052631575,5.7368421052631575,837.5
5.7368421052631575,5.7368421052631575,878.125
5.7368421052631575,5.7368421052631575,918.75
5.7368421052631575,5.7368421052631575,959.375
5.7368421052631575,5.7368421052631575,1000.0
5.7368421052631575,6.2105263157894735,25.0
5.7368421052631575,6.2105263157894735,65.625
5.7368421052631575,6.2105263157894735,106.25
5.7368421052631575,6.2105263157894735,146.875
5.7368421052631575,6.2105263157894735,187.5
5.7368421052631575,6.2105263157894735,228.125
5.7368421052631575,6.2105263157894735,268.75
5.7368421052631575,6.2105263157894735,309.375
5.7368421052631575,6.2105263157894735,350.0
5.7368421052631575,6.2105263157894735,390.625
5.7368421052631575,6.2105263157894735,431.25
5.7368421052631575,6.2105263157894735,471.875
5.7368421052631575,6.2105263157894735,512.5
5.7368421052631575,6.2105263157894735,553.125
5.7368421052631575,6.2105263157894735,593.75
5.7368421052631575,6.2105263157894735,634.375
5.7368421052631575,6.2105263157894735,675.0
5.7368421052631575,6.2105263157894735,715.625
5.7368421052631575,6.2105263157894735,756.25
5.7368421052631575,6.2105263157894735,796.875
5.7368421052631575,6.2105263157894735,837.5
5.7368421052631575,6.2105263157894735,878.125
5.7368421052631575,6.2105263157894735,918.75
5.7368421052631575,6.2105263157894735,959.375
5.7368421052631575,6.2105263157894735,1000.0
5.7368421052631575,6.684210526315789,25.0
5.7368421052631575,6.684210526315789,65.625
5.7368421052631575,6.684210526315789,106.25
5.7368421052631575,6.684210526315789,146.875
5.7368421052631575,6.684210526315789,187.5
5.7368421052631575,6.684210526315789,228.125
5.7368421052631575,6.684210526315789,268.75
5.7368421052631575,6.684210526315789,309.375
5.7368421052631575,6.684210526315789,350.0
5.7368421052631575,6.684210526315789,390.625
5.7368421052631575,6.684210526315789,431.25
5.7368421052631575,6.684210526315789,471.875
5.7368421052631575,6.684210526315789,512.5
5.7368421052631575,6.684210526315789,553.125
5.7368421052631575,6.684210526315789,593.75
5.7368421052631575,6.684210526315789,634.375
5.7368421052631575,6.684210526315789,675.0
5.7368421052631575,6.684210526315789,715.625
5.7368421052631575,6.684210526315789,756.25
5.7368421052631575,6.684210526315789,796.875
5.7368421052631575,6.684210526315789,837.5
5.7368421052631575,6.684210526315789,878.125
5.7368421052631575,6.684210526315789,918.75
5.7368421052631575,6.684210526315789,959.375
5.7368421052631575,6.684210526315789,1000.0
5.7368421052631575,7.157894736842105,25.0
5.7368421052631575,7.157894736842105,65.625
5.7368421052631575,7.157894736842105,106.25
5.7368421052631575,7.157894736842105,146.875
5.7368421052631575,7.157894736842105,187.5
5.7368421052631575,7.157894736842105,228.125
5.7368421052631575,7.157894736842105,268.75
5.7368421052631575,7.157894736842105,309.375
5.7368421052631575,7.157894736842105,350.0
5.7368421052631575,7.157894736842105,390.625
5.7368421052631575,7.157894736842105,431.25
5.7368421052631575,7.157894736842105,471.875
5.7368421052631575,7.157894736842105,512.5
5.7368421052631575,7.157894736842105,553.125
5.7368421052631575,7.157894736842105,593.75
5.7368421052631575,7.157894736842105,634.375
5.7368421052631575,7.157894736842105,675.0
5.7368421052631575,7.157894736842105,715.625
5.7368421052631575,7.157894736842105,756.25
5.7368421052631575,7.157894736842105,796.875
5.7368421052631575,7.157894736842105,837.5
5.7368421052631575,7.157894736842105,878.125
5.7368421052631575,7.157894736842105,918.75
5.7368421052631575,7.157894736842105,959.375
5.7368421052631575,7.157894736842105,1000.0
5.7368421052631575,7.63157894736842,25.0
5.7368421052631575,7.63157894736842,65.625
5.7368421052631575,7.63157894736842,106.25
5.7368421052631575,7.63157894736842,146.875
5.7368421052631575,7.63157894736842,187.5
5.7368421052631575,7.63157894736842,228.125
5.7368421052631575,7.63157894736842,268.75
5.7368421052631575,7.63157894736842,309.375
5.7368421052631575,7.63157894736842,350.0
5.7368421052631575,7.63157894736842,390.625
5.7368421052631575,7.63157894736842,431.25
5.7368421052631575,7.63157894736842,471.875
5.7368421052631575,7.63157894736842,512.5
5.7368421052631575,7.63157894736842,553.125
5.7368421052631575,7.63157894736842,593.75
5.7368421052631575,7.63157894736842,634.375
5.7368421052631575,7.63157894736842,675.0
5.7368421052631575,7.63157894736842,715.625
5.7368421052631575,7.63157894736842,756.25
5.7368421052631575,7.63157894736842,796.875
5.7368421052631575,7.63157894736842,837.5
5.7368421052631575,7.63157894736842,878.125
5.7368421052631575,7.63157894736842,918.75
5.7368421052631575,7.63157894736842,959.375
5.7368421052631575,7.63157894736842,1000.0
5.7368421052631575,8.105263157894736,25.0
5.7368421052631575,8.105263157894736,65.625
5.7368421052631575,8.105263157894736,106.25
5.7368421052631575,8.105263157894736,146.875
5.7368421052631575,8.105263157894736,187.5
5.7368421052631575,8.105263157894736,228.125
5.7368421052631575,8.105263157894736,268.75
5.7368421052631575,8.105263157894736,309.375
5.7368421052631575,8.105263157894736,350.0
5.7368421052631575,8.105263157894736,390.625
5.7368421052631575,8.105263157894736,431.25
5.7368421052631575,8.105263157894736,471.875
5.7368421052631575,8.105263157894736,512.5
5.7368421052631575,8.105263157894736,553.125
5.7368421052631575,8.105263157894736,593.75
5.7368421052631575,8.105263157894736,634.375
5.7368421052631575,8.105263157894736,675.0
5.7368421052631575,8.105263157894736,715.625
5.7368421052631575,8.105263157894736,756.25
5.7368421052631575,8.105263157894736,796.875
5.7368421052631575,8.105263157894736,837.5
5.7368421052631575,8.105263157894736,878.125
5.7368421052631575,8.105263157894736,918.75
5.7368421052631575,8.105263157894736,959.375
5.7368421052631575,8.105263157894736,1000.0
5.7368421052631575,8.578947368421051,25.0
5.7368421052631575,8.578947368421051,65.625
5.7368421052631575,8.578947368421051,106.25
5.7368421052631575,8.578947368421051,146.875
5.7368421052631575,8.578947368421051,187.5
5.7368421052631575,8.578947368421051,228.125
5.7368421052631575,8.578947368421051,268.75
5.7368421052631575,8.578947368421051,309.375
5.7368421052631575,8.578947368421051,350.0
5.7368421052631575,8.578947368421051,390.625
5.7368421052631575,8.578947368421051,431.25
5.7368421052631575,8.578947368421051,471.875
5.7368421052631575,8.578947368421051,512.5
5.7368421052631575,8.578947368421051,553.125
5.7368421052631575,8.578947368421051,593.75
5.7368421052631575,8.578947368421051,634.375
5.7368421052631575,8.578947368421051,675.0
5.7368421052631575,8.578947368421051,715.625
5.7368421052631575,8.578947368421051,756.25
5.7368421052631575,8.578947368421051,796.875
5.7368421052631575,8.578947368421051,837.5
5.7368421052631575,8.578947368421051,878.125
5.7368421052631575,8.578947368421051,918.75
5.7368421052631575,8.578947368421051,959.375
5.7368421052631575,8.578947368421051,1000.0
5.7368421052631575,9.052631578947368,25.0
5.7368421052631575,9.052631578947368,65.625
5.7368421052631575,9.052631578947368,106.25
5.7368421052631575,9.052631578947368,146.875
5.7368421052631575,9.052631578947368,187.5
5.7368421052631575,9.052631578947368,228.125
5.7368421052631575,9.052631578947368,268.75
5.7368421052631575,9.052631578947368,309.375
5.7368421052631575,9.052631578947368,350.0
5.7368421052631575,9.052631578947368,390.625
5.7368421052631575,9.052631578947368,431.25
5.7368421052631575,9.052631578947368,471.875
5.7368421052631575,9.052631578947368,512.5
5.7368421052631575,9.052631578947368,553.125
5.7368421052631575,9.052631578947368,593.75
5.7368421052631575,9.052631578947368,634.375
5.7368421052631575,9.052631578947368,675.0
5.7368421052631575,9.052631578947368,715.625
5.7368421052631575,9.052631578947368,756.25
5.7368421052631575,9.052631578947368,796.875
5.7368421052631575,9.052631578947368,837.5
5.7368421052631575,9.052631578947368,878.125
5.7368421052631575,9.052631578947368,918.75
5.7368421052631575,9.052631578947368,959.375
5.7368421052631575,9.052631578947368,1000.0
5.7368421052631575,9.526315789473683,25.0
5.7368421052631575,9.526315789473683,65.625
5.7368421052631575,9.526315789473683,106.25
5.7368421052631575,9.526315789473683,146.875
5.7368421052631575,9.526315789473683,187.5
5.7368421052631575,9.526315789473683,228.125
5.7368421052631575,9.526315789473683,268.75
5.7368421052631575,9.526315789473683,309.375
5.7368421052631575,9.526315789473683,350.0
5.7368421052631575,9.526315789473683,390.625
5.7368421052631575,9.526315789473683,431.25
5.7368421052631575,9.526315789473683,471.875
5.7368421052631575,9.526315789473683,512.5
5.7368421052631575,9.526315789473683,553.125
5.7368421052631575,9.526315789473683,593.75
5.7368421052631575,9.526315789473683,634.375
5.7368421052631575,9.526315789473683,675.0
5.7368421052631575,9.526315789473683,715.625
5.7368421052631575,9.526315789473683,756.25
5.7368421052631575,9.526315789473683,796.875
5.7368421052631575,9.526315789473683,837.5
5.7368421052631575,9.526315789473683,878.125
5.7368421052631575,9.526315789473683,918.75
5.7368421052631575,9.526315789473683,959.375
5.7368421052631575,9.526315789473683,1000.0
5.7368421052631575,10.0,25.0
5.7368421052631575,10.0,65.625
5.7368421052631575,10.0,106.25
5.7368421052631575,10.0,146.875
5.7368421052631575,10.0,187.5
5.7368421052631575,10.0,228.125
5.7368421052631575,10.0,268.75
5.7368421052631575,10.0,309.375
5.7368421052631575,10.0,350.0
5.7368421052631575,10.0,390.625
5.7368421052631575,10.0,431.25
5.7368421052631575,10.0,471.875
5.7368421052631575,10.0,512.5
5.7368421052631575,10.0,553.125
5.7368421052631575,10.0,593.75
5.7368421052631575,10.0,634.375
5.7368421052631575,10.0,675.0
5.7368421052631575,10.0,715.625
5.7368421052631575,10.0,756.25
5.7368421052631575,10.0,796.875
5.7368421052631575,10.0,837.5
5.7368421052631575,10.0,878.125
5.7368421052631575,10.0,918.75
5.7368421052631575,10.0,959.375
5.7368421052631575,10.0,1000.0
6.2105263157894735,1.0,25.0
6.2105263157894735,1.0,65.625
6.2105263157894735,1.0,106.25
6.2105263157894735,1.0,146.875
6.2105263157894735,1.0,187.5
6.2105263157894735,1.0,228.125
6.2105263157894735,1.0,268.75
6.2105263157894735,1.0,309.375
6.2105263157894735,1.0,350.0
6.2105263157894735,1.0,390.625
6.2105263157894735,1.0,431.25
6.2105263157894735,1.0,471.875
6.2105263157894735,1.0,512.5
6.2105263157894735,1.0,553.125
6.2105263157894735,1.0,593.75
6.2105263157894735,1.0,634.375
6.2105263157894735,1.0,675.0
6.2105263157894735,1.0,715.625
6.2105263157894735,1.0,756.25
6.2105263157894735,1.0,796.875
6.2105263157894735,1.0,837.5
6.2105263157894735,1.0,878.125
6.2105263157894735,1.0,918.75
6.2105263157894735,1.0,959.375
6.2105263157894735,1.0,1000.0
6.2105263157894735,1.4736842105263157,25.0
6.2105263157894735,1.4736842105263157,65.625
6.2105263157894735,1.4736842105263157,106.25
6.2105263157894735,1.4736842105263157,146.875
6.2105263157894735,1.4736842105263157,187.5
6.2105263157894735,1.4736842105263157,228.125
6.2105263157894735,1.4736842105263157,268.75
6.2105263157894735,1.4736842105263157,309.375
6.2105263157894735,1.4736842105263157,350.0
6.2105263157894735,1.4736842105263157,390.625
6.2105263157894735,1.4736842105263157,431.25
6.2105263157894735,1.4736842105263157,471.875
6.2105263157894735,1.4736842105263157,512.5
6.2105263157894735,1.4736842105263157,553.125
6.2105263157894735,1.4736842105263157,593.75
6.2105263157894735,1.4736842105263157,634.375
6.2105263157894735,1.4736842105263157,675.0
6.2105263157894735,1.4736842105263157,715.625
6.2105263157894735,1.4736842105263157,756.25
6.2105263157894735,1.4736842105263157,796.875
6.2105263157894735,1.4736842105263157,837.5
6.2105263157894735,1.4736842105263157,878.125
6.2105263157894735,1.4736842105263157,918.75
6.2105263157894735,1.4736842105263157,959.375
6.2105263157894735,1.4736842105263157,1000.0
6.2105263157894735,1.9473684210526314,25.0
6.2105263157894735,1.9473684210526314,65.625
6.2105263157894735,1.9473684210526314,106.25
6.2105263157894735,1.9473684210526314,146.875
6.2105263157894735,1.9473684210526314,187.5
6.2105263157894735,1.9473684210526314,228.125
6.2105263157894735,1.9473684210526314,268.75
6.2105263157894735,1.9473684210526314,309.375
6.2105263157894735,1.9473684210526314,350.0
6.2105263157894735,1.9473684210526314,390.625
6.2105263157894735,1.9473684210526314,431.25
6.2105263157894735,1.9473684210526314,471.875
6.2105263157894735,1.9473684210526314,512.5
6.2105263157894735,1.9473684210526314,553.125
6.2105263157894735,1.9473684210526314,593.75
6.2105263157894735,1.9473684210526314,634.375
6.2105263157894735,1.9473684210526314,675.0
6.2105263157894735,1.9473684210526314,715.625
6.2105263157894735,1.9473684210526314,756.25
6.2105263157894735,1.9473684210526314,796.875
6.2105263157894735,1.9473684210526314,837.5
6.2105263157894735,1.9473684210526314,878.125
6.2105263157894735,1.9473684210526314,918.75
6.2105263157894735,1.9473684210526314,959.375
6.2105263157894735,1.9473684210526314,1000.0
6.2105263157894735,2.4210526315789473,25.0
6.2105263157894735,2.4210526315789473,65.625
6.2105263157894735,2.4210526315789473,106.25
6.2105263157894735,2.4210526315789473,146.875
6.2105263157894735,2.4210526315789473,187.5
6.2105263157894735,2.4210526315789473,228.125
6.2105263157894735,2.4210526315789473,268.75
6.2105263157894735,2.4210526315789473,309.375
6.2105263157894735,2.4210526315789473,350.0
6.2105263157894735,2.4210526315789473,390.625
6.2105263157894735,2.4210526315789473,431.25
6.2105263157894735,2.4210526315789473,471.875
6.2105263157894735,2.4210526315789473,512.5
6.2105263157894735,2.4210526315789473,553.125
6.2105263157894735,2.4210526315789473,593.75
6.2105263157894735,2.4210526315789473,634.375
6.2105263157894735,2.4210526315789473,675.0
6.2105263157894735,2.4210526315789473,715.625
6.2105263157894735,2.4210526315789473,756.25
6.2105263157894735,2.4210526315789473,796.875
6.2105263157894735,2.4210526315789473,837.5
6.2105263157894735,2.4210526315789473,878.125
6.2105263157894735,2.4210526315789473,918.75
6.2105263157894735,2.4210526315789473,959.375
6.2105263157894735,2.4210526315789473,1000.0
6.2105263157894735,2.894736842105263,25.0
6.2105263157894735,2.894736842105263,65.625
6.2105263157894735,2.894736842105263,106.25
6.2105263157894735,2.894736842105263,146.875
6.2105263157894735,2.894736842105263,187.5
6.2105263157894735,2.894736842105263,228.125
6.2105263157894735,2.894736842105263,268.75
6.2105263157894735,2.894736842105263,309.375
6.2105263157894735,2.894736842105263,350.0
6.2105263157894735,2.894736842105263,390.625
6.2105263157894735,2.894736842105263,431.25
6.2105263157894735,2.894736842105263,471.875
6.2105263157894735,2.894736842105263,512.5
6.2105263157894735,2.894736842105263,553.125
6.2105263157894735,2.894736842105263,593.75
6.2105263157894735,2.894736842105263,634.375
6.2105263157894735,2.894736842105263,675.0
6.2105263157894735,2.894736842105263,715.625
6.2105263157894735,2.894736842105263,756.25
6.2105263157894735,2.894736842105263,796.875
6.2105263157894735,2.894736842105263,837.5
6.2105263157894735,2.894736842105263,878.125
6.2105263157894735,2.894736842105263,918.75
6.2105263157894735,2.894736842105263,959.375
6.2105263157894735,2.894736842105263,1000.0
6.2105263157894735,3.3684210526315788,25.0
6.2105263157894735,3.3684210526315788,65.625
6.2105263157894735,3.3684210526315788,106.25
6.2105263157894735,3.3684210526315788,146.875
6.2105263157894735,3.3684210526315788,187.5
6.2105263157894735,3.3684210526315788,228.125
6.2105263157894735,3.3684210526315788,268.75
6.2105263157894735,3.3684210526315788,309.375
6.2105263157894735,3.3684210526315788,350.0
6.2105263157894735,3.3684210526315788,390.625
6.2105263157894735,3.3684210526315788,431.25
6.2105263157894735,3.3684210526315788,471.875
6.2105263157894735,3.3684210526315788,512.5
6.2105263157894735,3.3684210526315788,553.125
6.2105263157894735,3.3684210526315788,593.75
6.2105263157894735,3.3684210526315788,634.375
6.2105263157894735,3.3684210526315788,675.0
6.2105263157894735,3.3684210526315788,715.625
6.2105263157894735,3.3684210526315788,756.25
6.2105263157894735,3.3684210526315788,796.875
6.2105263157894735,3.3684210526315788,837.5
6.2105263157894735,3.3684210526315788,878.125
6.2105263157894735,3.3684210526315788,918.75
6.2105263157894735,3.3684210526315788,959.375
6.2105263157894735,3.3684210526315788,1000.0
6.2105263157894735,3.8421052631578947,25.0
6.2105263157894735,3.8421052631578947,65.625
6.2105263157894735,3.8421052631578947,106.25
6.2105263157894735,3.8421052631578947,146.875
6.2105263157894735,3.8421052631578947,187.5
6.2105263157894735,3.8421052631578947,228.125
6.2105263157894735,3.8421052631578947,268.75
6.2105263157894735,3.8421052631578947,309.375
6.2105263157894735,3.8421052631578947,350.0
6.2105263157894735,3.8421052631578947,390.625
6.2105263157894735,3.8421052631578947,431.25
6.2105263157894735,3.8421052631578947,471.875
6.2105263157894735,3.8421052631578947,512.5
6.2105263157894735,3.8421052631578947,553.125
6.2105263157894735,3.8421052631578947,593.75
6.2105263157894735,3.8421052631578947,634.375
6.2105263157894735,3.8421052631578947,675.0
6.2105263157894735,3.8421052631578947,715.625
6.2105263157894735,3.8421052631578947,756.25
6.2105263157894735,3.8421052631578947,796.875
6.2105263157894735,3.8421052631578947,837.5
6.2105263157894735,3.8421052631578947,878.125
6.2105263157894735,3.8421052631578947,918.75
6.2105263157894735,3.8421052631578947,959.375
6.2105263157894735,3.8421052631578947,1000.0
6.2105263157894735,4.315789473684211,25.0
6.2105263157894735,4.315789473684211,65.625
6.2105263157894735,4.315789473684211,106.25
6.2105263157894735,4.315789473684211,146.875
6.2105263157894735,4.315789473684211,187.5
6.2105263157894735,4.315789473684211,228.125
6.2105263157894735,4.315789473684211,268.75
6.2105263157894735,4.315789473684211,309.375
6.2105263157894735,4.315789473684211,350.0
6.2105263157894735,4.315789473684211,390.625
6.2105263157894735,4.315789473684211,431.25
6.2105263157894735,4.315789473684211,471.875
6.2105263157894735,4.315789473684211,512.5
6.2105263157894735,4.315789473684211,553.125
6.2105263157894735,4.315789473684211,593.75
6.2105263157894735,4.315789473684211,634.375
6.2105263157894735,4.315789473684211,675.0
6.2105263157894735,4.315789473684211,715.625
6.2105263157894735,4.315789473684211,756.25
6.2105263157894735,4.315789473684211,796.875
6.2105263157894735,4.315789473684211,837.5
6.2105263157894735,4.315789473684211,878.125
6.2105263157894735,4.315789473684211,918.75
6.2105263157894735,4.315789473684211,959.375
6.2105263157894735,4.315789473684211,1000.0
6.2105263157894735,4.789473684210526,25.0
6.2105263157894735,4.789473684210526,65.625
6.2105263157894735,4.789473684210526,106.25
6.2105263157894735,4.789473684210526,146.875
6.2105263157894735,4.789473684210526,187.5
6.2105263157894735,4.789473684210526,228.125
6.2105263157894735,4.789473684210526,268.75
6.2105263157894735,4.789473684210526,309.375
6.2105263157894735,4.789473684210526,350.0
6.2105263157894735,4.789473684210526,390.625
6.2105263157894735,4.789473684210526,431.25
6.2105263157894735,4.789473684210526,471.875
6.2105263157894735,4.789473684210526,512.5
6.2105263157894735,4.789473684210526,553.125
6.2105263157894735,4.789473684210526,593.75
6.2105263157894735,4.789473684210526,634.375
6.2105263157894735,4.789473684210526,675.0
6.2105263157894735,4.789473684210526,715.625
6.2105263157894735,4.789473684210526,756.25
6.2105263157894735,4.789473684210526,796.875
6.2105263157894735,4.789473684210526,837.5
6.2105263157894735,4.789473684210526,878.125
6.2105263157894735,4.789473684210526,918.75
6.2105263157894735,4.789473684210526,959.375
6.2105263157894735,4.789473684210526,1000.0
6.2105263157894735,5.263157894736842,25.0
6.2105263157894735,5.263157894736842,65.625
6.2105263157894735,5.263157894736842,106.25
6.2105263157894735,5.263157894736842,146.875
6.2105263157894735,5.263157894736842,187.5
6.2105263157894735,5.263157894736842,228.125
6.2105263157894735,5.263157894736842,268.75
6.2105263157894735,5.263157894736842,309.375
6.2105263157894735,5.263157894736842,350.0
6.2105263157894735,5.263157894736842,390.625
6.2105263157894735,5.263157894736842,431.25
6.2105263157894735,5.263157894736842,471.875
6.2105263157894735,5.263157894736842,512.5
6.2105263157894735,5.263157894736842,553.125
6.2105263157894735,5.263157894736842,593.75
6.2105263157894735,5.263157894736842,634.375
6.2105263157894735,5.263157894736842,675.0
6.2105263157894735,5.263157894736842,715.625
6.2105263157894735,5.263157894736842,756.25
6.2105263157894735,5.263157894736842,796.875
6.2105263157894735,5.263157894736842,837.5
6.2105263157894735,5.263157894736842,878.125
6.2105263157894735,5.263157894736842,918.75
6.2105263157894735,5.263157894736842,959.375
6.2105263157894735,5.263157894736842,1000.0
6.2105263157894735,5.7368421052631575,25.0
6.2105263157894735,5.7368421052631575,65.625
6.2105263157894735,5.7368421052631575,106.25
6.2105263157894735,5.7368421052631575,146.875
6.2105263157894735,5.7368421052631575,187.5
6.2105263157894735,5.7368421052631575,228.125
6.2105263157894735,5.7368421052631575,268.75
6.2105263157894735,5.7368421052631575,309.375
6.2105263157894735,5.7368421052631575,350.0
6.2105263157894735,5.7368421052631575,390.625
6.2105263157894735,5.7368421052631575,431.25
6.2105263157894735,5.7368421052631575,471.875
6.2105263157894735,5.7368421052631575,512.5
6.2105263157894735,5.7368421052631575,553.125
6.2105263157894735,5.7368421052631575,593.75
6.2105263157894735,5.7368421052631575,634.375
6.2105263157894735,5.7368421052631575,675.0
6.2105263157894735,5.7368421052631575,715.625
6.2105263157894735,5.7368421052631575,756.25
6.2105263157894735,5.7368421052631575,796.875
6.2105263157894735,5.7368421052631575,837.5
6.2105263157894735,5.7368421052631575,878.125
6.2105263157894735,5.7368421052631575,918.75
6.2105263157894735,5.7368421052631575,959.375
6.2105263157894735,5.7368421052631575,1000.0
6.2105263157894735,6.2105263157894735,25.0
6.2105263157894735,6.2105263157894735,65.625
6.2105263157894735,6.2105263157894735,106.25
6.2105263157894735,6.2105263157894735,146.875
6.2105263157894735,6.2105263157894735,187.5
6.2105263157894735,6.2105263157894735,228.125
6.2105263157894735,6.2105263157894735,268.75
6.2105263157894735,6.2105263157894735,309.375
6.2105263157894735,6.2105263157894735,350.0
6.2105263157894735,6.2105263157894735,390.625
6.2105263157894735,6.2105263157894735,431.25
6.2105263157894735,6.2105263157894735,471.875
6.2105263157894735,6.2105263157894735,512.5
6.2105263157894735,6.2105263157894735,553.125
6.2105263157894735,6.2105263157894735,593.75
6.2105263157894735,6.2105263157894735,634.375
6.2105263157894735,6.2105263157894735,675.0
6.2105263157894735,6.2105263157894735,715.625
6.2105263157894735,6.2105263157894735,756.25
6.2105263157894735,6.2105263157894735,796.875
6.2105263157894735,6.2105263157894735,837.5
6.2105263157894735,6.2105263157894735,878.125
6.2105263157894735,6.2105263157894735,918.75
6.2105263157894735,6.2105263157894735,959.375
6.2105263157894735,6.2105263157894735,1000.0
6.2105263157894735,6.684210526315789,25.0
6.2105263157894735,6.684210526315789,65.625
6.2105263157894735,6.684210526315789,106.25
6.2105263157894735,6.684210526315789,146.875
6.2105263157894735,6.684210526315789,187.5
6.2105263157894735,6.684210526315789,228.125
6.2105263157894735,6.684210526315789,268.75
6.2105263157894735,6.684210526315789,309.375
6.2105263157894735,6.684210526315789,350.0
6.2105263157894735,6.684210526315789,390.625
6.2105263157894735,6.684210526315789,431.25
6.2105263157894735,6.684210526315789,471.875
6.2105263157894735,6.684210526315789,512.5
6.2105263157894735,6.684210526315789,553.125
6.2105263157894735,6.684210526315789,593.75
6.2105263157894735,6.684210526315789,634.375
6.2105263157894735,6.684210526315789,675.0
6.2105263157894735,6.684210526315789,715.625
6.2105263157894735,6.684210526315789,756.25
6.2105263157894735,6.684210526315789,796.875
6.2105263157894735,6.684210526315789,837.5
6.2105263157894735,6.684210526315789,878.125
6.2105263157894735,6.684210526315789,918.75
6.2105263157894735,6.684210526315789,959.375
6.2105263157894735,6.684210526315789,1000.0
6.2105263157894735,7.157894736842105,25.0
6.2105263157894735,7.157894736842105,65.625
6.2105263157894735,7.157894736842105,106.25
6.2105263157894735,7.157894736842105,146.875
6.2105263157894735,7.157894736842105,187.5
6.2105263157894735,7.157894736842105,228.125
6.2105263157894735,7.157894736842105,268.75
6.2105263157894735,7.157894736842105,309.375
6.2105263157894735,7.157894736842105,350.0
6.2105263157894735,7.157894736842105,390.625
6.2105263157894735,7.157894736842105,431.25
6.2105263157894735,7.157894736842105,471.875
6.2105263157894735,7.157894736842105,512.5
6.2105263157894735,7.157894736842105,553.125
6.2105263157894735,7.157894736842105,593.75
6.2105263157894735,7.157894736842105,634.375
6.2105263157894735,7.157894736842105,675.0
6.2105263157894735,7.157894736842105,715.625
6.2105263157894735,7.157894736842105,756.25
6.2105263157894735,7.157894736842105,796.875
6.2105263157894735,7.157894736842105,837.5
6.2105263157894735,7.157894736842105,878.125
6.2105263157894735,7.157894736842105,918.75
6.2105263157894735,7.157894736842105,959.375
6.2105263157894735,7.157894736842105,1000.0
6.2105263157894735,7.63157894736842,25.0
6.2105263157894735,7.63157894736842,65.625
6.2105263157894735,7.63157894736842,106.25
6.2105263157894735,7.63157894736842,146.875
6.2105263157894735,7.63157894736842,187.5
6.2105263157894735,7.63157894736842,228.125
6.2105263157894735,7.63157894736842,268.75
6.2105263157894735,7.63157894736842,309.375
6.2105263157894735,7.63157894736842,350.0
6.2105263157894735,7.63157894736842,390.625
6.2105263157894735,7.63157894736842,431.25
6.2105263157894735,7.63157894736842,471.875
6.2105263157894735,7.63157894736842,512.5
6.2105263157894735,7.63157894736842,553.125
6.2105263157894735,7.63157894736842,593.75
6.2105263157894735,7.63157894736842,634.375
6.2105263157894735,7.63157894736842,675.0
6.2105263157894735,7.63157894736842,715.625
6.2105263157894735,7.63157894736842,756.25
6.2105263157894735,7.63157894736842,796.875
6.2105263157894735,7.63157894736842,837.5
6.2105263157894735,7.63157894736842,878.125
6.2105263157894735,7.63157894736842,918.75
6.2105263157894735,7.63157894736842,959.375
6.2105263157894735,7.63157894736842,1000.0
6.2105263157894735,8.105263157894736,25.0
6.2105263157894735,8.105263157894736,65.625
6.2105263157894735,8.105263157894736,106.25
6.2105263157894735,8.105263157894736,146.875
6.2105263157894735,8.105263157894736,187.5
6.2105263157894735,8.105263157894736,228.125
6.2105263157894735,8.105263157894736,268.75
6.2105263157894735,8.105263157894736,309.375
6.2105263157894735,8.105263157894736,350.0
6.2105263157894735,8.105263157894736,390.625
6.2105263157894735,8.105263157894736,431.25
6.2105263157894735,8.105263157894736,471.875
6.2105263157894735,8.105263157894736,512.5
6.2105263157894735,8.105263157894736,553.125
6.2105263157894735,8.105263157894736,593.75
6.2105263157894735,8.105263157894736,634.375
6.2105263157894735,8.105263157894736,675.0
6.2105263157894735,8.105263157894736,715.625
6.2105263157894735,8.105263157894736,756.25
6.2105263157894735,8.105263157894736,796.875
6.2105263157894735,8.105263157894736,837.5
6.2105263157894735,8.105263157894736,878.125
6.2105263157894735,8.105263157894736,918.75
6.2105263157894735,8.105263157894736,959.375
6.2105263157894735,8.105263157894736,1000.0
6.2105263157894735,8.578947368421051,25.0
6.2105263157894735,8.578947368421051,65.625
6.2105263157894735,8.578947368421051,106.25
6.2105263157894735,8.578947368421051,146.875
6.2105263157894735,8.578947368421051,187.5
6.2105263157894735,8.578947368421051,228.125
6.2105263157894735,8.578947368421051,268.75
6.2105263157894735,8.578947368421051,309.375
6.2105263157894735,8.578947368421051,350.0
6.2105263157894735,8.578947368421051,390.625
6.2105263157894735,8.578947368421051,431.25
6.2105263157894735,8.578947368421051,471.875
6.2105263157894735,8.578947368421051,512.5
6.2105263157894735,8.578947368421051,553.125
6.2105263157894735,8.578947368421051,593.75
6.2105263157894735,8.578947368421051,634.375
6.2105263157894735,8.578947368421051,675.0
6.2105263157894735,8.578947368421051,715.625
6.2105263157894735,8.578947368421051,756.25
6.2105263157894735,8.578947368421051,796.875
6.2105263157894735,8.578947368421051,837.5
6.2105263157894735,8.578947368421051,878.125
6.2105263157894735,8.578947368421051,918.75
6.2105263157894735,8.578947368421051,959.375
6.2105263157894735,8.578947368421051,1000.0
6.2105263157894735,9.052631578947368,25.0
6.2105263157894735,9.052631578947368,65.625
6.2105263157894735,9.052631578947368,106.25
6.2105263157894735,9.052631578947368,146.875
6.2105263157894735,9.052631578947368,187.5
6.2105263157894735,9.052631578947368,228.125
6.2105263157894735,9.052631578947368,268.75
6.2105263157894735,9.052631578947368,309.375
6.2105263157894735,9.052631578947368,350.0
6.2105263157894735,9.052631578947368,390.625
6.2105263157894735,9.052631578947368,431.25
6.2105263157894735,9.052631578947368,471.875
6.2105263157894735,9.052631578947368,512.5
6.2105263157894735,9.052631578947368,553.125
6.2105263157894735,9.052631578947368,593.75
6.2105263157894735,9.052631578947368,634.375
6.2105263157894735,9.052631578947368,675.0
6.2105263157894735,9.052631578947368,715.625
6.2105263157894735,9.052631578947368,756.25
6.2105263157894735,9.052631578947368,796.875
6.2105263157894735,9.052631578947368,837.5
6.2105263157894735,9.052631578947368,878.125
6.2105263157894735,9.052631578947368,918.75
6.2105263157894735,9.052631578947368,959.375
6.2105263157894735,9.052631578947368,1000.0
6.2105263157894735,9.526315789473683,25.0
6.2105263157894735,9.526315789473683,65.625
6.2105263157894735,9.526315789473683,106.25
6.2105263157894735,9.526315789473683,146.875
6.2105263157894735,9.526315789473683,187.5
6.2105263157894735,9.526315789473683,228.125
6.2105263157894735,9.526315789473683,268.75
6.2105263157894735,9.526315789473683,309.375
6.2105263157894735,9.526315789473683,350.0
6.2105263157894735,9.526315789473683,390.625
6.2105263157894735,9.526315789473683,431.25
6.2105263157894735,9.526315789473683,471.875
6.2105263157894735,9.526315789473683,512.5
6.2105263157894735,9.526315789473683,553.125
6.2105263157894735,9.526315789473683,593.75
6.2105263157894735,9.526315789473683,634.375
6.2105263157894735,9.526315789473683,675.0
6.2105263157894735,9.526315789473683,715.625
6.2105263157894735,9.526315789473683,756.25
6.2105263157894735,9.526315789473683,796.875
6.2105263157894735,9.526315789473683,837.5
6.2105263157894735,9.526315789473683,878.125
6.2105263157894735,9.526315789473683,918.75
6.2105263157894735,9.526315789473683,959.375
6.2105263157894735,9.526315789473683,1000.0
6.2105263157894735,10.0,25.0
6.2105263157894735,10.0,65.625
6.2105263157894735,10.0,106.25
6.2105263157894735,10.0,146.875
6.2105263157894735,10.0,187.5
6.2105263157894735,10.0,228.125
6.2105263157894735,10.0,268.75
6.2105263157894735,10.0,309.375
6.2105263157894735,10.0,350.0
6.2105263157894735,10.0,390.625
6.2105263157894735,10.0,431.25
6.2105263157894735,10.0,471.875
6.2105263157894735,10.0,512.5
6.2105263157894735,10.0,553.125
6.2105263157894735,10.0,593.75
6.2105263157894735,10.0,634.375
6.2105263157894735,10.0,675.0
6.2105263157894735,10.0,715.625
6.2105263157894735,10.0,756.25
6.2105263157894735,10.0,796.875
6.2105263157894735,10.0,837.5
6.2105263157894735,10.0,878.125
6.2105263157894735,10.0,918.75
6.2105263157894735,10.0,959.375
6.2105263157894735,10.0,1000.0
6.684210526315789,1.0,25.0
6.684210526315789,1.0,65.625
6.684210526315789,1.0,106.25
6.684210526315789,1.0,146.875
6.684210526315789,1.0,187.5
6.684210526315789,1.0,228.125
6.684210526315789,1.0,268.75
6.684210526315789,1.0,309.375
6.684210526315789,1.0,350.0
6.684210526315789,1.0,390.625
6.684210526315789,1.0,431.25
6.684210526315789,1.0,471.875
6.684210526315789,1.0,512.5
6.684210526315789,1.0,553.125
6.684210526315789,1.0,593.75
6.684210526315789,1.0,634.375
6.684210526315789,1.0,675.0
6.684210526315789,1.0,715.625
6.684210526315789,1.0,756.25
6.684210526315789,1.0,796.875
6.684210526315789,1.0,837.5
6.684210526315789,1.0,878.125
6.684210526315789,1.0,918.75
6.684210526315789,1.0,959.375
6.684210526315789,1.0,1000.0
6.684210526315789,1.4736842105263157,25.0
6.684210526315789,1.4736842105263157,65.625
6.684210526315789,1.4736842105263157,106.25
6.684210526315789,1.4736842105263157,146.875
6.684210526315789,1.4736842105263157,187.5
6.684210526315789,1.4736842105263157,228.125
6.684210526315789,1.4736842105263157,268.75
6.684210526315789,1.4736842105263157,309.375
6.684210526315789,1.4736842105263157,350.0
6.684210526315789,1.4736842105263157,390.625
6.684210526315789,1.4736842105263157,431.25
6.684210526315789,1.4736842105263157,471.875
6.684210526315789,1.4736842105263157,512.5
6.684210526315789,1.4736842105263157,553.125
6.684210526315789,1.4736842105263157,593.75
6.684210526315789,1.4736842105263157,634.375
6.684210526315789,1.4736842105263157,675.0
6.684210526315789,1.4736842105263157,715.625
6.684210526315789,1.4736842105263157,756.25
6.684210526315789,1.4736842105263157,796.875
6.684210526315789,1.4736842105263157,837.5
6.684210526315789,1.4736842105263157,878.125
6.684210526315789,1.4736842105263157,918.75
6.684210526315789,1.4736842105263157,959.375
6.684210526315789,1.4736842105263157,1000.0
6.684210526315789,1.9473684210526314,25.0
6.684210526315789,1.9473684210526314,65.625
6.684210526315789,1.9473684210526314,106.25
6.684210526315789,1.9473684210526314,146.875
6.684210526315789,1.9473684210526314,187.5
6.684210526315789,1.9473684210526314,228.125
6.684210526315789,1.9473684210526314,268.75
6.684210526315789,1.9473684210526314,309.375
6.684210526315789,1.9473684210526314,350.0
6.684210526315789,1.9473684210526314,390.625
6.684210526315789,1.9473684210526314,431.25
6.684210526315789,1.9473684210526314,471.875
6.684210526315789,1.9473684210526314,512.5
6.684210526315789,1.9473684210526314,553.125
6.684210526315789,1.9473684210526314,593.75
6.684210526315789,1.9473684210526314,634.375
6.684210526315789,1.9473684210526314,675.0
6.684210526315789,1.9473684210526314,715.625
6.684210526315789,1.9473684210526314,756.25
6.684210526315789,1.9473684210526314,796.875
6.684210526315789,1.9473684210526314,837.5
6.684210526315789,1.9473684210526314,878.125
6.684210526315789,1.9473684210526314,918.75
6.684210526315789,1.9473684210526314,959.375
6.684210526315789,1.9473684210526314,1000.0
6.684210526315789,2.4210526315789473,25.0
6.684210526315789,2.4210526315789473,65.625
6.684210526315789,2.4210526315789473,106.25
6.684210526315789,2.4210526315789473,146.875
6.684210526315789,2.4210526315789473,187.5
6.684210526315789,2.4210526315789473,228.125
6.684210526315789,2.4210526315789473,268.75
6.684210526315789,2.4210526315789473,309.375
6.684210526315789,2.4210526315789473,350.0
6.684210526315789,2.4210526315789473,390.625
6.684210526315789,2.4210526315789473,431.25
6.684210526315789,2.4210526315789473,471.875
6.684210526315789,2.4210526315789473,512.5
6.684210526315789,2.4210526315789473,553.125
6.684210526315789,2.4210526315789473,593.75
6.684210526315789,2.4210526315789473,634.375
6.684210526315789,2.4210526315789473,675.0
6.684210526315789,2.4210526315789473,715.625
6.684210526315789,2.4210526315789473,756.25
6.684210526315789,2.4210526315789473,796.875
6.684210526315789,2.4210526315789473,837.5
6.684210526315789,2.4210526315789473,878.125
6.684210526315789,2.4210526315789473,918.75
6.684210526315789,2.4210526315789473,959.375
6.684210526315789,2.4210526315789473,1000.0
6.684210526315789,2.894736842105263,25.0
6.684210526315789,2.894736842105263,65.625
6.684210526315789,2.894736842105263,106.25
6.684210526315789,2.894736842105263,146.875
6.684210526315789,2.894736842105263,187.5
6.684210526315789,2.894736842105263,228.125
6.684210526315789,2.894736842105263,268.75
6.684210526315789,2.894736842105263,309.375
6.684210526315789,2.894736842105263,350.0
6.684210526315789,2.894736842105263,390.625
6.684210526315789,2.894736842105263,431.25
6.684210526315789,2.894736842105263,471.875
6.684210526315789,2.894736842105263,512.5
6.684210526315789,2.894736842105263,553.125
6.684210526315789,2.894736842105263,593.75
6.684210526315789,2.894736842105263,634.375
6.684210526315789,2.894736842105263,675.0
6.684210526315789,2.894736842105263,715.625
6.684210526315789,2.894736842105263,756.25
6.684210526315789,2.894736842105263,796.875
6.684210526315789,2.894736842105263,837.5
6.684210526315789,2.894736842105263,878.125
6.684210526315789,2.894736842105263,918.75
6.684210526315789,2.894736842105263,959.375
6.684210526315789,2.894736842105263,1000.0
6.684210526315789,3.3684210526315788,25.0
6.684210526315789,3.3684210526315788,65.625
6.684210526315789,3.3684210526315788,106.25
6.684210526315789,3.3684210526315788,146.875
6.684210526315789,3.3684210526315788,187.5
6.684210526315789,3.3684210526315788,228.125
6.684210526315789,3.3684210526315788,268.75
6.684210526315789,3.3684210526315788,309.375
6.684210526315789,3.3684210526315788,350.0
6.684210526315789,3.3684210526315788,390.625
6.684210526315789,3.3684210526315788,431.25
6.684210526315789,3.3684210526315788,471.875
6.684210526315789,3.3684210526315788,512.5
6.684210526315789,3.3684210526315788,553.125
6.684210526315789,3.3684210526315788,593.75
6.684210526315789,3.3684210526315788,634.375
6.684210526315789,3.3684210526315788,675.0
6.684210526315789,3.3684210526315788,715.625
6.684210526315789,3.3684210526315788,756.25
6.684210526315789,3.3684210526315788,796.875
6.684210526315789,3.3684210526315788,837.5
6.684210526315789,3.3684210526315788,878.125
6.684210526315789,3.3684210526315788,918.75
6.684210526315789,3.3684210526315788,959.375
6.684210526315789,3.3684210526315788,1000.0
6.684210526315789,3.8421052631578947,25.0
6.684210526315789,3.8421052631578947,65.625
6.684210526315789,3.8421052631578947,106.25
6.684210526315789,3.8421052631578947,146.875
6.684210526315789,3.8421052631578947,187.5
6.684210526315789,3.8421052631578947,228.125
6.684210526315789,3.8421052631578947,268.75
6.684210526315789,3.8421052631578947,309.375
6.684210526315789,3.8421052631578947,350.0
6.684210526315789,3.8421052631578947,390.625
6.684210526315789,3.8421052631578947,431.25
6.684210526315789,3.8421052631578947,471.875
6.684210526315789,3.8421052631578947,512.5
6.684210526315789,3.8421052631578947,553.125
6.684210526315789,3.8421052631578947,593.75
6.684210526315789,3.8421052631578947,634.375
6.684210526315789,3.8421052631578947,675.0
6.684210526315789,3.8421052631578947,715.625
6.684210526315789,3.8421052631578947,756.25
6.684210526315789,3.8421052631578947,796.875
6.684210526315789,3.8421052631578947,837.5
6.684210526315789,3.8421052631578947,878.125
6.684210526315789,3.8421052631578947,918.75
6.684210526315789,3.8421052631578947,959.375
6.684210526315789,3.8421052631578947,1000.0
6.684210526315789,4.315789473684211,25.0
6.684210526315789,4.315789473684211,65.625
6.684210526315789,4.315789473684211,106.25
6.684210526315789,4.315789473684211,146.875
6.684210526315789,4.315789473684211,187.5
6.684210526315789,4.315789473684211,228.125
6.684210526315789,4.315789473684211,268.75
6.684210526315789,4.315789473684211,309.375
6.684210526315789,4.315789473684211,350.0
6.684210526315789,4.315789473684211,390.625
6.684210526315789,4.315789473684211,431.25
6.684210526315789,4.315789473684211,471.875
6.684210526315789,4.315789473684211,512.5
6.684210526315789,4.315789473684211,553.125
6.684210526315789,4.315789473684211,593.75
6.684210526315789,4.315789473684211,634.375
6.684210526315789,4.315789473684211,675.0
6.684210526315789,4.315789473684211,715.625
6.684210526315789,4.315789473684211,756.25
6.684210526315789,4.315789473684211,796.875
6.684210526315789,4.315789473684211,837.5
6.684210526315789,4.315789473684211,878.125
6.684210526315789,4.315789473684211,918.75
6.684210526315789,4.315789473684211,959.375
6.684210526315789,4.315789473684211,1000.0
6.684210526315789,4.789473684210526,25.0
6.684210526315789,4.789473684210526,65.625
6.684210526315789,4.789473684210526,106.25
6.684210526315789,4.789473684210526,146.875
6.684210526315789,4.789473684210526,187.5
6.684210526315789,4.789473684210526,228.125
6.684210526315789,4.789473684210526,268.75
6.684210526315789,4.789473684210526,309.375
6.684210526315789,4.789473684210526,350.0
6.684210526315789,4.789473684210526,390.625
6.684210526315789,4.789473684210526,431.25
6.684210526315789,4.789473684210526,471.875
6.684210526315789,4.789473684210526,512.5
6.684210526315789,4.789473684210526,553.125
6.684210526315789,4.789473684210526,593.75
6.684210526315789,4.789473684210526,634.375
6.684210526315789,4.789473684210526,675.0
6.684210526315789,4.789473684210526,715.625
6.684210526315789,4.789473684210526,756.25
6.684210526315789,4.789473684210526,796.875
6.684210526315789,4.789473684210526,837.5
6.684210526315789,4.789473684210526,878.125
6.684210526315789,4.789473684210526,918.75
6.684210526315789,4.789473684210526,959.375
6.684210526315789,4.789473684210526,1000.0
6.684210526315789,5.263157894736842,25.0
6.684210526315789,5.263157894736842,65.625
6.684210526315789,5.263157894736842,106.25
6.684210526315789,5.263157894736842,146.875
6.684210526315789,5.263157894736842,187.5
6.684210526315789,5.263157894736842,228.125
6.684210526315789,5.263157894736842,268.75
6.684210526315789,5.263157894736842,309.375
6.684210526315789,5.263157894736842,350.0
6.684210526315789,5.263157894736842,390.625
6.684210526315789,5.263157894736842,431.25
6.684210526315789,5.263157894736842,471.875
6.684210526315789,5.263157894736842,512.5
6.684210526315789,5.263157894736842,553.125
6.684210526315789,5.263157894736842,593.75
6.684210526315789,5.263157894736842,634.375
6.684210526315789,5.263157894736842,675.0
6.684210526315789,5.263157894736842,715.625
6.684210526315789,5.263157894736842,756.25
6.684210526315789,5.263157894736842,796.875
6.684210526315789,5.263157894736842,837.5
6.684210526315789,5.263157894736842,878.125
6.684210526315789,5.263157894736842,918.75
6.684210526315789,5.263157894736842,959.375
6.684210526315789,5.263157894736842,1000.0
6.684210526315789,5.7368421052631575,25.0
6.684210526315789,5.7368421052631575,65.625
6.684210526315789,5.7368421052631575,106.25
6.684210526315789,5.7368421052631575,146.875
6.684210526315789,5.7368421052631575,187.5
6.684210526315789,5.7368421052631575,228.125
6.684210526315789,5.7368421052631575,268.75
6.684210526315789,5.7368421052631575,309.375
6.684210526315789,5.7368421052631575,350.0
6.684210526315789,5.7368421052631575,390.625
6.684210526315789,5.7368421052631575,431.25
6.684210526315789,5.7368421052631575,471.875
6.684210526315789,5.7368421052631575,512.5
6.684210526315789,5.7368421052631575,553.125
6.684210526315789,5.7368421052631575,593.75
6.684210526315789,5.7368421052631575,634.375
6.684210526315789,5.7368421052631575,675.0
6.684210526315789,5.7368421052631575,715.625
6.684210526315789,5.7368421052631575,756.25
6.684210526315789,5.7368421052631575,796.875
6.684210526315789,5.7368421052631575,837.5
6.684210526315789,5.7368421052631575,878.125
6.684210526315789,5.7368421052631575,918.75
6.684210526315789,5.7368421052631575,959.375
6.684210526315789,5.7368421052631575,1000.0
6.684210526315789,6.2105263157894735,25.0
6.684210526315789,6.2105263157894735,65.625
6.684210526315789,6.2105263157894735,106.25
6.684210526315789,6.2105263157894735,146.875
6.684210526315789,6.2105263157894735,187.5
6.684210526315789,6.2105263157894735,228.125
6.684210526315789,6.2105263157894735,268.75
6.684210526315789,6.2105263157894735,309.375
6.684210526315789,6.2105263157894735,350.0
6.684210526315789,6.2105263157894735,390.625
6.684210526315789,6.2105263157894735,431.25
6.684210526315789,6.2105263157894735,471.875
6.684210526315789,6.2105263157894735,512.5
6.684210526315789,6.2105263157894735,553.125
6.684210526315789,6.2105263157894735,593.75
6.684210526315789,6.2105263157894735,634.375
6.684210526315789,6.2105263157894735,675.0
6.684210526315789,6.2105263157894735,715.625
6.684210526315789,6.2105263157894735,756.25
6.684210526315789,6.2105263157894735,796.875
6.684210526315789,6.2105263157894735,837.5
6.684210526315789,6.2105263157894735,878.125
6.684210526315789,6.2105263157894735,918.75
6.684210526315789,6.2105263157894735,959.375
6.684210526315789,6.2105263157894735,1000.0
6.684210526315789,6.684210526315789,25.0
6.684210526315789,6.684210526315789,65.625
6.684210526315789,6.684210526315789,106.25
6.684210526315789,6.684210526315789,146.875
6.684210526315789,6.684210526315789,187.5
6.684210526315789,6.684210526315789,228.125
6.684210526315789,6.684210526315789,268.75
6.684210526315789,6.684210526315789,309.375
6.684210526315789,6.684210526315789,350.0
6.684210526315789,6.684210526315789,390.625
6.684210526315789,6.684210526315789,431.25
6.684210526315789,6.684210526315789,471.875
6.684210526315789,6.684210526315789,512.5
6.684210526315789,6.684210526315789,553.125
6.684210526315789,6.684210526315789,593.75
6.684210526315789,6.684210526315789,634.375
6.684210526315789,6.684210526315789,675.0
6.684210526315789,6.684210526315789,715.625
6.684210526315789,6.684210526315789,756.25
6.684210526315789,6.684210526315789,796.875
6.684210526315789,6.684210526315789,837.5
6.684210526315789,6.684210526315789,878.125
6.684210526315789,6.684210526315789,918.75
6.684210526315789,6.684210526315789,959.375
6.684210526315789,6.684210526315789,1000.0
6.684210526315789,7.157894736842105,25.0
6.684210526315789,7.157894736842105,65.625
6.684210526315789,7.157894736842105,106.25
6.684210526315789,7.157894736842105,146.875
6.684210526315789,7.157894736842105,187.5
6.684210526315789,7.157894736842105,228.125
6.684210526315789,7.157894736842105,268.75
6.684210526315789,7.157894736842105,309.375
6.684210526315789,7.157894736842105,350.0
6.684210526315789,7.157894736842105,390.625
6.684210526315789,7.157894736842105,431.25
6.684210526315789,7.157894736842105,471.875
6.684210526315789,7.157894736842105,512.5
6.684210526315789,7.157894736842105,553.125
6.684210526315789,7.157894736842105,593.75
6.684210526315789,7.157894736842105,634.375
6.684210526315789,7.157894736842105,675.0
6.684210526315789,7.157894736842105,715.625
6.684210526315789,7.157894736842105,756.25
6.684210526315789,7.157894736842105,796.875
6.684210526315789,7.157894736842105,837.5
6.684210526315789,7.157894736842105,878.125
6.684210526315789,7.157894736842105,918.75
6.684210526315789,7.157894736842105,959.375
6.684210526315789,7.157894736842105,1000.0
6.684210526315789,7.63157894736842,25.0
6.684210526315789,7.63157894736842,65.625
6.684210526315789,7.63157894736842,106.25
6.684210526315789,7.63157894736842,146.875
6.684210526315789,7.63157894736842,187.5
6.684210526315789,7.63157894736842,228.125
6.684210526315789,7.63157894736842,268.75
6.684210526315789,7.63157894736842,309.375
6.684210526315789,7.63157894736842,350.0
6.684210526315789,7.63157894736842,390.625
6.684210526315789,7.63157894736842,431.25
6.684210526315789,7.63157894736842,471.875
6.684210526315789,7.63157894736842,512.5
6.684210526315789,7.63157894736842,553.125
6.684210526315789,7.63157894736842,593.75
6.684210526315789,7.63157894736842,634.375
6.684210526315789,7.63157894736842,675.0
6.684210526315789,7.63157894736842,715.625
6.684210526315789,7.63157894736842,756.25
6.684210526315789,7.63157894736842,796.875
6.684210526315789,7.63157894736842,837.5
6.684210526315789,7.63157894736842,878.125
6.684210526315789,7.63157894736842,918.75
6.684210526315789,7.63157894736842,959.375
6.684210526315789,7.63157894736842,1000.0
6.684210526315789,8.105263157894736,25.0
6.684210526315789,8.105263157894736,65.625
6.684210526315789,8.105263157894736,106.25
6.684210526315789,8.105263157894736,146.875
6.684210526315789,8.105263157894736,187.5
6.684210526315789,8.105263157894736,228.125
6.684210526315789,8.105263157894736,268.75
6.684210526315789,8.105263157894736,309.375
6.684210526315789,8.105263157894736,350.0
6.684210526315789,8.105263157894736,390.625
6.684210526315789,8.105263157894736,431.25
6.684210526315789,8.105263157894736,471.875
6.684210526315789,8.105263157894736,512.5
6.684210526315789,8.105263157894736,553.125
6.684210526315789,8.105263157894736,593.75
6.684210526315789,8.105263157894736,634.375
6.684210526315789,8.105263157894736,675.0
6.684210526315789,8.105263157894736,715.625
6.684210526315789,8.105263157894736,756.25
6.684210526315789,8.105263157894736,796.875
6.684210526315789,8.105263157894736,837.5
6.684210526315789,8.105263157894736,878.125
6.684210526315789,8.105263157894736,918.75
6.684210526315789,8.105263157894736,959.375
6.684210526315789,8.105263157894736,1000.0
6.684210526315789,8.578947368421051,25.0
6.684210526315789,8.578947368421051,65.625
6.684210526315789,8.578947368421051,106.25
6.684210526315789,8.578947368421051,146.875
6.684210526315789,8.578947368421051,187.5
6.684210526315789,8.578947368421051,228.125
6.684210526315789,8.578947368421051,268.75
6.684210526315789,8.578947368421051,309.375
6.684210526315789,8.578947368421051,350.0
6.684210526315789,8.578947368421051,390.625
6.684210526315789,8.578947368421051,431.25
6.684210526315789,8.578947368421051,471.875
6.684210526315789,8.578947368421051,512.5
6.684210526315789,8.578947368421051,553.125
6.684210526315789,8.578947368421051,593.75
6.684210526315789,8.578947368421051,634.375
6.684210526315789,8.578947368421051,675.0
6.684210526315789,8.578947368421051,715.625
6.684210526315789,8.578947368421051,756.25
6.684210526315789,8.578947368421051,796.875
6.684210526315789,8.578947368421051,837.5
6.684210526315789,8.578947368421051,878.125
6.684210526315789,8.578947368421051,918.75
6.684210526315789,8.578947368421051,959.375
6.684210526315789,8.578947368421051,1000.0
6.684210526315789,9.052631578947368,25.0
6.684210526315789,9.052631578947368,65.625
6.684210526315789,9.052631578947368,106.25
6.684210526315789,9.052631578947368,146.875
6.684210526315789,9.052631578947368,187.5
6.684210526315789,9.052631578947368,228.125
6.684210526315789,9.052631578947368,268.75
6.684210526315789,9.052631578947368,309.375
6.684210526315789,9.052631578947368,350.0
6.684210526315789,9.052631578947368,390.625
6.684210526315789,9.052631578947368,431.25
6.684210526315789,9.052631578947368,471.875
6.684210526315789,9.052631578947368,512.5
6.684210526315789,9.052631578947368,553.125
6.684210526315789,9.052631578947368,593.75
6.684210526315789,9.052631578947368,634.375
6.684210526315789,9.052631578947368,675.0
6.684210526315789,9.052631578947368,715.625
6.684210526315789,9.052631578947368,756.25
6.684210526315789,9.052631578947368,796.875
6.684210526315789,9.052631578947368,837.5
6.684210526315789,9.052631578947368,878.125
6.684210526315789,9.052631578947368,918.75
6.684210526315789,9.052631578947368,959.375
6.684210526315789,9.052631578947368,1000.0
6.684210526315789,9.526315789473683,25.0
6.684210526315789,9.526315789473683,65.625
6.684210526315789,9.526315789473683,106.25
6.684210526315789,9.526315789473683,146.875
6.684210526315789,9.526315789473683,187.5
6.684210526315789,9.526315789473683,228.125
6.684210526315789,9.526315789473683,268.75
6.684210526315789,9.526315789473683,309.375
6.684210526315789,9.526315789473683,350.0
6.684210526315789,9.526315789473683,390.625
6.684210526315789,9.526315789473683,431.25
6.684210526315789,9.526315789473683,471.875
6.684210526315789,9.526315789473683,512.5
6.684210526315789,9.526315789473683,553.125
6.684210526315789,9.526315789473683,593.75
6.684210526315789,9.526315789473683,634.375
6.684210526315789,9.526315789473683,675.0
6.684210526315789,9.526315789473683,715.625
6.684210526315789,9.526315789473683,756.25
6.684210526315789,9.526315789473683,796.875
6.684210526315789,9.526315789473683,837.5
6.684210526315789,9.526315789473683,878.125
6.684210526315789,9.526315789473683,918.75
6.684210526315789,9.526315789473683,959.375
6.684210526315789,9.526315789473683,1000.0
6.684210526315789,10.0,25.0
6.684210526315789,10.0,65.625
6.684210526315789,10.0,106.25
6.684210526315789,10.0,146.875
6.684210526315789,10.0,187.5
6.684210526315789,10.0,228.125
6.684210526315789,10.0,268.75
6.684210526315789,10.0,309.375
6.684210526315789,10.0,350.0
6.684210526315789,10.0,390.625
6.684210526315789,10.0,431.25
6.684210526315789,10.0,471.875
6.684210526315789,10.0,512.5
6.684210526315789,10.0,553.125
6.684210526315789,10.0,593.75
6.684210526315789,10.0,634.375
6.684210526315789,10.0,675.0
6.684210526315789,10.0,715.625
6.684210526315789,10.0,756.25
6.684210526315789,10.0,796.875
6.684210526315789,10.0,837.5
6.684210526315789,10.0,878.125
6.684210526315789,10.0,918.75
6.684210526315789,10.0,959.375
6.684210526315789,10.0,1000.0
7.157894736842105,1.0,25.0
7.157894736842105,1.0,65.625
7.157894736842105,1.0,106.25
7.157894736842105,1.0,146.875
7.157894736842105,1.0,187.5
7.157894736842105,1.0,228.125
7.157894736842105,1.0,268.75
7.157894736842105,1.0,309.375
7.157894736842105,1.0,350.0
7.157894736842105,1.0,390.625
7.157894736842105,1.0,431.25
7.157894736842105,1.0,471.875
7.157894736842105,1.0,512.5
7.157894736842105,1.0,553.125
7.157894736842105,1.0,593.75
7.157894736842105,1.0,634.375
7.157894736842105,1.0,675.0
7.157894736842105,1.0,715.625
7.157894736842105,1.0,756.25
7.157894736842105,1.0,796.875
7.157894736842105,1.0,837.5
7.157894736842105,1.0,878.125
7.157894736842105,1.0,918.75
7.157894736842105,1.0,959.375
7.157894736842105,1.0,1000.0
7.157894736842105,1.4736842105263157,25.0
7.157894736842105,1.4736842105263157,65.625
7.157894736842105,1.4736842105263157,106.25
7.157894736842105,1.4736842105263157,146.875
7.157894736842105,1.4736842105263157,187.5
7.157894736842105,1.4736842105263157,228.125
7.157894736842105,1.4736842105263157,268.75
7.157894736842105,1.4736842105263157,309.375
7.157894736842105,1.4736842105263157,350.0
7.157894736842105,1.4736842105263157,390.625
7.157894736842105,1.4736842105263157,431.25
7.157894736842105,1.4736842105263157,471.875
7.157894736842105,1.4736842105263157,512.5
7.157894736842105,1.4736842105263157,553.125
7.157894736842105,1.4736842105263157,593.75
7.157894736842105,1.4736842105263157,634.375
7.157894736842105,1.4736842105263157,675.0
7.157894736842105,1.4736842105263157,715.625
7.157894736842105,1.4736842105263157,756.25
7.157894736842105,1.4736842105263157,796.875
7.157894736842105,1.4736842105263157,837.5
7.157894736842105,1.4736842105263157,878.125
7.157894736842105,1.4736842105263157,918.75
7.157894736842105,1.4736842105263157,959.375
7.157894736842105,1.4736842105263157,1000.0
7.157894736842105,1.9473684210526314,25.0
7.157894736842105,1.9473684210526314,65.625
7.157894736842105,1.9473684210526314,106.25
7.157894736842105,1.9473684210526314,146.875
7.157894736842105,1.9473684210526314,187.5
7.157894736842105,1.9473684210526314,228.125
7.157894736842105,1.9473684210526314,268.75
7.157894736842105,1.9473684210526314,309.375
7.157894736842105,1.9473684210526314,350.0
7.157894736842105,1.9473684210526314,390.625
7.157894736842105,1.9473684210526314,431.25
7.157894736842105,1.9473684210526314,471.875
7.157894736842105,1.9473684210526314,512.5
7.157894736842105,1.9473684210526314,553.125
7.157894736842105,1.9473684210526314,593.75
7.157894736842105,1.9473684210526314,634.375
7.157894736842105,1.9473684210526314,675.0
7.157894736842105,1.9473684210526314,715.625
7.157894736842105,1.9473684210526314,756.25
7.157894736842105,1.9473684210526314,796.875
7.157894736842105,1.9473684210526314,837.5
7.157894736842105,1.9473684210526314,878.125
7.157894736842105,1.9473684210526314,918.75
7.157894736842105,1.9473684210526314,959.375
7.157894736842105,1.9473684210526314,1000.0
7.157894736842105,2.4210526315789473,25.0
7.157894736842105,2.4210526315789473,65.625
7.157894736842105,2.4210526315789473,106.25
7.157894736842105,2.4210526315789473,146.875
7.157894736842105,2.4210526315789473,187.5
7.157894736842105,2.4210526315789473,228.125
7.157894736842105,2.4210526315789473,268.75
7.157894736842105,2.4210526315789473,309.375
7.157894736842105,2.4210526315789473,350.0
7.157894736842105,2.4210526315789473,390.625
7.157894736842105,2.4210526315789473,431.25
7.157894736842105,2.4210526315789473,471.875
7.157894736842105,2.4210526315789473,512.5
7.157894736842105,2.4210526315789473,553.125
7.157894736842105,2.4210526315789473,593.75
7.157894736842105,2.4210526315789473,634.375
7.157894736842105,2.4210526315789473,675.0
7.157894736842105,2.4210526315789473,715.625
7.157894736842105,2.4210526315789473,756.25
7.157894736842105,2.4210526315789473,796.875
7.157894736842105,2.4210526315789473,837.5
7.157894736842105,2.4210526315789473,878.125
7.157894736842105,2.4210526315789473,918.75
7.157894736842105,2.4210526315789473,959.375
7.157894736842105,2.4210526315789473,1000.0
7.157894736842105,2.894736842105263,25.0
7.157894736842105,2.894736842105263,65.625
7.157894736842105,2.894736842105263,106.25
7.157894736842105,2.894736842105263,146.875
7.157894736842105,2.894736842105263,187.5
7.157894736842105,2.894736842105263,228.125
7.157894736842105,2.894736842105263,268.75
7.157894736842105,2.894736842105263,309.375
7.157894736842105,2.894736842105263,350.0
7.157894736842105,2.894736842105263,390.625
7.157894736842105,2.894736842105263,431.25
7.157894736842105,2.894736842105263,471.875
7.157894736842105,2.894736842105263,512.5
7.157894736842105,2.894736842105263,553.125
7.157894736842105,2.894736842105263,593.75
7.157894736842105,2.894736842105263,634.375
7.157894736842105,2.894736842105263,675.0
7.157894736842105,2.894736842105263,715.625
7.157894736842105,2.894736842105263,756.25
7.157894736842105,2.894736842105263,796.875
7.157894736842105,2.894736842105263,837.5
7.157894736842105,2.894736842105263,878.125
7.157894736842105,2.894736842105263,918.75
7.157894736842105,2.894736842105263,959.375
7.157894736842105,2.894736842105263,1000.0
7.157894736842105,3.3684210526315788,25.0
7.157894736842105,3.3684210526315788,65.625
7.157894736842105,3.3684210526315788,106.25
7.157894736842105,3.3684210526315788,146.875
7.157894736842105,3.3684210526315788,187.5
7.157894736842105,3.3684210526315788,228.125
7.157894736842105,3.3684210526315788,268.75
7.157894736842105,3.3684210526315788,309.375
7.157894736842105,3.3684210526315788,350.0
7.157894736842105,3.3684210526315788,390.625
7.157894736842105,3.3684210526315788,431.25
7.157894736842105,3.3684210526315788,471.875
7.157894736842105,3.3684210526315788,512.5
7.157894736842105,3.3684210526315788,553.125
7.157894736842105,3.3684210526315788,593.75
7.157894736842105,3.3684210526315788,634.375
7.157894736842105,3.3684210526315788,675.0
7.157894736842105,3.3684210526315788,715.625
7.157894736842105,3.3684210526315788,756.25
7.157894736842105,3.3684210526315788,796.875
7.157894736842105,3.3684210526315788,837.5
7.157894736842105,3.3684210526315788,878.125
7.157894736842105,3.3684210526315788,918.75
7.157894736842105,3.3684210526315788,959.375
7.157894736842105,3.3684210526315788,1000.0
7.157894736842105,3.8421052631578947,25.0
7.157894736842105,3.8421052631578947,65.625
7.157894736842105,3.8421052631578947,106.25
7.157894736842105,3.8421052631578947,146.875
7.157894736842105,3.8421052631578947,187.5
7.157894736842105,3.8421052631578947,228.125
7.157894736842105,3.8421052631578947,268.75
7.157894736842105,3.8421052631578947,309.375
7.157894736842105,3.8421052631578947,350.0
7.157894736842105,3.8421052631578947,390.625
7.157894736842105,3.8421052631578947,431.25
7.157894736842105,3.8421052631578947,471.875
7.157894736842105,3.8421052631578947,512.5
7.157894736842105,3.8421052631578947,553.125
7.157894736842105,3.8421052631578947,593.75
7.157894736842105,3.8421052631578947,634.375
7.157894736842105,3.8421052631578947,675.0
7.157894736842105,3.8421052631578947,715.625
7.157894736842105,3.8421052631578947,756.25
7.157894736842105,3.8421052631578947,796.875
7.157894736842105,3.8421052631578947,837.5
7.157894736842105,3.8421052631578947,878.125
7.157894736842105,3.8421052631578947,918.75
7.157894736842105,3.8421052631578947,959.375
7.157894736842105,3.8421052631578947,1000.0
7.157894736842105,4.315789473684211,25.0
7.157894736842105,4.315789473684211,65.625
7.157894736842105,4.315789473684211,106.25
7.157894736842105,4.315789473684211,146.875
7.157894736842105,4.315789473684211,187.5
7.157894736842105,4.315789473684211,228.125
7.157894736842105,4.315789473684211,268.75
7.157894736842105,4.315789473684211,309.375
7.157894736842105,4.315789473684211,350.0
7.157894736842105,4.315789473684211,390.625
7.157894736842105,4.315789473684211,431.25
7.157894736842105,4.315789473684211,471.875
7.157894736842105,4.315789473684211,512.5
7.157894736842105,4.315789473684211,553.125
7.157894736842105,4.315789473684211,593.75
7.157894736842105,4.315789473684211,634.375
7.157894736842105,4.315789473684211,675.0
7.157894736842105,4.315789473684211,715.625
7.157894736842105,4.315789473684211,756.25
7.157894736842105,4.315789473684211,796.875
7.157894736842105,4.315789473684211,837.5
7.157894736842105,4.315789473684211,878.125
7.157894736842105,4.315789473684211,918.75
7.157894736842105,4.315789473684211,959.375
7.157894736842105,4.315789473684211,1000.0
7.157894736842105,4.789473684210526,25.0
7.157894736842105,4.789473684210526,65.625
7.157894736842105,4.789473684210526,106.25
7.157894736842105,4.789473684210526,146.875
7.157894736842105,4.789473684210526,187.5
7.157894736842105,4.789473684210526,228.125
7.157894736842105,4.789473684210526,268.75
7.157894736842105,4.789473684210526,309.375
7.157894736842105,4.789473684210526,350.0
7.157894736842105,4.789473684210526,390.625
7.157894736842105,4.789473684210526,431.25
7.157894736842105,4.789473684210526,471.875
7.157894736842105,4.789473684210526,512.5
7.157894736842105,4.789473684210526,553.125
7.157894736842105,4.789473684210526,593.75
7.157894736842105,4.789473684210526,634.375
7.157894736842105,4.789473684210526,675.0
7.157894736842105,4.789473684210526,715.625
7.157894736842105,4.789473684210526,756.25
7.157894736842105,4.789473684210526,796.875
7.157894736842105,4.789473684210526,837.5
7.157894736842105,4.789473684210526,878.125
7.157894736842105,4.789473684210526,918.75
7.157894736842105,4.789473684210526,959.375
7.157894736842105,4.789473684210526,1000.0
7.157894736842105,5.263157894736842,25.0
7.157894736842105,5.263157894736842,65.625
7.157894736842105,5.263157894736842,106.25
7.157894736842105,5.263157894736842,146.875
7.157894736842105,5.263157894736842,187.5
7.157894736842105,5.263157894736842,228.125
7.157894736842105,5.263157894736842,268.75
7.157894736842105,5.263157894736842,309.375
7.157894736842105,5.263157894736842,350.0
7.157894736842105,5.263157894736842,390.625
7.157894736842105,5.263157894736842,431.25
7.157894736842105,5.263157894736842,471.875
7.157894736842105,5.263157894736842,512.5
7.157894736842105,5.263157894736842,553.125
7.157894736842105,5.263157894736842,593.75
7.157894736842105,5.263157894736842,634.375
7.157894736842105,5.263157894736842,675.0
7.157894736842105,5.263157894736842,715.625
7.157894736842105,5.263157894736842,756.25
7.157894736842105,5.263157894736842,796.875
7.157894736842105,5.263157894736842,837.5
7.157894736842105,5.263157894736842,878.125
7.157894736842105,5.263157894736842,918.75
7.157894736842105,5.263157894736842,959.375
7.157894736842105,5.263157894736842,1000.0
7.157894736842105,5.7368421052631575,25.0
7.157894736842105,5.7368421052631575,65.625
7.157894736842105,5.7368421052631575,106.25
7.157894736842105,5.7368421052631575,146.875
7.157894736842105,5.7368421052631575,187.5
7.157894736842105,5.7368421052631575,228.125
7.157894736842105,5.7368421052631575,268.75
7.157894736842105,5.7368421052631575,309.375
7.157894736842105,5.7368421052631575,350.0
7.157894736842105,5.7368421052631575,390.625
7.157894736842105,5.7368421052631575,431.25
7.157894736842105,5.7368421052631575,471.875
7.157894736842105,5.7368421052631575,512.5
7.157894736842105,5.7368421052631575,553.125
7.157894736842105,5.7368421052631575,593.75
7.157894736842105,5.7368421052631575,634.375
7.157894736842105,5.7368421052631575,675.0
7.157894736842105,5.7368421052631575,715.625
7.157894736842105,5.7368421052631575,756.25
7.157894736842105,5.7368421052631575,796.875
7.157894736842105,5.7368421052631575,837.5
7.157894736842105,5.7368421052631575,878.125
7.157894736842105,5.7368421052631575,918.75
7.157894736842105,5.7368421052631575,959.375
7.157894736842105,5.7368421052631575,1000.0
7.157894736842105,6.2105263157894735,25.0
7.157894736842105,6.2105263157894735,65.625
7.157894736842105,6.2105263157894735,106.25
7.157894736842105,6.2105263157894735,146.875
7.157894736842105,6.2105263157894735,187.5
7.157894736842105,6.2105263157894735,228.125
7.157894736842105,6.2105263157894735,268.75
7.157894736842105,6.2105263157894735,309.375
7.157894736842105,6.2105263157894735,350.0
7.157894736842105,6.2105263157894735,390.625
7.157894736842105,6.2105263157894735,431.25
7.157894736842105,6.2105263157894735,471.875
7.157894736842105,6.2105263157894735,512.5
7.157894736842105,6.2105263157894735,553.125
7.157894736842105,6.2105263157894735,593.75
7.157894736842105,6.2105263157894735,634.375
7.157894736842105,6.2105263157894735,675.0
7.157894736842105,6.2105263157894735,715.625
7.157894736842105,6.2105263157894735,756.25
7.157894736842105,6.2105263157894735,796.875
7.157894736842105,6.2105263157894735,837.5
7.157894736842105,6.2105263157894735,878.125
7.157894736842105,6.2105263157894735,918.75
7.157894736842105,6.2105263157894735,959.375
7.157894736842105,6.2105263157894735,1000.0
7.157894736842105,6.684210526315789,25.0
7.157894736842105,6.684210526315789,65.625
7.157894736842105,6.684210526315789,106.25
7.157894736842105,6.684210526315789,146.875
7.157894736842105,6.684210526315789,187.5
7.157894736842105,6.684210526315789,228.125
7.157894736842105,6.684210526315789,268.75
7.157894736842105,6.684210526315789,309.375
7.157894736842105,6.684210526315789,350.0
7.157894736842105,6.684210526315789,390.625
7.157894736842105,6.684210526315789,431.25
7.157894736842105,6.684210526315789,471.875
7.157894736842105,6.684210526315789,512.5
7.157894736842105,6.684210526315789,553.125
7.157894736842105,6.684210526315789,593.75
7.157894736842105,6.684210526315789,634.375
7.157894736842105,6.684210526315789,675.0
7.157894736842105,6.684210526315789,715.625
7.157894736842105,6.684210526315789,756.25
7.157894736842105,6.684210526315789,796.875
7.157894736842105,6.684210526315789,837.5
7.157894736842105,6.684210526315789,878.125
7.157894736842105,6.684210526315789,918.75
7.157894736842105,6.684210526315789,959.375
7.157894736842105,6.684210526315789,1000.0
7.157894736842105,7.157894736842105,25.0
7.157894736842105,7.157894736842105,65.625
7.157894736842105,7.157894736842105,106.25
7.157894736842105,7.157894736842105,146.875
7.157894736842105,7.157894736842105,187.5
7.157894736842105,7.157894736842105,228.125
7.157894736842105,7.157894736842105,268.75
7.157894736842105,7.157894736842105,309.375
7.157894736842105,7.157894736842105,350.0
7.157894736842105,7.157894736842105,390.625
7.157894736842105,7.157894736842105,431.25
7.157894736842105,7.157894736842105,471.875
7.157894736842105,7.157894736842105,512.5
7.157894736842105,7.157894736842105,553.125
7.157894736842105,7.157894736842105,593.75
7.157894736842105,7.157894736842105,634.375
7.157894736842105,7.157894736842105,675.0
7.157894736842105,7.157894736842105,715.625
7.157894736842105,7.157894736842105,756.25
7.157894736842105,7.157894736842105,796.875
7.157894736842105,7.157894736842105,837.5
7.157894736842105,7.157894736842105,878.125
7.157894736842105,7.157894736842105,918.75
7.157894736842105,7.157894736842105,959.375
7.157894736842105,7.157894736842105,1000.0
7.157894736842105,7.63157894736842,25.0
7.157894736842105,7.63157894736842,65.625
7.157894736842105,7.63157894736842,106.25
7.157894736842105,7.63157894736842,146.875
7.157894736842105,7.63157894736842,187.5
7.157894736842105,7.63157894736842,228.125
7.157894736842105,7.63157894736842,268.75
7.157894736842105,7.63157894736842,309.375
7.157894736842105,7.63157894736842,350.0
7.157894736842105,7.63157894736842,390.625
7.157894736842105,7.63157894736842,431.25
7.157894736842105,7.63157894736842,471.875
7.157894736842105,7.63157894736842,512.5
7.157894736842105,7.63157894736842,553.125
7.157894736842105,7.63157894736842,593.75
7.157894736842105,7.63157894736842,634.375
7.157894736842105,7.63157894736842,675.0
7.157894736842105,7.63157894736842,715.625
7.157894736842105,7.63157894736842,756.25
7.157894736842105,7.63157894736842,796.875
7.157894736842105,7.63157894736842,837.5
7.157894736842105,7.63157894736842,878.125
7.157894736842105,7.63157894736842,918.75
7.157894736842105,7.63157894736842,959.375
7.157894736842105,7.63157894736842,1000.0
7.157894736842105,8.105263157894736,25.0
7.157894736842105,8.105263157894736,65.625
7.157894736842105,8.105263157894736,106.25
7.157894736842105,8.105263157894736,146.875
7.157894736842105,8.105263157894736,187.5
7.157894736842105,8.105263157894736,228.125
7.157894736842105,8.105263157894736,268.75
7.157894736842105,8.105263157894736,309.375
7.157894736842105,8.105263157894736,350.0
7.157894736842105,8.105263157894736,390.625
7.157894736842105,8.105263157894736,431.25
7.157894736842105,8.105263157894736,471.875
7.157894736842105,8.105263157894736,512.5
7.157894736842105,8.105263157894736,553.125
7.157894736842105,8.105263157894736,593.75
7.157894736842105,8.105263157894736,634.375
7.157894736842105,8.105263157894736,675.0
7.157894736842105,8.105263157894736,715.625
7.157894736842105,8.105263157894736,756.25
7.157894736842105,8.105263157894736,796.875
7.157894736842105,8.105263157894736,837.5
7.157894736842105,8.105263157894736,878.125
7.157894736842105,8.105263157894736,918.75
7.157894736842105,8.105263157894736,959.375
7.157894736842105,8.105263157894736,1000.0
7.157894736842105,8.578947368421051,25.0
7.157894736842105,8.578947368421051,65.625
7.157894736842105,8.578947368421051,106.25
7.157894736842105,8.578947368421051,146.875
7.157894736842105,8.578947368421051,187.5
7.157894736842105,8.578947368421051,228.125
7.157894736842105,8.578947368421051,268.75
7.157894736842105,8.578947368421051,309.375
7.157894736842105,8.578947368421051,350.0
7.157894736842105,8.578947368421051,390.625
7.157894736842105,8.578947368421051,431.25
7.157894736842105,8.578947368421051,471.875
7.157894736842105,8.578947368421051,512.5
7.157894736842105,8.578947368421051,553.125
7.157894736842105,8.578947368421051,593.75
7.157894736842105,8.578947368421051,634.375
7.157894736842105,8.578947368421051,675.0
7.157894736842105,8.578947368421051,715.625
7.157894736842105,8.578947368421051,756.25
7.157894736842105,8.578947368421051,796.875
7.157894736842105,8.578947368421051,837.5
7.157894736842105,8.578947368421051,878.125
7.157894736842105,8.578947368421051,918.75
7.157894736842105,8.578947368421051,959.375
7.157894736842105,8.578947368421051,1000.0
7.157894736842105,9.052631578947368,25.0
7.157894736842105,9.052631578947368,65.625
7.157894736842105,9.052631578947368,106.25
7.157894736842105,9.052631578947368,146.875
7.157894736842105,9.052631578947368,187.5
7.157894736842105,9.052631578947368,228.125
7.157894736842105,9.052631578947368,268.75
7.157894736842105,9.052631578947368,309.375
7.157894736842105,9.052631578947368,350.0
7.157894736842105,9.052631578947368,390.625
7.157894736842105,9.052631578947368,431.25
7.157894736842105,9.052631578947368,471.875
7.157894736842105,9.052631578947368,512.5
7.157894736842105,9.052631578947368,553.125
7.157894736842105,9.052631578947368,593.75
7.157894736842105,9.052631578947368,634.375
7.157894736842105,9.052631578947368,675.0
7.157894736842105,9.052631578947368,715.625
7.157894736842105,9.052631578947368,756.25
7.157894736842105,9.052631578947368,796.875
7.157894736842105,9.052631578947368,837.5
7.157894736842105,9.052631578947368,878.125
7.157894736842105,9.052631578947368,918.75
7.157894736842105,9.052631578947368,959.375
7.157894736842105,9.052631578947368,1000.0
7.157894736842105,9.526315789473683,25.0
7.157894736842105,9.526315789473683,65.625
7.157894736842105,9.526315789473683,106.25
7.157894736842105,9.526315789473683,146.875
7.157894736842105,9.526315789473683,187.5
7.157894736842105,9.526315789473683,228.125
7.157894736842105,9.526315789473683,268.75
7.157894736842105,9.526315789473683,309.375
7.157894736842105,9.526315789473683,350.0
7.157894736842105,9.526315789473683,390.625
7.157894736842105,9.526315789473683,431.25
7.157894736842105,9.526315789473683,471.875
7.157894736842105,9.526315789473683,512.5
7.157894736842105,9.526315789473683,553.125
7.157894736842105,9.526315789473683,593.75
7.157894736842105,9.526315789473683,634.375
7.157894736842105,9.526315789473683,675.0
7.157894736842105,9.526315789473683,715.625
7.157894736842105,9.526315789473683,756.25
7.157894736842105,9.526315789473683,796.875
7.157894736842105,9.526315789473683,837.5
7.157894736842105,9.526315789473683,878.125
7.157894736842105,9.526315789473683,918.75
7.157894736842105,9.526315789473683,959.375
7.157894736842105,9.526315789473683,1000.0
7.157894736842105,10.0,25.0
7.157894736842105,10.0,65.625
7.157894736842105,10.0,106.25
7.157894736842105,10.0,146.875
7.157894736842105,10.0,187.5
7.157894736842105,10.0,228.125
7.157894736842105,10.0,268.75
7.157894736842105,10.0,309.375
7.157894736842105,10.0,350.0
7.157894736842105,10.0,390.625
7.157894736842105,10.0,431.25
7.157894736842105,10.0,471.875
7.157894736842105,10.0,512.5
7.157894736842105,10.0,553.125
7.157894736842105,10.0,593.75
7.157894736842105,10.0,634.375
7.157894736842105,10.0,675.0
7.157894736842105,10.0,715.625
7.157894736842105,10.0,756.25
7.157894736842105,10.0,796.875
7.157894736842105,10.0,837.5
7.157894736842105,10.0,878.125
7.157894736842105,10.0,918.75
7.157894736842105,10.0,959.375
7.157894736842105,10.0,1000.0
7.63157894736842,1.0,25.0
7.63157894736842,1.0,65.625
7.63157894736842,1.0,106.25
7.63157894736842,1.0,146.875
7.63157894736842,1.0,187.5
7.63157894736842,1.0,228.125
7.63157894736842,1.0,268.75
7.63157894736842,1.0,309.375
7.63157894736842,1.0,350.0
7.63157894736842,1.0,390.625
7.63157894736842,1.0,431.25
7.63157894736842,1.0,471.875
7.63157894736842,1.0,512.5
7.63157894736842,1.0,553.125
7.63157894736842,1.0,593.75
7.63157894736842,1.0,634.375
7.63157894736842,1.0,675.0
7.63157894736842,1.0,715.625
7.63157894736842,1.0,756.25
7.63157894736842,1.0,796.875
7.63157894736842,1.0,837.5
7.63157894736842,1.0,878.125
7.63157894736842,1.0,918.75
7.63157894736842,1.0,959.375
7.63157894736842,1.0,1000.0
7.63157894736842,1.4736842105263157,25.0
7.63157894736842,1.4736842105263157,65.625
7.63157894736842,1.4736842105263157,106.25
7.63157894736842,1.4736842105263157,146.875
7.63157894736842,1.4736842105263157,187.5
7.63157894736842,1.4736842105263157,228.125
7.63157894736842,1.4736842105263157,268.75
7.63157894736842,1.4736842105263157,309.375
7.63157894736842,1.4736842105263157,350.0
7.63157894736842,1.4736842105263157,390.625
7.63157894736842,1.4736842105263157,431.25
7.63157894736842,1.4736842105263157,471.875
7.63157894736842,1.4736842105263157,512.5
7.63157894736842,1.4736842105263157,553.125
7.63157894736842,1.4736842105263157,593.75
7.63157894736842,1.4736842105263157,634.375
7.63157894736842,1.4736842105263157,675.0
7.63157894736842,1.4736842105263157,715.625
7.63157894736842,1.4736842105263157,756.25
7.63157894736842,1.4736842105263157,796.875
7.63157894736842,1.4736842105263157,837.5
7.63157894736842,1.4736842105263157,878.125
7.63157894736842,1.4736842105263157,918.75
7.63157894736842,1.4736842105263157,959.375
7.63157894736842,1.4736842105263157,1000.0
7.63157894736842,1.9473684210526314,25.0
7.63157894736842,1.9473684210526314,65.625
7.63157894736842,1.9473684210526314,106.25
7.63157894736842,1.9473684210526314,146.875
7.63157894736842,1.9473684210526314,187.5
7.63157894736842,1.9473684210526314,228.125
7.63157894736842,1.9473684210526314,268.75
7.63157894736842,1.9473684210526314,309.375
7.63157894736842,1.9473684210526314,350.0
7.63157894736842,1.9473684210526314,390.625
7.63157894736842,1.9473684210526314,431.25
7.63157894736842,1.9473684210526314,471.875
7.63157894736842,1.9473684210526314,512.5
7.63157894736842,1.9473684210526314,553.125
7.63157894736842,1.9473684210526314,593.75
7.63157894736842,1.9473684210526314,634.375
7.63157894736842,1.9473684210526314,675.0
7.63157894736842,1.9473684210526314,715.625
7.63157894736842,1.9473684210526314,756.25
7.63157894736842,1.9473684210526314,796.875
7.63157894736842,1.9473684210526314,837.5
7.63157894736842,1.9473684210526314,878.125
7.63157894736842,1.9473684210526314,918.75
7.63157894736842,1.9473684210526314,959.375
7.63157894736842,1.9473684210526314,1000.0
7.63157894736842,2.4210526315789473,25.0
7.63157894736842,2.4210526315789473,65.625
7.63157894736842,2.4210526315789473,106.25
7.63157894736842,2.4210526315789473,146.875
7.63157894736842,2.4210526315789473,187.5
7.63157894736842,2.4210526315789473,228.125
7.63157894736842,2.4210526315789473,268.75
7.63157894736842,2.4210526315789473,309.375
7.63157894736842,2.4210526315789473,350.0
7.63157894736842,2.4210526315789473,390.625
7.63157894736842,2.4210526315789473,431.25
7.63157894736842,2.4210526315789473,471.875
7.63157894736842,2.4210526315789473,512.5
7.63157894736842,2.4210526315789473,553.125
7.63157894736842,2.4210526315789473,593.75
7.63157894736842,2.4210526315789473,634.375
7.63157894736842,2.4210526315789473,675.0
7.63157894736842,2.4210526315789473,715.625
7.63157894736842,2.4210526315789473,756.25
7.63157894736842,2.4210526315789473,796.875
7.63157894736842,2.4210526315789473,837.5
7.63157894736842,2.4210526315789473,878.125
7.63157894736842,2.4210526315789473,918.75
7.63157894736842,2.4210526315789473,959.375
7.63157894736842,2.4210526315789473,1000.0
7.63157894736842,2.894736842105263,25.0
7.63157894736842,2.894736842105263,65.625
7.63157894736842,2.894736842105263,106.25
7.63157894736842,2.894736842105263,146.875
7.63157894736842,2.894736842105263,187.5
7.63157894736842,2.894736842105263,228.125
7.63157894736842,2.894736842105263,268.75
7.63157894736842,2.894736842105263,309.375
7.63157894736842,2.894736842105263,350.0
7.63157894736842,2.894736842105263,390.625
7.63157894736842,2.894736842105263,431.25
7.63157894736842,2.894736842105263,471.875
7.63157894736842,2.894736842105263,512.5
7.63157894736842,2.894736842105263,553.125
7.63157894736842,2.894736842105263,593.75
7.63157894736842,2.894736842105263,634.375
7.63157894736842,2.894736842105263,675.0
7.63157894736842,2.894736842105263,715.625
7.63157894736842,2.894736842105263,756.25
7.63157894736842,2.894736842105263,796.875
7.63157894736842,2.894736842105263,837.5
7.63157894736842,2.894736842105263,878.125
7.63157894736842,2.894736842105263,918.75
7.63157894736842,2.894736842105263,959.375
7.63157894736842,2.894736842105263,1000.0
7.63157894736842,3.3684210526315788,25.0
7.63157894736842,3.3684210526315788,65.625
7.63157894736842,3.3684210526315788,106.25
7.63157894736842,3.3684210526315788,146.875
7.63157894736842,3.3684210526315788,187.5
7.63157894736842,3.3684210526315788,228.125
7.63157894736842,3.3684210526315788,268.75
7.63157894736842,3.3684210526315788,309.375
7.63157894736842,3.3684210526315788,350.0
7.63157894736842,3.3684210526315788,390.625
7.63157894736842,3.3684210526315788,431.25
7.63157894736842,3.3684210526315788,471.875
7.63157894736842,3.3684210526315788,512.5
7.63157894736842,3.3684210526315788,553.125
7.63157894736842,3.3684210526315788,593.75
7.63157894736842,3.3684210526315788,634.375
7.63157894736842,3.3684210526315788,675.0
7.63157894736842,3.3684210526315788,715.625
7.63157894736842,3.3684210526315788,756.25
7.63157894736842,3.3684210526315788,796.875
7.63157894736842,3.3684210526315788,837.5
7.63157894736842,3.3684210526315788,878.125
7.63157894736842,3.3684210526315788,918.75
7.63157894736842,3.3684210526315788,959.375
7.63157894736842,3.3684210526315788,1000.0
7.63157894736842,3.8421052631578947,25.0
7.63157894736842,3.8421052631578947,65.625
7.63157894736842,3.8421052631578947,106.25
7.63157894736842,3.8421052631578947,146.875
7.63157894736842,3.8421052631578947,187.5
7.63157894736842,3.8421052631578947,228.125
7.63157894736842,3.8421052631578947,268.75
7.63157894736842,3.8421052631578947,309.375
7.63157894736842,3.8421052631578947,350.0
7.63157894736842,3.8421052631578947,390.625
7.63157894736842,3.8421052631578947,431.25
7.63157894736842,3.8421052631578947,471.875
7.63157894736842,3.8421052631578947,512.5
7.63157894736842,3.8421052631578947,553.125
7.63157894736842,3.8421052631578947,593.75
7.63157894736842,3.8421052631578947,634.375
7.63157894736842,3.8421052631578947,675.0
7.63157894736842,3.8421052631578947,715.625
7.63157894736842,3.8421052631578947,756.25
7.63157894736842,3.8421052631578947,796.875
7.63157894736842,3.8421052631578947,837.5
7.63157894736842,3.8421052631578947,878.125
7.63157894736842,3.8421052631578947,918.75
7.63157894736842,3.8421052631578947,959.375
7.63157894736842,3.8421052631578947,1000.0
7.63157894736842,4.315789473684211,25.0
7.63157894736842,4.315789473684211,65.625
7.63157894736842,4.315789473684211,106.25
7.63157894736842,4.315789473684211,146.875
7.63157894736842,4.315789473684211,187.5
7.63157894736842,4.315789473684211,228.125
7.63157894736842,4.315789473684211,268.75
7.63157894736842,4.315789473684211,309.375
7.63157894736842,4.315789473684211,350.0
7.63157894736842,4.315789473684211,390.625
7.63157894736842,4.315789473684211,431.25
7.63157894736842,4.315789473684211,471.875
7.63157894736842,4.315789473684211,512.5
7.63157894736842,4.315789473684211,553.125
7.63157894736842,4.315789473684211,593.75
7.63157894736842,4.315789473684211,634.375
7.63157894736842,4.315789473684211,675.0
7.63157894736842,4.315789473684211,715.625
7.63157894736842,4.315789473684211,756.25
7.63157894736842,4.315789473684211,796.875
7.63157894736842,4.315789473684211,837.5
7.63157894736842,4.315789473684211,878.125
7.63157894736842,4.315789473684211,918.75
7.63157894736842,4.315789473684211,959.375
7.63157894736842,4.315789473684211,1000.0
7.63157894736842,4.789473684210526,25.0
7.63157894736842,4.789473684210526,65.625
7.63157894736842,4.789473684210526,106.25
7.63157894736842,4.789473684210526,146.875
7.63157894736842,4.789473684210526,187.5
7.63157894736842,4.789473684210526,228.125
7.63157894736842,4.789473684210526,268.75
7.63157894736842,4.789473684210526,309.375
7.63157894736842,4.789473684210526,350.0
7.63157894736842,4.789473684210526,390.625
7.63157894736842,4.789473684210526,431.25
7.63157894736842,4.789473684210526,471.875
7.63157894736842,4.789473684210526,512.5
7.63157894736842,4.789473684210526,553.125
7.63157894736842,4.789473684210526,593.75
7.63157894736842,4.789473684210526,634.375
7.63157894736842,4.789473684210526,675.0
7.63157894736842,4.789473684210526,715.625
7.63157894736842,4.789473684210526,756.25
7.63157894736842,4.789473684210526,796.875
7.63157894736842,4.789473684210526,837.5
7.63157894736842,4.789473684210526,878.125
7.63157894736842,4.789473684210526,918.75
7.63157894736842,4.789473684210526,959.375
7.63157894736842,4.789473684210526,1000.0
7.63157894736842,5.263157894736842,25.0
7.63157894736842,5.263157894736842,65.625
7.63157894736842,5.263157894736842,106.25
7.63157894736842,5.263157894736842,146.875
7.63157894736842,5.263157894736842,187.5
7.63157894736842,5.263157894736842,228.125
7.63157894736842,5.263157894736842,268.75
7.63157894736842,5.263157894736842,309.375
7.63157894736842,5.263157894736842,350.0
7.63157894736842,5.263157894736842,390.625
7.63157894736842,5.263157894736842,431.25
7.63157894736842,5.263157894736842,471.875
7.63157894736842,5.263157894736842,512.5
7.63157894736842,5.263157894736842,553.125
7.63157894736842,5.263157894736842,593.75
7.63157894736842,5.263157894736842,634.375
7.63157894736842,5.263157894736842,675.0
7.63157894736842,5.263157894736842,715.625
7.63157894736842,5.263157894736842,756.25
7.63157894736842,5.263157894736842,796.875
7.63157894736842,5.263157894736842,837.5
7.63157894736842,5.263157894736842,878.125
7.63157894736842,5.263157894736842,918.75
7.63157894736842,5.263157894736842,959.375
7.63157894736842,5.263157894736842,1000.0
7.63157894736842,5.7368421052631575,25.0
7.63157894736842,5.7368421052631575,65.625
7.63157894736842,5.7368421052631575,106.25
7.63157894736842,5.7368421052631575,146.875
7.63157894736842,5.7368421052631575,187.5
7.63157894736842,5.7368421052631575,228.125
7.63157894736842,5.7368421052631575,268.75
7.63157894736842,5.7368421052631575,309.375
7.63157894736842,5.7368421052631575,350.0
7.63157894736842,5.7368421052631575,390.625
7.63157894736842,5.7368421052631575,431.25
7.63157894736842,5.7368421052631575,471.875
7.63157894736842,5.7368421052631575,512.5
7.63157894736842,5.7368421052631575,553.125
7.63157894736842,5.7368421052631575,593.75
7.63157894736842,5.7368421052631575,634.375
7.63157894736842,5.7368421052631575,675.0
7.63157894736842,5.7368421052631575,715.625
7.63157894736842,5.7368421052631575,756.25
7.63157894736842,5.7368421052631575,796.875
7.63157894736842,5.7368421052631575,837.5
7.63157894736842,5.7368421052631575,878.125
7.63157894736842,5.7368421052631575,918.75
7.63157894736842,5.7368421052631575,959.375
7.63157894736842,5.7368421052631575,1000.0
7.63157894736842,6.2105263157894735,25.0
7.63157894736842,6.2105263157894735,65.625
7.63157894736842,6.2105263157894735,106.25
7.63157894736842,6.2105263157894735,146.875
7.63157894736842,6.2105263157894735,187.5
7.63157894736842,6.2105263157894735,228.125
7.63157894736842,6.2105263157894735,268.75
7.63157894736842,6.2105263157894735,309.375
7.63157894736842,6.2105263157894735,350.0
7.63157894736842,6.2105263157894735,390.625
7.63157894736842,6.2105263157894735,431.25
7.63157894736842,6.2105263157894735,471.875
7.63157894736842,6.2105263157894735,512.5
7.63157894736842,6.2105263157894735,553.125
7.63157894736842,6.2105263157894735,593.75
7.63157894736842,6.2105263157894735,634.375
7.63157894736842,6.2105263157894735,675.0
7.63157894736842,6.2105263157894735,715.625
7.63157894736842,6.2105263157894735,756.25
7.63157894736842,6.2105263157894735,796.875
7.63157894736842,6.2105263157894735,837.5
7.63157894736842,6.2105263157894735,878.125
7.63157894736842,6.2105263157894735,918.75
7.63157894736842,6.2105263157894735,959.375
7.63157894736842,6.2105263157894735,1000.0
7.63157894736842,6.684210526315789,25.0
7.63157894736842,6.684210526315789,65.625
7.63157894736842,6.684210526315789,106.25
7.63157894736842,6.684210526315789,146.875
7.63157894736842,6.684210526315789,187.5
7.63157894736842,6.684210526315789,228.125
7.63157894736842,6.684210526315789,268.75
7.63157894736842,6.684210526315789,309.375
7.63157894736842,6.684210526315789,350.0
7.63157894736842,6.684210526315789,390.625
7.63157894736842,6.684210526315789,431.25
7.63157894736842,6.684210526315789,471.875
7.63157894736842,6.684210526315789,512.5
7.63157894736842,6.684210526315789,553.125
7.63157894736842,6.684210526315789,593.75
7.63157894736842,6.684210526315789,634.375
7.63157894736842,6.684210526315789,675.0
7.63157894736842,6.684210526315789,715.625
7.63157894736842,6.684210526315789,756.25
7.63157894736842,6.684210526315789,796.875
7.63157894736842,6.684210526315789,837.5
7.63157894736842,6.684210526315789,878.125
7.63157894736842,6.684210526315789,918.75
7.63157894736842,6.684210526315789,959.375
7.63157894736842,6.684210526315789,1000.0
7.63157894736842,7.157894736842105,25.0
7.63157894736842,7.157894736842105,65.625
7.63157894736842,7.157894736842105,106.25
7.63157894736842,7.157894736842105,146.875
7.63157894736842,7.157894736842105,187.5
7.63157894736842,7.157894736842105,228.125
7.63157894736842,7.157894736842105,268.75
7.63157894736842,7.157894736842105,309.375
7.63157894736842,7.157894736842105,350.0
7.63157894736842,7.157894736842105,390.625
7.63157894736842,7.157894736842105,431.25
7.63157894736842,7.157894736842105,471.875
7.63157894736842,7.157894736842105,512.5
7.63157894736842,7.157894736842105,553.125
7.63157894736842,7.157894736842105,593.75
7.63157894736842,7.157894736842105,634.375
7.63157894736842,7.157894736842105,675.0
7.63157894736842,7.157894736842105,715.625
7.63157894736842,7.157894736842105,756.25
7.63157894736842,7.157894736842105,796.875
7.63157894736842,7.157894736842105,837.5
7.63157894736842,7.157894736842105,878.125
7.63157894736842,7.157894736842105,918.75
7.63157894736842,7.157894736842105,959.375
7.63157894736842,7.157894736842105,1000.0
7.63157894736842,7.63157894736842,25.0
7.63157894736842,7.63157894736842,65.625
7.63157894736842,7.63157894736842,106.25
7.63157894736842,7.63157894736842,146.875
7.63157894736842,7.63157894736842,187.5
7.63157894736842,7.63157894736842,228.125
7.63157894736842,7.63157894736842,268.75
7.63157894736842,7.63157894736842,309.375
7.63157894736842,7.63157894736842,350.0
7.63157894736842,7.63157894736842,390.625
7.63157894736842,7.63157894736842,431.25
7.63157894736842,7.63157894736842,471.875
7.63157894736842,7.63157894736842,512.5
7.63157894736842,7.63157894736842,553.125
7.63157894736842,7.63157894736842,593.75
7.63157894736842,7.63157894736842,634.375
7.63157894736842,7.63157894736842,675.0
7.63157894736842,7.63157894736842,715.625
7.63157894736842,7.63157894736842,756.25
7.63157894736842,7.63157894736842,796.875
7.63157894736842,7.63157894736842,837.5
7.63157894736842,7.63157894736842,878.125
7.63157894736842,7.63157894736842,918.75
7.63157894736842,7.63157894736842,959.375
7.63157894736842,7.63157894736842,1000.0
7.63157894736842,8.105263157894736,25.0
7.63157894736842,8.105263157894736,65.625
7.63157894736842,8.105263157894736,106.25
7.63157894736842,8.105263157894736,146.875
7.63157894736842,8.105263157894736,187.5
7.63157894736842,8.105263157894736,228.125
7.63157894736842,8.105263157894736,268.75
7.63157894736842,8.105263157894736,309.375
7.63157894736842,8.105263157894736,350.0
7.63157894736842,8.105263157894736,390.625
7.63157894736842,8.105263157894736,431.25
7.63157894736842,8.105263157894736,471.875
7.63157894736842,8.105263157894736,512.5
7.63157894736842,8.105263157894736,553.125
7.63157894736842,8.105263157894736,593.75
7.63157894736842,8.105263157894736,634.375
7.63157894736842,8.105263157894736,675.0
7.63157894736842,8.105263157894736,715.625
7.63157894736842,8.105263157894736,756.25
7.63157894736842,8.105263157894736,796.875
7.63157894736842,8.105263157894736,837.5
7.63157894736842,8.105263157894736,878.125
7.63157894736842,8.105263157894736,918.75
7.63157894736842,8.105263157894736,959.375
7.63157894736842,8.105263157894736,1000.0
7.63157894736842,8.578947368421051,25.0
7.63157894736842,8.578947368421051,65.625
7.63157894736842,8.578947368421051,106.25
7.63157894736842,8.578947368421051,146.875
7.63157894736842,8.578947368421051,187.5
7.63157894736842,8.578947368421051,228.125
7.63157894736842,8.578947368421051,268.75
7.63157894736842,8.578947368421051,309.375
7.63157894736842,8.578947368421051,350.0
7.63157894736842,8.578947368421051,390.625
7.63157894736842,8.578947368421051,431.25
7.63157894736842,8.578947368421051,471.875
7.63157894736842,8.578947368421051,512.5
7.63157894736842,8.578947368421051,553.125
7.63157894736842,8.578947368421051,593.75
7.63157894736842,8.578947368421051,634.375
7.63157894736842,8.578947368421051,675.0
7.63157894736842,8.578947368421051,715.625
7.63157894736842,8.578947368421051,756.25
7.63157894736842,8.578947368421051,796.875
7.63157894736842,8.578947368421051,837.5
7.63157894736842,8.578947368421051,878.125
7.63157894736842,8.578947368421051,918.75
7.63157894736842,8.578947368421051,959.375
7.63157894736842,8.578947368421051,1000.0
7.63157894736842,9.052631578947368,25.0
7.63157894736842,9.052631578947368,65.625
7.63157894736842,9.052631578947368,106.25
7.63157894736842,9.052631578947368,146.875
7.63157894736842,9.052631578947368,187.5
7.63157894736842,9.052631578947368,228.125
7.63157894736842,9.052631578947368,268.75
7.63157894736842,9.052631578947368,309.375
7.63157894736842,9.052631578947368,350.0
7.63157894736842,9.052631578947368,390.625
7.63157894736842,9.052631578947368,431.25
7.63157894736842,9.052631578947368,471.875
7.63157894736842,9.052631578947368,512.5
7.63157894736842,9.052631578947368,553.125
7.63157894736842,9.052631578947368,593.75
7.63157894736842,9.052631578947368,634.375
7.63157894736842,9.052631578947368,675.0
7.63157894736842,9.052631578947368,715.625
7.63157894736842,9.052631578947368,756.25
7.63157894736842,9.052631578947368,796.875
7.63157894736842,9.052631578947368,837.5
7.63157894736842,9.052631578947368,878.125
7.63157894736842,9.052631578947368,918.75
7.63157894736842,9.052631578947368,959.375
7.63157894736842,9.052631578947368,1000.0
7.63157894736842,9.526315789473683,25.0
7.63157894736842,9.526315789473683,65.625
7.63157894736842,9.526315789473683,106.25
7.63157894736842,9.526315789473683,146.875
7.63157894736842,9.526315789473683,187.5
7.63157894736842,9.526315789473683,228.125
7.63157894736842,9.526315789473683,268.75
7.63157894736842,9.526315789473683,309.375
7.63157894736842,9.526315789473683,350.0
7.63157894736842,9.526315789473683,390.625
7.63157894736842,9.526315789473683,431.25
7.63157894736842,9.526315789473683,471.875
7.63157894736842,9.526315789473683,512.5
7.63157894736842,9.526315789473683,553.125
7.63157894736842,9.526315789473683,593.75
7.63157894736842,9.526315789473683,634.375
7.63157894736842,9.526315789473683,675.0
7.63157894736842,9.526315789473683,715.625
7.63157894736842,9.526315789473683,756.25
7.63157894736842,9.526315789473683,796.875
7.63157894736842,9.526315789473683,837.5
7.63157894736842,9.526315789473683,878.125
7.63157894736842,9.526315789473683,918.75
7.63157894736842,9.526315789473683,959.375
7.63157894736842,9.526315789473683,1000.0
7.63157894736842,10.0,25.0
7.63157894736842,10.0,65.625
7.63157894736842,10.0,106.25
7.63157894736842,10.0,146.875
7.63157894736842,10.0,187.5
7.63157894736842,10.0,228.125
7.63157894736842,10.0,268.75
7.63157894736842,10.0,309.375
7.63157894736842,10.0,350.0
7.63157894736842,10.0,390.625
7.63157894736842,10.0,431.25
7.63157894736842,10.0,471.875
7.63157894736842,10.0,512.5
7.63157894736842,10.0,553.125
7.63157894736842,10.0,593.75
7.63157894736842,10.0,634.375
7.63157894736842,10.0,675.0
7.63157894736842,10.0,715.625
7.63157894736842,10.0,756.25
7.63157894736842,10.0,796.875
7.63157894736842,10.0,837.5
7.63157894736842,10.0,878.125
7.63157894736842,10.0,918.75
7.63157894736842,10.0,959.375
7.63157894736842,10.0,1000.0
8.105263157894736,1.0,25.0
8.105263157894736,1.0,65.625
8.105263157894736,1.0,106.25
8.105263157894736,1.0,146.875
8.105263157894736,1.0,187.5
8.105263157894736,1.0,228.125
8.105263157894736,1.0,268.75
8.105263157894736,1.0,309.375
8.105263157894736,1.0,350.0
8.105263157894736,1.0,390.625
8.105263157894736,1.0,431.25
8.105263157894736,1.0,471.875
8.105263157894736,1.0,512.5
8.105263157894736,1.0,553.125
8.105263157894736,1.0,593.75
8.105263157894736,1.0,634.375
8.105263157894736,1.0,675.0
8.105263157894736,1.0,715.625
8.105263157894736,1.0,756.25
8.105263157894736,1.0,796.875
8.105263157894736,1.0,837.5
8.105263157894736,1.0,878.125
8.105263157894736,1.0,918.75
8.105263157894736,1.0,959.375
8.105263157894736,1.0,1000.0
8.105263157894736,1.4736842105263157,25.0
8.105263157894736,1.4736842105263157,65.625
8.105263157894736,1.4736842105263157,106.25
8.105263157894736,1.4736842105263157,146.875
8.105263157894736,1.4736842105263157,187.5
8.105263157894736,1.4736842105263157,228.125
8.105263157894736,1.4736842105263157,268.75
8.105263157894736,1.4736842105263157,309.375
8.105263157894736,1.4736842105263157,350.0
8.105263157894736,1.4736842105263157,390.625
8.105263157894736,1.4736842105263157,431.25
8.105263157894736,1.4736842105263157,471.875
8.105263157894736,1.4736842105263157,512.5
8.105263157894736,1.4736842105263157,553.125
8.105263157894736,1.4736842105263157,593.75
8.105263157894736,1.4736842105263157,634.375
8.105263157894736,1.4736842105263157,675.0
8.105263157894736,1.4736842105263157,715.625
8.105263157894736,1.4736842105263157,756.25
8.105263157894736,1.4736842105263157,796.875
8.105263157894736,1.4736842105263157,837.5
8.105263157894736,1.4736842105263157,878.125
8.105263157894736,1.4736842105263157,918.75
8.105263157894736,1.4736842105263157,959.375
8.105263157894736,1.4736842105263157,1000.0
8.105263157894736,1.9473684210526314,25.0
8.105263157894736,1.9473684210526314,65.625
8.105263157894736,1.9473684210526314,106.25
8.105263157894736,1.9473684210526314,146.875
8.105263157894736,1.9473684210526314,187.5
8.105263157894736,1.9473684210526314,228.125
8.105263157894736,1.9473684210526314,268.75
8.105263157894736,1.9473684210526314,309.375
8.105263157894736,1.9473684210526314,350.0
8.105263157894736,1.9473684210526314,390.625
8.105263157894736,1.9473684210526314,431.25
8.105263157894736,1.9473684210526314,471.875
8.105263157894736,1.9473684210526314,512.5
8.105263157894736,1.9473684210526314,553.125
8.105263157894736,1.9473684210526314,593.75
8.105263157894736,1.9473684210526314,634.375
8.105263157894736,1.9473684210526314,675.0
8.105263157894736,1.9473684210526314,715.625
8.105263157894736,1.9473684210526314,756.25
8.105263157894736,1.9473684210526314,796.875
8.105263157894736,1.9473684210526314,837.5
8.105263157894736,1.9473684210526314,878.125
8.105263157894736,1.9473684210526314,918.75
8.105263157894736,1.9473684210526314,959.375
8.105263157894736,1.9473684210526314,1000.0
8.105263157894736,2.4210526315789473,25.0
8.105263157894736,2.4210526315789473,65.625
8.105263157894736,2.4210526315789473,106.25
8.105263157894736,2.4210526315789473,146.875
8.105263157894736,2.4210526315789473,187.5
8.105263157894736,2.4210526315789473,228.125
8.105263157894736,2.4210526315789473,268.75
8.105263157894736,2.4210526315789473,309.375
8.105263157894736,2.4210526315789473,350.0
8.105263157894736,2.4210526315789473,390.625
8.105263157894736,2.4210526315789473,431.25
8.105263157894736,2.4210526315789473,471.875
8.105263157894736,2.4210526315789473,512.5
8.105263157894736,2.4210526315789473,553.125
8.105263157894736,2.4210526315789473,593.75
8.105263157894736,2.4210526315789473,634.375
8.105263157894736,2.4210526315789473,675.0
8.105263157894736,2.4210526315789473,715.625
8.105263157894736,2.4210526315789473,756.25
8.105263157894736,2.4210526315789473,796.875
8.105263157894736,2.4210526315789473,837.5
8.105263157894736,2.4210526315789473,878.125
8.105263157894736,2.4210526315789473,918.75
8.105263157894736,2.4210526315789473,959.375
8.105263157894736,2.4210526315789473,1000.0
8.105263157894736,2.894736842105263,25.0
8.105263157894736,2.894736842105263,65.625
8.105263157894736,2.894736842105263,106.25
8.105263157894736,2.894736842105263,146.875
8.105263157894736,2.894736842105263,187.5
8.105263157894736,2.894736842105263,228.125
8.105263157894736,2.894736842105263,268.75
8.105263157894736,2.894736842105263,309.375
8.105263157894736,2.894736842105263,350.0
8.105263157894736,2.894736842105263,390.625
8.105263157894736,2.894736842105263,431.25
8.105263157894736,2.894736842105263,471.875
8.105263157894736,2.894736842105263,512.5
8.105263157894736,2.894736842105263,553.125
8.105263157894736,2.894736842105263,593.75
8.105263157894736,2.894736842105263,634.375
8.105263157894736,2.894736842105263,675.0
8.105263157894736,2.894736842105263,715.625
8.105263157894736,2.894736842105263,756.25
8.105263157894736,2.894736842105263,796.875
8.105263157894736,2.894736842105263,837.5
8.105263157894736,2.894736842105263,878.125
8.105263157894736,2.894736842105263,918.75
8.105263157894736,2.894736842105263,959.375
8.105263157894736,2.894736842105263,1000.0
8.105263157894736,3.3684210526315788,25.0
8.105263157894736,3.3684210526315788,65.625
8.105263157894736,3.3684210526315788,106.25
8.105263157894736,3.3684210526315788,146.875
8.105263157894736,3.3684210526315788,187.5
8.105263157894736,3.3684210526315788,228.125
8.105263157894736,3.3684210526315788,268.75
8.105263157894736,3.3684210526315788,309.375
8.105263157894736,3.3684210526315788,350.0
8.105263157894736,3.3684210526315788,390.625
8.105263157894736,3.3684210526315788,431.25
8.105263157894736,3.3684210526315788,471.875
8.105263157894736,3.3684210526315788,512.5
8.105263157894736,3.3684210526315788,553.125
8.105263157894736,3.3684210526315788,593.75
8.105263157894736,3.3684210526315788,634.375
8.105263157894736,3.3684210526315788,675.0
8.105263157894736,3.3684210526315788,715.625
8.105263157894736,3.3684210526315788,756.25
8.105263157894736,3.3684210526315788,796.875
8.105263157894736,3.3684210526315788,837.5
8.105263157894736,3.3684210526315788,878.125
8.105263157894736,3.3684210526315788,918.75
8.105263157894736,3.3684210526315788,959.375
8.105263157894736,3.3684210526315788,1000.0
8.105263157894736,3.8421052631578947,25.0
8.105263157894736,3.8421052631578947,65.625
8.105263157894736,3.8421052631578947,106.25
8.105263157894736,3.8421052631578947,146.875
8.105263157894736,3.8421052631578947,187.5
8.105263157894736,3.8421052631578947,228.125
8.105263157894736,3.8421052631578947,268.75
8.105263157894736,3.8421052631578947,309.375
8.105263157894736,3.8421052631578947,350.0
8.105263157894736,3.8421052631578947,390.625
8.105263157894736,3.8421052631578947,431.25
8.105263157894736,3.8421052631578947,471.875
8.105263157894736,3.8421052631578947,512.5
8.105263157894736,3.8421052631578947,553.125
8.105263157894736,3.8421052631578947,593.75
8.105263157894736,3.8421052631578947,634.375
8.105263157894736,3.8421052631578947,675.0
8.105263157894736,3.8421052631578947,715.625
8.105263157894736,3.8421052631578947,756.25
8.105263157894736,3.8421052631578947,796.875
8.105263157894736,3.8421052631578947,837.5
8.105263157894736,3.8421052631578947,878.125
8.105263157894736,3.8421052631578947,918.75
8.105263157894736,3.8421052631578947,959.375
8.105263157894736,3.8421052631578947,1000.0
8.105263157894736,4.315789473684211,25.0
8.105263157894736,4.315789473684211,65.625
8.105263157894736,4.315789473684211,106.25
8.105263157894736,4.315789473684211,146.875
8.105263157894736,4.315789473684211,187.5
8.105263157894736,4.315789473684211,228.125
8.105263157894736,4.315789473684211,268.75
8.105263157894736,4.315789473684211,309.375
8.105263157894736,4.315789473684211,350.0
8.105263157894736,4.315789473684211,390.625
8.105263157894736,4.315789473684211,431.25
8.105263157894736,4.315789473684211,471.875
8.105263157894736,4.315789473684211,512.5
8.105263157894736,4.315789473684211,553.125
8.105263157894736,4.315789473684211,593.75
8.105263157894736,4.315789473684211,634.375
8.105263157894736,4.315789473684211,675.0
8.105263157894736,4.315789473684211,715.625
8.105263157894736,4.315789473684211,756.25
8.105263157894736,4.315789473684211,796.875
8.105263157894736,4.315789473684211,837.5
8.105263157894736,4.315789473684211,878.125
8.105263157894736,4.315789473684211,918.75
8.105263157894736,4.315789473684211,959.375
8.105263157894736,4.315789473684211,1000.0
8.105263157894736,4.789473684210526,25.0
8.105263157894736,4.789473684210526,65.625
8.105263157894736,4.789473684210526,106.25
8.105263157894736,4.789473684210526,146.875
8.105263157894736,4.789473684210526,187.5
8.105263157894736,4.789473684210526,228.125
8.105263157894736,4.789473684210526,268.75
8.105263157894736,4.789473684210526,309.375
8.105263157894736,4.789473684210526,350.0
8.105263157894736,4.789473684210526,390.625
8.105263157894736,4.789473684210526,431.25
8.105263157894736,4.789473684210526,471.875
8.105263157894736,4.789473684210526,512.5
8.105263157894736,4.789473684210526,553.125
8.105263157894736,4.789473684210526,593.75
8.105263157894736,4.789473684210526,634.375
8.105263157894736,4.789473684210526,675.0
8.105263157894736,4.789473684210526,715.625
8.105263157894736,4.789473684210526,756.25
8.105263157894736,4.789473684210526,796.875
8.105263157894736,4.789473684210526,837.5
8.105263157894736,4.789473684210526,878.125
8.105263157894736,4.789473684210526,918.75
8.105263157894736,4.789473684210526,959.375
8.105263157894736,4.789473684210526,1000.0
8.105263157894736,5.263157894736842,25.0
8.105263157894736,5.263157894736842,65.625
8.105263157894736,5.263157894736842,106.25
8.105263157894736,5.263157894736842,146.875
8.105263157894736,5.263157894736842,187.5
8.105263157894736,5.263157894736842,228.125
8.105263157894736,5.263157894736842,268.75
8.105263157894736,5.263157894736842,309.375
8.105263157894736,5.263157894736842,350.0
8.105263157894736,5.263157894736842,390.625
8.105263157894736,5.263157894736842,431.25
8.105263157894736,5.263157894736842,471.875
8.105263157894736,5.263157894736842,512.5
8.105263157894736,5.263157894736842,553.125
8.105263157894736,5.263157894736842,593.75
8.105263157894736,5.263157894736842,634.375
8.105263157894736,5.263157894736842,675.0
8.105263157894736,5.263157894736842,715.625
8.105263157894736,5.263157894736842,756.25
8.105263157894736,5.263157894736842,796.875
8.105263157894736,5.263157894736842,837.5
8.105263157894736,5.263157894736842,878.125
8.105263157894736,5.263157894736842,918.75
8.105263157894736,5.263157894736842,959.375
8.105263157894736,5.263157894736842,1000.0
8.105263157894736,5.7368421052631575,25.0
8.105263157894736,5.7368421052631575,65.625
8.105263157894736,5.7368421052631575,106.25
8.105263157894736,5.7368421052631575,146.875
8.105263157894736,5.7368421052631575,187.5
8.105263157894736,5.7368421052631575,228.125
8.105263157894736,5.7368421052631575,268.75
8.105263157894736,5.7368421052631575,309.375
8.105263157894736,5.7368421052631575,350.0
8.105263157894736,5.7368421052631575,390.625
8.105263157894736,5.7368421052631575,431.25
8.105263157894736,5.7368421052631575,471.875
8.105263157894736,5.7368421052631575,512.5
8.105263157894736,5.7368421052631575,553.125
8.105263157894736,5.7368421052631575,593.75
8.105263157894736,5.7368421052631575,634.375
8.105263157894736,5.7368421052631575,675.0
8.105263157894736,5.7368421052631575,715.625
8.105263157894736,5.7368421052631575,756.25
8.105263157894736,5.7368421052631575,796.875
8.105263157894736,5.7368421052631575,837.5
8.105263157894736,5.7368421052631575,878.125
8.105263157894736,5.7368421052631575,918.75
8.105263157894736,5.7368421052631575,959.375
8.105263157894736,5.7368421052631575,1000.0
8.105263157894736,6.2105263157894735,25.0
8.105263157894736,6.2105263157894735,65.625
8.105263157894736,6.2105263157894735,106.25
8.105263157894736,6.2105263157894735,146.875
8.105263157894736,6.2105263157894735,187.5
8.105263157894736,6.2105263157894735,228.125
8.105263157894736,6.2105263157894735,268.75
8.105263157894736,6.2105263157894735,309.375
8.105263157894736,6.2105263157894735,350.0
8.105263157894736,6.2105263157894735,390.625
8.105263157894736,6.2105263157894735,431.25
8.105263157894736,6.2105263157894735,471.875
8.105263157894736,6.2105263157894735,512.5
8.105263157894736,6.2105263157894735,553.125
8.105263157894736,6.2105263157894735,593.75
8.105263157894736,6.2105263157894735,634.375
8.105263157894736,6.2105263157894735,675.0
8.105263157894736,6.2105263157894735,715.625
8.105263157894736,6.2105263157894735,756.25
8.105263157894736,6.2105263157894735,796.875
8.105263157894736,6.2105263157894735,837.5
8.105263157894736,6.2105263157894735,878.125
8.105263157894736,6.2105263157894735,918.75
8.105263157894736,6.2105263157894735,959.375
8.105263157894736,6.2105263157894735,1000.0
8.105263157894736,6.684210526315789,25.0
8.105263157894736,6.684210526315789,65.625
8.105263157894736,6.684210526315789,106.25
8.105263157894736,6.684210526315789,146.875
8.105263157894736,6.684210526315789,187.5
8.105263157894736,6.684210526315789,228.125
8.105263157894736,6.684210526315789,268.75
8.105263157894736,6.684210526315789,309.375
8.105263157894736,6.684210526315789,350.0
8.105263157894736,6.684210526315789,390.625
8.105263157894736,6.684210526315789,431.25
8.105263157894736,6.684210526315789,471.875
8.105263157894736,6.684210526315789,512.5
8.105263157894736,6.684210526315789,553.125
8.105263157894736,6.684210526315789,593.75
8.105263157894736,6.684210526315789,634.375
8.105263157894736,6.684210526315789,675.0
8.105263157894736,6.684210526315789,715.625
8.105263157894736,6.684210526315789,756.25
8.105263157894736,6.684210526315789,796.875
8.105263157894736,6.684210526315789,837.5
8.105263157894736,6.684210526315789,878.125
8.105263157894736,6.684210526315789,918.75
8.105263157894736,6.684210526315789,959.375
8.105263157894736,6.684210526315789,1000.0
8.105263157894736,7.157894736842105,25.0
8.105263157894736,7.157894736842105,65.625
8.105263157894736,7.157894736842105,106.25
8.105263157894736,7.157894736842105,146.875
8.105263157894736,7.157894736842105,187.5
8.105263157894736,7.157894736842105,228.125
8.105263157894736,7.157894736842105,268.75
8.105263157894736,7.157894736842105,309.375
8.105263157894736,7.157894736842105,350.0
8.105263157894736,7.157894736842105,390.625
8.105263157894736,7.157894736842105,431.25
8.105263157894736,7.157894736842105,471.875
8.105263157894736,7.157894736842105,512.5
8.105263157894736,7.157894736842105,553.125
8.105263157894736,7.157894736842105,593.75
8.105263157894736,7.157894736842105,634.375
8.105263157894736,7.157894736842105,675.0
8.105263157894736,7.157894736842105,715.625
8.105263157894736,7.157894736842105,756.25
8.105263157894736,7.157894736842105,796.875
8.105263157894736,7.157894736842105,837.5
8.105263157894736,7.157894736842105,878.125
8.105263157894736,7.157894736842105,918.75
8.105263157894736,7.157894736842105,959.375
8.105263157894736,7.157894736842105,1000.0
8.105263157894736,7.63157894736842,25.0
8.105263157894736,7.63157894736842,65.625
8.105263157894736,7.63157894736842,106.25
8.105263157894736,7.63157894736842,146.875
8.105263157894736,7.63157894736842,187.5
8.105263157894736,7.63157894736842,228.125
8.105263157894736,7.63157894736842,268.75
8.105263157894736,7.63157894736842,309.375
8.105263157894736,7.63157894736842,350.0
8.105263157894736,7.63157894736842,390.625
8.105263157894736,7.63157894736842,431.25
8.105263157894736,7.63157894736842,471.875
8.105263157894736,7.63157894736842,512.5
8.105263157894736,7.63157894736842,553.125
8.105263157894736,7.63157894736842,593.75
8.105263157894736,7.63157894736842,634.375
8.105263157894736,7.63157894736842,675.0
8.105263157894736,7.63157894736842,715.625
8.105263157894736,7.63157894736842,756.25
8.105263157894736,7.63157894736842,796.875
8.105263157894736,7.63157894736842,837.5
8.105263157894736,7.63157894736842,878.125
8.105263157894736,7.63157894736842,918.75
8.105263157894736,7.63157894736842,959.375
8.105263157894736,7.63157894736842,1000.0
8.105263157894736,8.105263157894736,25.0
8.105263157894736,8.105263157894736,65.625
8.105263157894736,8.105263157894736,106.25
8.105263157894736,8.105263157894736,146.875
8.105263157894736,8.105263157894736,187.5
8.105263157894736,8.105263157894736,228.125
8.105263157894736,8.105263157894736,268.75
8.105263157894736,8.105263157894736,309.375
8.105263157894736,8.105263157894736,350.0
8.105263157894736,8.105263157894736,390.625
8.105263157894736,8.105263157894736,431.25
8.105263157894736,8.105263157894736,471.875
8.105263157894736,8.105263157894736,512.5
8.105263157894736,8.105263157894736,553.125
8.105263157894736,8.105263157894736,593.75
8.105263157894736,8.105263157894736,634.375
8.105263157894736,8.105263157894736,675.0
8.105263157894736,8.105263157894736,715.625
8.105263157894736,8.105263157894736,756.25
8.105263157894736,8.105263157894736,796.875
8.105263157894736,8.105263157894736,837.5
8.105263157894736,8.105263157894736,878.125
8.105263157894736,8.105263157894736,918.75
8.105263157894736,8.105263157894736,959.375
8.105263157894736,8.105263157894736,1000.0
8.105263157894736,8.578947368421051,25.0
8.105263157894736,8.578947368421051,65.625
8.105263157894736,8.578947368421051,106.25
8.105263157894736,8.578947368421051,146.875
8.105263157894736,8.578947368421051,187.5
8.105263157894736,8.578947368421051,228.125
8.105263157894736,8.578947368421051,268.75
8.105263157894736,8.578947368421051,309.375
8.105263157894736,8.578947368421051,350.0
8.105263157894736,8.578947368421051,390.625
8.105263157894736,8.578947368421051,431.25
8.105263157894736,8.578947368421051,471.875
8.105263157894736,8.578947368421051,512.5
8.105263157894736,8.578947368421051,553.125
8.105263157894736,8.578947368421051,593.75
8.105263157894736,8.578947368421051,634.375
8.105263157894736,8.578947368421051,675.0
8.105263157894736,8.578947368421051,715.625
8.105263157894736,8.578947368421051,756.25
8.105263157894736,8.578947368421051,796.875
8.105263157894736,8.578947368421051,837.5
8.105263157894736,8.578947368421051,878.125
8.105263157894736,8.578947368421051,918.75
8.105263157894736,8.578947368421051,959.375
8.105263157894736,8.578947368421051,1000.0
8.105263157894736,9.052631578947368,25.0
8.105263157894736,9.052631578947368,65.625
8.105263157894736,9.052631578947368,106.25
8.105263157894736,9.052631578947368,146.875
8.105263157894736,9.052631578947368,187.5
8.105263157894736,9.052631578947368,228.125
8.105263157894736,9.052631578947368,268.75
8.105263157894736,9.052631578947368,309.375
8.105263157894736,9.052631578947368,350.0
8.105263157894736,9.052631578947368,390.625
8.105263157894736,9.052631578947368,431.25
8.105263157894736,9.052631578947368,471.875
8.105263157894736,9.052631578947368,512.5
8.105263157894736,9.052631578947368,553.125
8.105263157894736,9.052631578947368,593.75
8.105263157894736,9.052631578947368,634.375
8.105263157894736,9.052631578947368,675.0
8.105263157894736,9.052631578947368,715.625
8.105263157894736,9.052631578947368,756.25
8.105263157894736,9.052631578947368,796.875
8.105263157894736,9.052631578947368,837.5
8.105263157894736,9.052631578947368,878.125
8.105263157894736,9.052631578947368,918.75
8.105263157894736,9.052631578947368,959.375
8.105263157894736,9.052631578947368,1000.0
8.105263157894736,9.526315789473683,25.0
8.105263157894736,9.526315789473683,65.625
8.105263157894736,9.526315789473683,106.25
8.105263157894736,9.526315789473683,146.875
8.105263157894736,9.526315789473683,187.5
8.105263157894736,9.526315789473683,228.125
8.105263157894736,9.526315789473683,268.75
8.105263157894736,9.526315789473683,309.375
8.105263157894736,9.526315789473683,350.0
8.105263157894736,9.526315789473683,390.625
8.105263157894736,9.526315789473683,431.25
8.105263157894736,9.526315789473683,471.875
8.105263157894736,9.526315789473683,512.5
8.105263157894736,9.526315789473683,553.125
8.105263157894736,9.526315789473683,593.75
8.105263157894736,9.526315789473683,634.375
8.105263157894736,9.526315789473683,675.0
8.105263157894736,9.526315789473683,715.625
8.105263157894736,9.526315789473683,756.25
8.105263157894736,9.526315789473683,796.875
8.105263157894736,9.526315789473683,837.5
8.105263157894736,9.526315789473683,878.125
8.105263157894736,9.526315789473683,918.75
8.105263157894736,9.526315789473683,959.375
8.105263157894736,9.526315789473683,1000.0
8.105263157894736,10.0,25.0
8.105263157894736,10.0,65.625
8.105263157894736,10.0,106.25
8.105263157894736,10.0,146.875
8.105263157894736,10.0,187.5
8.105263157894736,10.0,228.125
8.105263157894736,10.0,268.75
8.105263157894736,10.0,309.375
8.105263157894736,10.0,350.0
8.105263157894736,10.0,390.625
8.105263157894736,10.0,431.25
8.105263157894736,10.0,471.875
8.105263157894736,10.0,512.5
8.105263157894736,10.0,553.125
8.105263157894736,10.0,593.75
8.105263157894736,10.0,634.375
8.105263157894736,10.0,675.0
8.105263157894736,10.0,715.625
8.105263157894736,10.0,756.25
8.105263157894736,10.0,796.875
8.105263157894736,10.0,837.5
8.105263157894736,10.0,878.125
8.105263157894736,10.0,918.75
8.105263157894736,10.0,959.375
8.105263157894736,10.0,1000.0
8.578947368421051,1.0,25.0
8.578947368421051,1.0,65.625
8.578947368421051,1.0,106.25
8.578947368421051,1.0,146.875
8.578947368421051,1.0,187.5
8.578947368421051,1.0,228.125
8.578947368421051,1.0,268.75
8.578947368421051,1.0,309.375
8.578947368421051,1.0,350.0
8.578947368421051,1.0,390.625
8.578947368421051,1.0,431.25
8.578947368421051,1.0,471.875
8.578947368421051,1.0,512.5
8.578947368421051,1.0,553.125
8.578947368421051,1.0,593.75
8.578947368421051,1.0,634.375
8.578947368421051,1.0,675.0
8.578947368421051,1.0,715.625
8.578947368421051,1.0,756.25
8.578947368421051,1.0,796.875
8.578947368421051,1.0,837.5
8.578947368421051,1.0,878.125
8.578947368421051,1.0,918.75
8.578947368421051,1.0,959.375
8.578947368421051,1.0,1000.0
8.578947368421051,1.4736842105263157,25.0
8.578947368421051,1.4736842105263157,65.625
8.578947368421051,1.4736842105263157,106.25
8.578947368421051,1.4736842105263157,146.875
8.578947368421051,1.4736842105263157,187.5
8.578947368421051,1.4736842105263157,228.125
8.578947368421051,1.4736842105263157,268.75
8.578947368421051,1.4736842105263157,309.375
8.578947368421051,1.4736842105263157,350.0
8.578947368421051,1.4736842105263157,390.625
8.578947368421051,1.4736842105263157,431.25
8.578947368421051,1.4736842105263157,471.875
8.578947368421051,1.4736842105263157,512.5
8.578947368421051,1.4736842105263157,553.125
8.578947368421051,1.4736842105263157,593.75
8.578947368421051,1.4736842105263157,634.375
8.578947368421051,1.4736842105263157,675.0
8.578947368421051,1.4736842105263157,715.625
8.578947368421051,1.4736842105263157,756.25
8.578947368421051,1.4736842105263157,796.875
8.578947368421051,1.4736842105263157,837.5
8.578947368421051,1.4736842105263157,878.125
8.578947368421051,1.4736842105263157,918.75
8.578947368421051,1.4736842105263157,959.375
8.578947368421051,1.4736842105263157,1000.0
8.578947368421051,1.9473684210526314,25.0
8.578947368421051,1.9473684210526314,65.625
8.578947368421051,1.9473684210526314,106.25
8.578947368421051,1.9473684210526314,146.875
8.578947368421051,1.9473684210526314,187.5
8.578947368421051,1.9473684210526314,228.125
8.578947368421051,1.9473684210526314,268.75
8.578947368421051,1.9473684210526314,309.375
8.578947368421051,1.9473684210526314,350.0
8.578947368421051,1.9473684210526314,390.625
8.578947368421051,1.9473684210526314,431.25
8.578947368421051,1.9473684210526314,471.875
8.578947368421051,1.9473684210526314,512.5
8.578947368421051,1.9473684210526314,553.125
8.578947368421051,1.9473684210526314,593.75
8.578947368421051,1.9473684210526314,634.375
8.578947368421051,1.9473684210526314,675.0
8.578947368421051,1.9473684210526314,715.625
8.578947368421051,1.9473684210526314,756.25
8.578947368421051,1.9473684210526314,796.875
8.578947368421051,1.9473684210526314,837.5
8.578947368421051,1.9473684210526314,878.125
8.578947368421051,1.9473684210526314,918.75
8.578947368421051,1.9473684210526314,959.375
8.578947368421051,1.9473684210526314,1000.0
8.578947368421051,2.4210526315789473,25.0
8.578947368421051,2.4210526315789473,65.625
8.578947368421051,2.4210526315789473,106.25
8.578947368421051,2.4210526315789473,146.875
8.578947368421051,2.4210526315789473,187.5
8.578947368421051,2.4210526315789473,228.125
8.578947368421051,2.4210526315789473,268.75
8.578947368421051,2.4210526315789473,309.375
8.578947368421051,2.4210526315789473,350.0
8.578947368421051,2.4210526315789473,390.625
8.578947368421051,2.4210526315789473,431.25
8.578947368421051,2.4210526315789473,471.875
8.578947368421051,2.4210526315789473,512.5
8.578947368421051,2.4210526315789473,553.125
8.578947368421051,2.4210526315789473,593.75
8.578947368421051,2.4210526315789473,634.375
8.578947368421051,2.4210526315789473,675.0
8.578947368421051,2.4210526315789473,715.625
8.578947368421051,2.4210526315789473,756.25
8.578947368421051,2.4210526315789473,796.875
8.578947368421051,2.4210526315789473,837.5
8.578947368421051,2.4210526315789473,878.125
8.578947368421051,2.4210526315789473,918.75
8.578947368421051,2.4210526315789473,959.375
8.578947368421051,2.4210526315789473,1000.0
8.578947368421051,2.894736842105263,25.0
8.578947368421051,2.894736842105263,65.625
8.578947368421051,2.894736842105263,106.25
8.578947368421051,2.894736842105263,146.875
8.578947368421051,2.894736842105263,187.5
8.578947368421051,2.894736842105263,228.125
8.578947368421051,2.894736842105263,268.75
8.578947368421051,2.894736842105263,309.375
8.578947368421051,2.894736842105263,350.0
8.578947368421051,2.894736842105263,390.625
8.578947368421051,2.894736842105263,431.25
8.578947368421051,2.894736842105263,471.875
8.578947368421051,2.894736842105263,512.5
8.578947368421051,2.894736842105263,553.125
8.578947368421051,2.894736842105263,593.75
8.578947368421051,2.894736842105263,634.375
8.578947368421051,2.894736842105263,675.0
8.578947368421051,2.894736842105263,715.625
8.578947368421051,2.894736842105263,756.25
8.578947368421051,2.894736842105263,796.875
8.578947368421051,2.894736842105263,837.5
8.578947368421051,2.894736842105263,878.125
8.578947368421051,2.894736842105263,918.75
8.578947368421051,2.894736842105263,959.375
8.578947368421051,2.894736842105263,1000.0
8.578947368421051,3.3684210526315788,25.0
8.578947368421051,3.3684210526315788,65.625
8.578947368421051,3.3684210526315788,106.25
8.578947368421051,3.3684210526315788,146.875
8.578947368421051,3.3684210526315788,187.5
8.578947368421051,3.3684210526315788,228.125
8.578947368421051,3.3684210526315788,268.75
8.578947368421051,3.3684210526315788,309.375
8.578947368421051,3.3684210526315788,350.0
8.578947368421051,3.3684210526315788,390.625
8.578947368421051,3.3684210526315788,431.25
8.578947368421051,3.3684210526315788,471.875
8.578947368421051,3.3684210526315788,512.5
8.578947368421051,3.3684210526315788,553.125
8.578947368421051,3.3684210526315788,593.75
8.578947368421051,3.3684210526315788,634.375
8.578947368421051,3.3684210526315788,675.0
8.578947368421051,3.3684210526315788,715.625
8.578947368421051,3.3684210526315788,756.25
8.578947368421051,3.3684210526315788,796.875
8.578947368421051,3.3684210526315788,837.5
8.578947368421051,3.3684210526315788,878.125
8.578947368421051,3.3684210526315788,918.75
8.578947368421051,3.3684210526315788,959.375
8.578947368421051,3.3684210526315788,1000.0
8.578947368421051,3.8421052631578947,25.0
8.578947368421051,3.8421052631578947,65.625
8.578947368421051,3.8421052631578947,106.25
8.578947368421051,3.8421052631578947,146.875
8.578947368421051,3.8421052631578947,187.5
8.578947368421051,3.8421052631578947,228.125
8.578947368421051,3.8421052631578947,268.75
8.578947368421051,3.8421052631578947,309.375
8.578947368421051,3.8421052631578947,350.0
8.578947368421051,3.8421052631578947,390.625
8.578947368421051,3.8421052631578947,431.25
8.578947368421051,3.8421052631578947,471.875
8.578947368421051,3.8421052631578947,512.5
8.578947368421051,3.8421052631578947,553.125
8.578947368421051,3.8421052631578947,593.75
8.578947368421051,3.8421052631578947,634.375
8.578947368421051,3.8421052631578947,675.0
8.578947368421051,3.8421052631578947,715.625
8.578947368421051,3.8421052631578947,756.25
8.578947368421051,3.8421052631578947,796.875
8.578947368421051,3.8421052631578947,837.5
8.578947368421051,3.8421052631578947,878.125
8.578947368421051,3.8421052631578947,918.75
8.578947368421051,3.8421052631578947,959.375
8.578947368421051,3.8421052631578947,1000.0
8.578947368421051,4.315789473684211,25.0
8.578947368421051,4.315789473684211,65.625
8.578947368421051,4.315789473684211,106.25
8.578947368421051,4.315789473684211,146.875
8.578947368421051,4.315789473684211,187.5
8.578947368421051,4.315789473684211,228.125
8.578947368421051,4.315789473684211,268.75
8.578947368421051,4.315789473684211,309.375
8.578947368421051,4.315789473684211,350.0
8.578947368421051,4.315789473684211,390.625
8.578947368421051,4.315789473684211,431.25
8.578947368421051,4.315789473684211,471.875
8.578947368421051,4.315789473684211,512.5
8.578947368421051,4.315789473684211,553.125
8.578947368421051,4.315789473684211,593.75
8.578947368421051,4.315789473684211,634.375
8.578947368421051,4.315789473684211,675.0
8.578947368421051,4.315789473684211,715.625
8.578947368421051,4.315789473684211,756.25
8.578947368421051,4.315789473684211,796.875
8.578947368421051,4.315789473684211,837.5
8.578947368421051,4.315789473684211,878.125
8.578947368421051,4.315789473684211,918.75
8.578947368421051,4.315789473684211,959.375
8.578947368421051,4.315789473684211,1000.0
8.578947368421051,4.789473684210526,25.0
8.578947368421051,4.789473684210526,65.625
8.578947368421051,4.789473684210526,106.25
8.578947368421051,4.789473684210526,146.875
8.578947368421051,4.789473684210526,187.5
8.578947368421051,4.789473684210526,228.125
8.578947368421051,4.789473684210526,268.75
8.578947368421051,4.789473684210526,309.375
8.578947368421051,4.789473684210526,350.0
8.578947368421051,4.789473684210526,390.625
8.578947368421051,4.789473684210526,431.25
8.578947368421051,4.789473684210526,471.875
8.578947368421051,4.789473684210526,512.5
8.578947368421051,4.789473684210526,553.125
8.578947368421051,4.789473684210526,593.75
8.578947368421051,4.789473684210526,634.375
8.578947368421051,4.789473684210526,675.0
8.578947368421051,4.789473684210526,715.625
8.578947368421051,4.789473684210526,756.25
8.578947368421051,4.789473684210526,796.875
8.578947368421051,4.789473684210526,837.5
8.578947368421051,4.789473684210526,878.125
8.578947368421051,4.789473684210526,918.75
8.578947368421051,4.789473684210526,959.375
8.578947368421051,4.789473684210526,1000.0
8.578947368421051,5.263157894736842,25.0
8.578947368421051,5.263157894736842,65.625
8.578947368421051,5.263157894736842,106.25
8.578947368421051,5.263157894736842,146.875
8.578947368421051,5.263157894736842,187.5
8.578947368421051,5.263157894736842,228.125
8.578947368421051,5.263157894736842,268.75
8.578947368421051,5.263157894736842,309.375
8.578947368421051,5.263157894736842,350.0
8.578947368421051,5.263157894736842,390.625
8.578947368421051,5.263157894736842,431.25
8.578947368421051,5.263157894736842,471.875
8.578947368421051,5.263157894736842,512.5
8.578947368421051,5.263157894736842,553.125
8.578947368421051,5.263157894736842,593.75
8.578947368421051,5.263157894736842,634.375
8.578947368421051,5.263157894736842,675.0
8.578947368421051,5.263157894736842,715.625
8.578947368421051,5.263157894736842,756.25
8.578947368421051,5.263157894736842,796.875
8.578947368421051,5.263157894736842,837.5
8.578947368421051,5.263157894736842,878.125
8.578947368421051,5.263157894736842,918.75
8.578947368421051,5.263157894736842,959.375
8.578947368421051,5.263157894736842,1000.0
8.578947368421051,5.7368421052631575,25.0
8.578947368421051,5.7368421052631575,65.625
8.578947368421051,5.7368421052631575,106.25
8.578947368421051,5.7368421052631575,146.875
8.578947368421051,5.7368421052631575,187.5
8.578947368421051,5.7368421052631575,228.125
8.578947368421051,5.7368421052631575,268.75
8.578947368421051,5.7368421052631575,309.375
8.578947368421051,5.7368421052631575,350.0
8.578947368421051,5.7368421052631575,390.625
8.578947368421051,5.7368421052631575,431.25
8.578947368421051,5.7368421052631575,471.875
8.578947368421051,5.7368421052631575,512.5
8.578947368421051,5.7368421052631575,553.125
8.578947368421051,5.7368421052631575,593.75
8.578947368421051,5.7368421052631575,634.375
8.578947368421051,5.7368421052631575,675.0
8.578947368421051,5.7368421052631575,715.625
8.578947368421051,5.7368421052631575,756.25
8.578947368421051,5.7368421052631575,796.875
8.578947368421051,5.7368421052631575,837.5
8.578947368421051,5.7368421052631575,878.125
8.578947368421051,5.7368421052631575,918.75
8.578947368421051,5.7368421052631575,959.375
8.578947368421051,5.7368421052631575,1000.0
8.578947368421051,6.2105263157894735,25.0
8.578947368421051,6.2105263157894735,65.625
8.578947368421051,6.2105263157894735,106.25
8.578947368421051,6.2105263157894735,146.875
8.578947368421051,6.2105263157894735,187.5
8.578947368421051,6.2105263157894735,228.125
8.578947368421051,6.2105263157894735,268.75
8.578947368421051,6.2105263157894735,309.375
8.578947368421051,6.2105263157894735,350.0
8.578947368421051,6.2105263157894735,390.625
8.578947368421051,6.2105263157894735,431.25
8.578947368421051,6.2105263157894735,471.875
8.578947368421051,6.2105263157894735,512.5
8.578947368421051,6.2105263157894735,553.125
8.578947368421051,6.2105263157894735,593.75
8.578947368421051,6.2105263157894735,634.375
8.578947368421051,6.2105263157894735,675.0
8.578947368421051,6.2105263157894735,715.625
8.578947368421051,6.2105263157894735,756.25
8.578947368421051,6.2105263157894735,796.875
8.578947368421051,6.2105263157894735,837.5
8.578947368421051,6.2105263157894735,878.125
8.578947368421051,6.2105263157894735,918.75
8.578947368421051,6.2105263157894735,959.375
8.578947368421051,6.2105263157894735,1000.0
8.578947368421051,6.684210526315789,25.0
8.578947368421051,6.684210526315789,65.625
8.578947368421051,6.684210526315789,106.25
8.578947368421051,6.684210526315789,146.875
8.578947368421051,6.684210526315789,187.5
8.578947368421051,6.684210526315789,228.125
8.578947368421051,6.684210526315789,268.75
8.578947368421051,6.684210526315789,309.375
8.578947368421051,6.684210526315789,350.0
8.578947368421051,6.684210526315789,390.625
8.578947368421051,6.684210526315789,431.25
8.578947368421051,6.684210526315789,471.875
8.578947368421051,6.684210526315789,512.5
8.578947368421051,6.684210526315789,553.125
8.578947368421051,6.684210526315789,593.75
8.578947368421051,6.684210526315789,634.375
8.578947368421051,6.684210526315789,675.0
8.578947368421051,6.684210526315789,715.625
8.578947368421051,6.684210526315789,756.25
8.578947368421051,6.684210526315789,796.875
8.578947368421051,6.684210526315789,837.5
8.578947368421051,6.684210526315789,878.125
8.578947368421051,6.684210526315789,918.75
8.578947368421051,6.684210526315789,959.375
8.578947368421051,6.684210526315789,1000.0
8.578947368421051,7.157894736842105,25.0
8.578947368421051,7.157894736842105,65.625
8.578947368421051,7.157894736842105,106.25
8.578947368421051,7.157894736842105,146.875
8.578947368421051,7.157894736842105,187.5
8.578947368421051,7.157894736842105,228.125
8.578947368421051,7.157894736842105,268.75
8.578947368421051,7.157894736842105,309.375
8.578947368421051,7.157894736842105,350.0
8.578947368421051,7.157894736842105,390.625
8.578947368421051,7.157894736842105,431.25
8.578947368421051,7.157894736842105,471.875
8.578947368421051,7.157894736842105,512.5
8.578947368421051,7.157894736842105,553.125
8.578947368421051,7.157894736842105,593.75
8.578947368421051,7.157894736842105,634.375
8.578947368421051,7.157894736842105,675.0
8.578947368421051,7.157894736842105,715.625
8.578947368421051,7.157894736842105,756.25
8.578947368421051,7.157894736842105,796.875
8.578947368421051,7.157894736842105,837.5
8.578947368421051,7.157894736842105,878.125
8.578947368421051,7.157894736842105,918.75
8.578947368421051,7.157894736842105,959.375
8.578947368421051,7.157894736842105,1000.0
8.578947368421051,7.63157894736842,25.0
8.578947368421051,7.63157894736842,65.625
8.578947368421051,7.63157894736842,106.25
8.578947368421051,7.63157894736842,146.875
8.578947368421051,7.63157894736842,187.5
8.578947368421051,7.63157894736842,228.125
8.578947368421051,7.63157894736842,268.75
8.578947368421051,7.63157894736842,309.375
8.578947368421051,7.63157894736842,350.0
8.578947368421051,7.63157894736842,390.625
8.578947368421051,7.63157894736842,431.25
8.578947368421051,7.63157894736842,471.875
8.578947368421051,7.63157894736842,512.5
8.578947368421051,7.63157894736842,553.125
8.578947368421051,7.63157894736842,593.75
8.578947368421051,7.63157894736842,634.375
8.578947368421051,7.63157894736842,675.0
8.578947368421051,7.63157894736842,715.625
8.578947368421051,7.63157894736842,756.25
8.578947368421051,7.63157894736842,796.875
8.578947368421051,7.63157894736842,837.5
8.578947368421051,7.63157894736842,878.125
8.578947368421051,7.63157894736842,918.75
8.578947368421051,7.63157894736842,959.375
8.578947368421051,7.63157894736842,1000.0
8.578947368421051,8.105263157894736,25.0
8.578947368421051,8.105263157894736,65.625
8.578947368421051,8.105263157894736,106.25
8.578947368421051,8.105263157894736,146.875
8.578947368421051,8.105263157894736,187.5
8.578947368421051,8.105263157894736,228.125
8.578947368421051,8.105263157894736,268.75
8.578947368421051,8.105263157894736,309.375
8.578947368421051,8.105263157894736,350.0
8.578947368421051,8.105263157894736,390.625
8.578947368421051,8.105263157894736,431.25
8.578947368421051,8.105263157894736,471.875
8.578947368421051,8.105263157894736,512.5
8.578947368421051,8.105263157894736,553.125
8.578947368421051,8.105263157894736,593.75
8.578947368421051,8.105263157894736,634.375
8.578947368421051,8.105263157894736,675.0
8.578947368421051,8.105263157894736,715.625
8.578947368421051,8.105263157894736,756.25
8.578947368421051,8.105263157894736,796.875
8.578947368421051,8.105263157894736,837.5
8.578947368421051,8.105263157894736,878.125
8.578947368421051,8.105263157894736,918.75
8.578947368421051,8.105263157894736,959.375
8.578947368421051,8.105263157894736,1000.0
8.578947368421051,8.578947368421051,25.0
8.578947368421051,8.578947368421051,65.625
8.578947368421051,8.578947368421051,106.25
8.578947368421051,8.578947368421051,146.875
8.578947368421051,8.578947368421051,187.5
8.578947368421051,8.578947368421051,228.125
8.578947368421051,8.578947368421051,268.75
8.578947368421051,8.578947368421051,309.375
8.578947368421051,8.578947368421051,350.0
8.578947368421051,8.578947368421051,390.625
8.578947368421051,8.578947368421051,431.25
8.578947368421051,8.578947368421051,471.875
8.578947368421051,8.578947368421051,512.5
8.578947368421051,8.578947368421051,553.125
8.578947368421051,8.578947368421051,593.75
8.578947368421051,8.578947368421051,634.375
8.578947368421051,8.578947368421051,675.0
8.578947368421051,8.578947368421051,715.625
8.578947368421051,8.578947368421051,756.25
8.578947368421051,8.578947368421051,796.875
8.578947368421051,8.578947368421051,837.5
8.578947368421051,8.578947368421051,878.125
8.578947368421051,8.578947368421051,918.75
8.578947368421051,8.578947368421051,959.375
8.578947368421051,8.578947368421051,1000.0
8.578947368421051,9.052631578947368,25.0
8.578947368421051,9.052631578947368,65.625
8.578947368421051,9.052631578947368,106.25
8.578947368421051,9.052631578947368,146.875
8.578947368421051,9.052631578947368,187.5
8.578947368421051,9.052631578947368,228.125
8.578947368421051,9.052631578947368,268.75
8.578947368421051,9.052631578947368,309.375
8.578947368421051,9.052631578947368,350.0
8.578947368421051,9.052631578947368,390.625
8.578947368421051,9.052631578947368,431.25
8.578947368421051,9.052631578947368,471.875
8.578947368421051,9.052631578947368,512.5
8.578947368421051,9.052631578947368,553.125
8.578947368421051,9.052631578947368,593.75
8.578947368421051,9.052631578947368,634.375
8.578947368421051,9.052631578947368,675.0
8.578947368421051,9.052631578947368,715.625
8.578947368421051,9.052631578947368,756.25
8.578947368421051,9.052631578947368,796.875
8.578947368421051,9.052631578947368,837.5
8.578947368421051,9.052631578947368,878.125
8.578947368421051,9.052631578947368,918.75
8.578947368421051,9.052631578947368,959.375
8.578947368421051,9.052631578947368,1000.0
8.578947368421051,9.526315789473683,25.0
8.578947368421051,9.526315789473683,65.625
8.578947368421051,9.526315789473683,106.25
8.578947368421051,9.526315789473683,146.875
8.578947368421051,9.526315789473683,187.5
8.578947368421051,9.526315789473683,228.125
8.578947368421051,9.526315789473683,268.75
8.578947368421051,9.526315789473683,309.375
8.578947368421051,9.526315789473683,350.0
8.578947368421051,9.526315789473683,390.625
8.578947368421051,9.526315789473683,431.25
8.578947368421051,9.526315789473683,471.875
8.578947368421051,9.526315789473683,512.5
8.578947368421051,9.526315789473683,553.125
8.578947368421051,9.526315789473683,593.75
8.578947368421051,9.526315789473683,634.375
8.578947368421051,9.526315789473683,675.0
8.578947368421051,9.526315789473683,715.625
8.578947368421051,9.526315789473683,756.25
8.578947368421051,9.526315789473683,796.875
8.578947368421051,9.526315789473683,837.5
8.578947368421051,9.526315789473683,878.125
8.578947368421051,9.526315789473683,918.75
8.578947368421051,9.526315789473683,959.375
8.578947368421051,9.526315789473683,1000.0
8.578947368421051,10.0,25.0
8.578947368421051,10.0,65.625
8.578947368421051,10.0,106.25
8.578947368421051,10.0,146.875
8.578947368421051,10.0,187.5
8.578947368421051,10.0,228.125
8.578947368421051,10.0,268.75
8.578947368421051,10.0,309.375
8.578947368421051,10.0,350.0
8.578947368421051,10.0,390.625
8.578947368421051,10.0,431.25
8.578947368421051,10.0,471.875
8.578947368421051,10.0,512.5
8.578947368421051,10.0,553.125
8.578947368421051,10.0,593.75
8.578947368421051,10.0,634.375
8.578947368421051,10.0,675.0
8.578947368421051,10.0,715.625
8.578947368421051,10.0,756.25
8.578947368421051,10.0,796.875
8.578947368421051,10.0,837.5
8.578947368421051,10.0,878.125
8.578947368421051,10.0,918.75
8.578947368421051,10.0,959.375
8.578947368421051,10.0,1000.0
9.052631578947368,1.0,25.0
9.052631578947368,1.0,65.625
9.052631578947368,1.0,106.25
9.052631578947368,1.0,146.875
9.052631578947368,1.0,187.5
9.052631578947368,1.0,228.125
9.052631578947368,1.0,268.75
9.052631578947368,1.0,309.375
9.052631578947368,1.0,350.0
9.052631578947368,1.0,390.625
9.052631578947368,1.0,431.25
9.052631578947368,1.0,471.875
9.052631578947368,1.0,512.5
9.052631578947368,1.0,553.125
9.052631578947368,1.0,593.75
9.052631578947368,1.0,634.375
9.052631578947368,1.0,675.0
9.052631578947368,1.0,715.625
9.052631578947368,1.0,756.25
9.052631578947368,1.0,796.875
9.052631578947368,1.0,837.5
9.052631578947368,1.0,878.125
9.052631578947368,1.0,918.75
9.052631578947368,1.0,959.375
9.052631578947368,1.0,1000.0
9.052631578947368,1.4736842105263157,25.0
9.052631578947368,1.4736842105263157,65.625
9.052631578947368,1.4736842105263157,106.25
9.052631578947368,1.4736842105263157,146.875
9.052631578947368,1.4736842105263157,187.5
9.052631578947368,1.4736842105263157,228.125
9.052631578947368,1.4736842105263157,268.75
9.052631578947368,1.4736842105263157,309.375
9.052631578947368,1.4736842105263157,350.0
9.052631578947368,1.4736842105263157,390.625
9.052631578947368,1.4736842105263157,431.25
9.052631578947368,1.4736842105263157,471.875
9.052631578947368,1.4736842105263157,512.5
9.052631578947368,1.4736842105263157,553.125
9.052631578947368,1.4736842105263157,593.75
9.052631578947368,1.4736842105263157,634.375
9.052631578947368,1.4736842105263157,675.0
9.052631578947368,1.4736842105263157,715.625
9.052631578947368,1.4736842105263157,756.25
9.052631578947368,1.4736842105263157,796.875
9.052631578947368,1.4736842105263157,837.5
9.052631578947368,1.4736842105263157,878.125
9.052631578947368,1.4736842105263157,918.75
9.052631578947368,1.4736842105263157,959.375
9.052631578947368,1.4736842105263157,1000.0
9.052631578947368,1.9473684210526314,25.0
9.052631578947368,1.9473684210526314,65.625
9.052631578947368,1.9473684210526314,106.25
9.052631578947368,1.9473684210526314,146.875
9.052631578947368,1.9473684210526314,187.5
9.052631578947368,1.9473684210526314,228.125
9.052631578947368,1.9473684210526314,268.75
9.052631578947368,1.9473684210526314,309.375
9.052631578947368,1.9473684210526314,350.0
9.052631578947368,1.9473684210526314,390.625
9.052631578947368,1.9473684210526314,431.25
9.052631578947368,1.9473684210526314,471.875
9.052631578947368,1.9473684210526314,512.5
9.052631578947368,1.9473684210526314,553.125
9.052631578947368,1.9473684210526314,593.75
9.052631578947368,1.9473684210526314,634.375
9.052631578947368,1.9473684210526314,675.0
9.052631578947368,1.9473684210526314,715.625
9.052631578947368,1.9473684210526314,756.25
9.052631578947368,1.9473684210526314,796.875
9.052631578947368,1.9473684210526314,837.5
9.052631578947368,1.9473684210526314,878.125
9.052631578947368,1.9473684210526314,918.75
9.052631578947368,1.9473684210526314,959.375
9.052631578947368,1.9473684210526314,1000.0
9.052631578947368,2.4210526315789473,25.0
9.052631578947368,2.4210526315789473,65.625
9.052631578947368,2.4210526315789473,106.25
9.052631578947368,2.4210526315789473,146.875
9.052631578947368,2.4210526315789473,187.5
9.052631578947368,2.4210526315789473,228.125
9.052631578947368,2.4210526315789473,268.75
9.052631578947368,2.4210526315789473,309.375
9.052631578947368,2.4210526315789473,350.0
9.052631578947368,2.4210526315789473,390.625
9.052631578947368,2.4210526315789473,431.25
9.052631578947368,2.4210526315789473,471.875
9.052631578947368,2.4210526315789473,512.5
9.052631578947368,2.4210526315789473,553.125
9.052631578947368,2.4210526315789473,593.75
9.052631578947368,2.4210526315789473,634.375
9.052631578947368,2.4210526315789473,675.0
9.052631578947368,2.4210526315789473,715.625
9.052631578947368,2.4210526315789473,756.25
9.052631578947368,2.4210526315789473,796.875
9.052631578947368,2.4210526315789473,837.5
9.052631578947368,2.4210526315789473,878.125
9.052631578947368,2.4210526315789473,918.75
9.052631578947368,2.4210526315789473,959.375
9.052631578947368,2.4210526315789473,1000.0
9.052631578947368,2.894736842105263,25.0
9.052631578947368,2.894736842105263,65.625
9.052631578947368,2.894736842105263,106.25
9.052631578947368,2.894736842105263,146.875
9.052631578947368,2.894736842105263,187.5
9.052631578947368,2.894736842105263,228.125
9.052631578947368,2.894736842105263,268.75
9.052631578947368,2.894736842105263,309.375
9.052631578947368,2.894736842105263,350.0
9.052631578947368,2.894736842105263,390.625
9.052631578947368,2.894736842105263,431.25
9.052631578947368,2.894736842105263,471.875
9.052631578947368,2.894736842105263,512.5
9.052631578947368,2.894736842105263,553.125
9.052631578947368,2.894736842105263,593.75
9.052631578947368,2.894736842105263,634.375
9.052631578947368,2.894736842105263,675.0
9.052631578947368,2.894736842105263,715.625
9.052631578947368,2.894736842105263,756.25
9.052631578947368,2.894736842105263,796.875
9.052631578947368,2.894736842105263,837.5
9.052631578947368,2.894736842105263,878.125
9.052631578947368,2.894736842105263,918.75
9.052631578947368,2.894736842105263,959.375
9.052631578947368,2.894736842105263,1000.0
9.052631578947368,3.3684210526315788,25.0
9.052631578947368,3.3684210526315788,65.625
9.052631578947368,3.3684210526315788,106.25
9.052631578947368,3.3684210526315788,146.875
9.052631578947368,3.3684210526315788,187.5
9.052631578947368,3.3684210526315788,228.125
9.052631578947368,3.3684210526315788,268.75
9.052631578947368,3.3684210526315788,309.375
9.052631578947368,3.3684210526315788,350.0
9.052631578947368,3.3684210526315788,390.625
9.052631578947368,3.3684210526315788,431.25
9.052631578947368,3.3684210526315788,471.875
9.052631578947368,3.3684210526315788,512.5
9.052631578947368,3.3684210526315788,553.125
9.052631578947368,3.3684210526315788,593.75
9.052631578947368,3.3684210526315788,634.375
9.052631578947368,3.3684210526315788,675.0
9.052631578947368,3.3684210526315788,715.625
9.052631578947368,3.3684210526315788,756.25
9.052631578947368,3.3684210526315788,796.875
9.052631578947368,3.3684210526315788,837.5
9.052631578947368,3.3684210526315788,878.125
9.052631578947368,3.3684210526315788,918.75
9.052631578947368,3.3684210526315788,959.375
9.052631578947368,3.3684210526315788,1000.0
9.052631578947368,3.8421052631578947,25.0
9.052631578947368,3.8421052631578947,65.625
9.052631578947368,3.8421052631578947,106.25
9.052631578947368,3.8421052631578947,146.875
9.052631578947368,3.8421052631578947,187.5
9.052631578947368,3.8421052631578947,228.125
9.052631578947368,3.8421052631578947,268.75
9.052631578947368,3.8421052631578947,309.375
9.052631578947368,3.8421052631578947,350.0
9.052631578947368,3.8421052631578947,390.625
9.052631578947368,3.8421052631578947,431.25
9.052631578947368,3.8421052631578947,471.875
9.052631578947368,3.8421052631578947,512.5
9.052631578947368,3.8421052631578947,553.125
9.052631578947368,3.8421052631578947,593.75
9.052631578947368,3.8421052631578947,634.375
9.052631578947368,3.8421052631578947,675.0
9.052631578947368,3.8421052631578947,715.625
9.052631578947368,3.8421052631578947,756.25
9.052631578947368,3.8421052631578947,796.875
9.052631578947368,3.8421052631578947,837.5
9.052631578947368,3.8421052631578947,878.125
9.052631578947368,3.8421052631578947,918.75
9.052631578947368,3.8421052631578947,959.375
9.052631578947368,3.8421052631578947,1000.0
9.052631578947368,4.315789473684211,25.0
9.052631578947368,4.315789473684211,65.625
9.052631578947368,4.315789473684211,106.25
9.052631578947368,4.315789473684211,146.875
9.052631578947368,4.315789473684211,187.5
9.052631578947368,4.315789473684211,228.125
9.052631578947368,4.315789473684211,268.75
9.052631578947368,4.315789473684211,309.375
9.052631578947368,4.315789473684211,350.0
9.052631578947368,4.315789473684211,390.625
9.052631578947368,4.315789473684211,431.25
9.052631578947368,4.315789473684211,471.875
9.052631578947368,4.315789473684211,512.5
9.052631578947368,4.315789473684211,553.125
9.052631578947368,4.315789473684211,593.75
9.052631578947368,4.315789473684211,634.375
9.052631578947368,4.315789473684211,675.0
9.052631578947368,4.315789473684211,715.625
9.052631578947368,4.315789473684211,756.25
9.052631578947368,4.315789473684211,796.875
9.052631578947368,4.315789473684211,837.5
9.052631578947368,4.315789473684211,878.125
9.052631578947368,4.315789473684211,918.75
9.052631578947368,4.315789473684211,959.375
9.052631578947368,4.315789473684211,1000.0
9.052631578947368,4.789473684210526,25.0
9.052631578947368,4.789473684210526,65.625
9.052631578947368,4.789473684210526,106.25
9.052631578947368,4.789473684210526,146.875
9.052631578947368,4.789473684210526,187.5
9.052631578947368,4.789473684210526,228.125
9.052631578947368,4.789473684210526,268.75
9.052631578947368,4.789473684210526,309.375
9.052631578947368,4.789473684210526,350.0
9.052631578947368,4.789473684210526,390.625
9.052631578947368,4.789473684210526,431.25
9.052631578947368,4.789473684210526,471.875
9.052631578947368,4.789473684210526,512.5
9.052631578947368,4.789473684210526,553.125
9.052631578947368,4.789473684210526,593.75
9.052631578947368,4.789473684210526,634.375
9.052631578947368,4.789473684210526,675.0
9.052631578947368,4.789473684210526,715.625
9.052631578947368,4.789473684210526,756.25
9.052631578947368,4.789473684210526,796.875
9.052631578947368,4.789473684210526,837.5
9.052631578947368,4.789473684210526,878.125
9.052631578947368,4.789473684210526,918.75
9.052631578947368,4.789473684210526,959.375
9.052631578947368,4.789473684210526,1000.0
9.052631578947368,5.263157894736842,25.0
9.052631578947368,5.263157894736842,65.625
9.052631578947368,5.263157894736842,106.25
9.052631578947368,5.263157894736842,146.875
9.052631578947368,5.263157894736842,187.5
9.052631578947368,5.263157894736842,228.125
9.052631578947368,5.263157894736842,268.75
9.052631578947368,5.263157894736842,309.375
9.052631578947368,5.263157894736842,350.0
9.052631578947368,5.263157894736842,390.625
9.052631578947368,5.263157894736842,431.25
9.052631578947368,5.263157894736842,471.875
9.052631578947368,5.263157894736842,512.5
9.052631578947368,5.263157894736842,553.125
9.052631578947368,5.263157894736842,593.75
9.052631578947368,5.263157894736842,634.375
9.052631578947368,5.263157894736842,675.0
9.052631578947368,5.263157894736842,715.625
9.052631578947368,5.263157894736842,756.25
9.052631578947368,5.263157894736842,796.875
9.052631578947368,5.263157894736842,837.5
9.052631578947368,5.263157894736842,878.125
9.052631578947368,5.263157894736842,918.75
9.052631578947368,5.263157894736842,959.375
9.052631578947368,5.263157894736842,1000.0
9.052631578947368,5.7368421052631575,25.0
9.052631578947368,5.7368421052631575,65.625
9.052631578947368,5.7368421052631575,106.25
9.052631578947368,5.7368421052631575,146.875
9.052631578947368,5.7368421052631575,187.5
9.052631578947368,5.7368421052631575,228.125
9.052631578947368,5.7368421052631575,268.75
9.052631578947368,5.7368421052631575,309.375
9.052631578947368,5.7368421052631575,350.0
9.052631578947368,5.7368421052631575,390.625
9.052631578947368,5.7368421052631575,431.25
9.052631578947368,5.7368421052631575,471.875
9.052631578947368,5.7368421052631575,512.5
9.052631578947368,5.7368421052631575,553.125
9.052631578947368,5.7368421052631575,593.75
9.052631578947368,5.7368421052631575,634.375
9.052631578947368,5.7368421052631575,675.0
9.052631578947368,5.7368421052631575,715.625
9.052631578947368,5.7368421052631575,756.25
9.052631578947368,5.7368421052631575,796.875
9.052631578947368,5.7368421052631575,837.5
9.052631578947368,5.7368421052631575,878.125
9.052631578947368,5.7368421052631575,918.75
9.052631578947368,5.7368421052631575,959.375
9.052631578947368,5.7368421052631575,1000.0
9.052631578947368,6.2105263157894735,25.0
9.052631578947368,6.2105263157894735,65.625
9.052631578947368,6.2105263157894735,106.25
9.052631578947368,6.2105263157894735,146.875
9.052631578947368,6.2105263157894735,187.5
9.052631578947368,6.2105263157894735,228.125
9.052631578947368,6.2105263157894735,268.75
9.052631578947368,6.2105263157894735,309.375
9.052631578947368,6.2105263157894735,350.0
9.052631578947368,6.2105263157894735,390.625
9.052631578947368,6.2105263157894735,431.25
9.052631578947368,6.2105263157894735,471.875
9.052631578947368,6.2105263157894735,512.5
9.052631578947368,6.2105263157894735,553.125
9.052631578947368,6.2105263157894735,593.75
9.052631578947368,6.2105263157894735,634.375
9.052631578947368,6.2105263157894735,675.0
9.052631578947368,6.2105263157894735,715.625
9.052631578947368,6.2105263157894735,756.25
9.052631578947368,6.2105263157894735,796.875
9.052631578947368,6.2105263157894735,837.5
9.052631578947368,6.2105263157894735,878.125
9.052631578947368,6.2105263157894735,918.75
9.052631578947368,6.2105263157894735,959.375
9.052631578947368,6.2105263157894735,1000.0
9.052631578947368,6.684210526315789,25.0
9.052631578947368,6.684210526315789,65.625
9.052631578947368,6.684210526315789,106.25
9.052631578947368,6.684210526315789,146.875
9.052631578947368,6.684210526315789,187.5
9.052631578947368,6.684210526315789,228.125
9.052631578947368,6.684210526315789,268.75
9.052631578947368,6.684210526315789,309.375
9.052631578947368,6.684210526315789,350.0
9.052631578947368,6.684210526315789,390.625
9.052631578947368,6.684210526315789,431.25
9.052631578947368,6.684210526315789,471.875
9.052631578947368,6.684210526315789,512.5
9.052631578947368,6.684210526315789,553.125
9.052631578947368,6.684210526315789,593.75
9.052631578947368,6.684210526315789,634.375
9.052631578947368,6.684210526315789,675.0
9.052631578947368,6.684210526315789,715.625
9.052631578947368,6.684210526315789,756.25
9.052631578947368,6.684210526315789,796.875
9.052631578947368,6.684210526315789,837.5
9.052631578947368,6.684210526315789,878.125
9.052631578947368,6.684210526315789,918.75
9.052631578947368,6.684210526315789,959.375
9.052631578947368,6.684210526315789,1000.0
9.052631578947368,7.157894736842105,25.0
9.052631578947368,7.157894736842105,65.625
9.052631578947368,7.157894736842105,106.25
9.052631578947368,7.157894736842105,146.875
9.052631578947368,7.157894736842105,187.5
9.052631578947368,7.157894736842105,228.125
9.052631578947368,7.157894736842105,268.75
9.052631578947368,7.157894736842105,309.375
9.052631578947368,7.157894736842105,350.0
9.052631578947368,7.157894736842105,390.625
9.052631578947368,7.157894736842105,431.25
9.052631578947368,7.157894736842105,471.875
9.052631578947368,7.157894736842105,512.5
9.052631578947368,7.157894736842105,553.125
9.052631578947368,7.157894736842105,593.75
9.052631578947368,7.157894736842105,634.375
9.052631578947368,7.157894736842105,675.0
9.052631578947368,7.157894736842105,715.625
9.052631578947368,7.157894736842105,756.25
9.052631578947368,7.157894736842105,796.875
9.052631578947368,7.157894736842105,837.5
9.052631578947368,7.157894736842105,878.125
9.052631578947368,7.157894736842105,918.75
9.052631578947368,7.157894736842105,959.375
9.052631578947368,7.157894736842105,1000.0
9.052631578947368,7.63157894736842,25.0
9.052631578947368,7.63157894736842,65.625
9.052631578947368,7.63157894736842,106.25
9.052631578947368,7.63157894736842,146.875
9.052631578947368,7.63157894736842,187.5
9.052631578947368,7.63157894736842,228.125
9.052631578947368,7.63157894736842,268.75
9.052631578947368,7.63157894736842,309.375
9.052631578947368,7.63157894736842,350.0
9.052631578947368,7.63157894736842,390.625
9.052631578947368,7.63157894736842,431.25
9.052631578947368,7.63157894736842,471.875
9.052631578947368,7.63157894736842,512.5
9.052631578947368,7.63157894736842,553.125
9.052631578947368,7.63157894736842,593.75
9.052631578947368,7.63157894736842,634.375
9.052631578947368,7.63157894736842,675.0
9.052631578947368,7.63157894736842,715.625
9.052631578947368,7.63157894736842,756.25
9.052631578947368,7.63157894736842,796.875
9.052631578947368,7.63157894736842,837.5
9.052631578947368,7.63157894736842,878.125
9.052631578947368,7.63157894736842,918.75
9.052631578947368,7.63157894736842,959.375
9.052631578947368,7.63157894736842,1000.0
9.052631578947368,8.105263157894736,25.0
9.052631578947368,8.105263157894736,65.625
9.052631578947368,8.105263157894736,106.25
9.052631578947368,8.105263157894736,146.875
9.052631578947368,8.105263157894736,187.5
9.052631578947368,8.105263157894736,228.125
9.052631578947368,8.105263157894736,268.75
9.052631578947368,8.105263157894736,309.375
9.052631578947368,8.105263157894736,350.0
9.052631578947368,8.105263157894736,390.625
9.052631578947368,8.105263157894736,431.25
9.052631578947368,8.105263157894736,471.875
9.052631578947368,8.105263157894736,512.5
9.052631578947368,8.105263157894736,553.125
9.052631578947368,8.105263157894736,593.75
9.052631578947368,8.105263157894736,634.375
9.052631578947368,8.105263157894736,675.0
9.052631578947368,8.105263157894736,715.625
9.052631578947368,8.105263157894736,756.25
9.052631578947368,8.105263157894736,796.875
9.052631578947368,8.105263157894736,837.5
9.052631578947368,8.105263157894736,878.125
9.052631578947368,8.105263157894736,918.75
9.052631578947368,8.105263157894736,959.375
9.052631578947368,8.105263157894736,1000.0
9.052631578947368,8.578947368421051,25.0
9.052631578947368,8.578947368421051,65.625
9.052631578947368,8.578947368421051,106.25
9.052631578947368,8.578947368421051,146.875
9.052631578947368,8.578947368421051,187.5
9.052631578947368,8.578947368421051,228.125
9.052631578947368,8.578947368421051,268.75
9.052631578947368,8.578947368421051,309.375
9.052631578947368,8.578947368421051,350.0
9.052631578947368,8.578947368421051,390.625
9.052631578947368,8.578947368421051,431.25
9.052631578947368,8.578947368421051,471.875
9.052631578947368,8.578947368421051,512.5
9.052631578947368,8.578947368421051,553.125
9.052631578947368,8.578947368421051,593.75
9.052631578947368,8.578947368421051,634.375
9.052631578947368,8.578947368421051,675.0
9.052631578947368,8.578947368421051,715.625
9.052631578947368,8.578947368421051,756.25
9.052631578947368,8.578947368421051,796.875
9.052631578947368,8.578947368421051,837.5
9.052631578947368,8.578947368421051,878.125
9.052631578947368,8.578947368421051,918.75
9.052631578947368,8.578947368421051,959.375
9.052631578947368,8.578947368421051,1000.0
9.052631578947368,9.052631578947368,25.0
9.052631578947368,9.052631578947368,65.625
9.052631578947368,9.052631578947368,106.25
9.052631578947368,9.052631578947368,146.875
9.052631578947368,9.052631578947368,187.5
9.052631578947368,9.052631578947368,228.125
9.052631578947368,9.052631578947368,268.75
9.052631578947368,9.052631578947368,309.375
9.052631578947368,9.052631578947368,350.0
9.052631578947368,9.052631578947368,390.625
9.052631578947368,9.052631578947368,431.25
9.052631578947368,9.052631578947368,471.875
9.052631578947368,9.052631578947368,512.5
9.052631578947368,9.052631578947368,553.125
9.052631578947368,9.052631578947368,593.75
9.052631578947368,9.052631578947368,634.375
9.052631578947368,9.052631578947368,675.0
9.052631578947368,9.052631578947368,715.625
9.052631578947368,9.052631578947368,756.25
9.052631578947368,9.052631578947368,796.875
9.052631578947368,9.052631578947368,837.5
9.052631578947368,9.052631578947368,878.125
9.052631578947368,9.052631578947368,918.75
9.052631578947368,9.052631578947368,959.375
9.052631578947368,9.052631578947368,1000.0
9.052631578947368,9.526315789473683,25.0
9.052631578947368,9.526315789473683,65.625
9.052631578947368,9.526315789473683,106.25
9.052631578947368,9.526315789473683,146.875
9.052631578947368,9.526315789473683,187.5
9.052631578947368,9.526315789473683,228.125
9.052631578947368,9.526315789473683,268.75
9.052631578947368,9.526315789473683,309.375
9.052631578947368,9.526315789473683,350.0
9.052631578947368,9.526315789473683,390.625
9.052631578947368,9.526315789473683,431.25
9.052631578947368,9.526315789473683,471.875
9.052631578947368,9.526315789473683,512.5
9.052631578947368,9.526315789473683,553.125
9.052631578947368,9.526315789473683,593.75
9.052631578947368,9.526315789473683,634.375
9.052631578947368,9.526315789473683,675.0
9.052631578947368,9.526315789473683,715.625
9.052631578947368,9.526315789473683,756.25
9.052631578947368,9.526315789473683,796.875
9.052631578947368,9.526315789473683,837.5
9.052631578947368,9.526315789473683,878.125
9.052631578947368,9.526315789473683,918.75
9.052631578947368,9.526315789473683,959.375
9.052631578947368,9.526315789473683,1000.0
9.052631578947368,10.0,25.0
9.052631578947368,10.0,65.625
9.052631578947368,10.0,106.25
9.052631578947368,10.0,146.875
9.052631578947368,10.0,187.5
9.052631578947368,10.0,228.125
9.052631578947368,10.0,268.75
9.052631578947368,10.0,309.375
9.052631578947368,10.0,350.0
9.052631578947368,10.0,390.625
9.052631578947368,10.0,431.25
9.052631578947368,10.0,471.875
9.052631578947368,10.0,512.5
9.052631578947368,10.0,553.125
9.052631578947368,10.0,593.75
9.052631578947368,10.0,634.375
9.052631578947368,10.0,675.0
9.052631578947368,10.0,715.625
9.052631578947368,10.0,756.25
9.052631578947368,10.0,796.875
9.052631578947368,10.0,837.5
9.052631578947368,10.0,878.125
9.052631578947368,10.0,918.75
9.052631578947368,10.0,959.375
9.052631578947368,10.0,1000.0
9.526315789473683,1.0,25.0
9.526315789473683,1.0,65.625
9.526315789473683,1.0,106.25
9.526315789473683,1.0,146.875
9.526315789473683,1.0,187.5
9.526315789473683,1.0,228.125
9.526315789473683,1.0,268.75
9.526315789473683,1.0,309.375
9.526315789473683,1.0,350.0
9.526315789473683,1.0,390.625
9.526315789473683,1.0,431.25
9.526315789473683,1.0,471.875
9.526315789473683,1.0,512.5
9.526315789473683,1.0,553.125
9.526315789473683,1.0,593.75
9.526315789473683,1.0,634.375
9.526315789473683,1.0,675.0
9.526315789473683,1.0,715.625
9.526315789473683,1.0,756.25
9.526315789473683,1.0,796.875
9.526315789473683,1.0,837.5
9.526315789473683,1.0,878.125
9.526315789473683,1.0,918.75
9.526315789473683,1.0,959.375
9.526315789473683,1.0,1000.0
9.526315789473683,1.4736842105263157,25.0
9.526315789473683,1.4736842105263157,65.625
9.526315789473683,1.4736842105263157,106.25
9.526315789473683,1.4736842105263157,146.875
9.526315789473683,1.4736842105263157,187.5
9.526315789473683,1.4736842105263157,228.125
9.526315789473683,1.4736842105263157,268.75
9.526315789473683,1.4736842105263157,309.375
9.526315789473683,1.4736842105263157,350.0
9.526315789473683,1.4736842105263157,390.625
9.526315789473683,1.4736842105263157,431.25
9.526315789473683,1.4736842105263157,471.875
9.526315789473683,1.4736842105263157,512.5
9.526315789473683,1.4736842105263157,553.125
9.526315789473683,1.4736842105263157,593.75
9.526315789473683,1.4736842105263157,634.375
9.526315789473683,1.4736842105263157,675.0
9.526315789473683,1.4736842105263157,715.625
9.526315789473683,1.4736842105263157,756.25
9.526315789473683,1.4736842105263157,796.875
9.526315789473683,1.4736842105263157,837.5
9.526315789473683,1.4736842105263157,878.125
9.526315789473683,1.4736842105263157,918.75
9.526315789473683,1.4736842105263157,959.375
9.526315789473683,1.4736842105263157,1000.0
9.526315789473683,1.9473684210526314,25.0
9.526315789473683,1.9473684210526314,65.625
9.526315789473683,1.9473684210526314,106.25
9.526315789473683,1.9473684210526314,146.875
9.526315789473683,1.9473684210526314,187.5
9.526315789473683,1.9473684210526314,228.125
9.526315789473683,1.9473684210526314,268.75
9.526315789473683,1.9473684210526314,309.375
9.526315789473683,1.9473684210526314,350.0
9.526315789473683,1.9473684210526314,390.625
9.526315789473683,1.9473684210526314,431.25
9.526315789473683,1.9473684210526314,471.875
9.526315789473683,1.9473684210526314,512.5
9.526315789473683,1.9473684210526314,553.125
9.526315789473683,1.9473684210526314,593.75
9.526315789473683,1.9473684210526314,634.375
9.526315789473683,1.9473684210526314,675.0
9.526315789473683,1.9473684210526314,715.625
9.526315789473683,1.9473684210526314,756.25
9.526315789473683,1.9473684210526314,796.875
9.526315789473683,1.9473684210526314,837.5
9.526315789473683,1.9473684210526314,878.125
9.526315789473683,1.9473684210526314,918.75
9.526315789473683,1.9473684210526314,959.375
9.526315789473683,1.9473684210526314,1000.0
9.526315789473683,2.4210526315789473,25.0
9.526315789473683,2.4210526315789473,65.625
9.526315789473683,2.4210526315789473,106.25
9.526315789473683,2.4210526315789473,146.875
9.526315789473683,2.4210526315789473,187.5
9.526315789473683,2.4210526315789473,228.125
9.526315789473683,2.4210526315789473,268.75
9.526315789473683,2.4210526315789473,309.375
9.526315789473683,2.4210526315789473,350.0
9.526315789473683,2.4210526315789473,390.625
9.526315789473683,2.4210526315789473,431.25
9.526315789473683,2.4210526315789473,471.875
9.526315789473683,2.4210526315789473,512.5
9.526315789473683,2.4210526315789473,553.125
9.526315789473683,2.4210526315789473,593.75
9.526315789473683,2.4210526315789473,634.375
9.526315789473683,2.4210526315789473,675.0
9.526315789473683,2.4210526315789473,715.625
9.526315789473683,2.4210526315789473,756.25
9.526315789473683,2.4210526315789473,796.875
9.526315789473683,2.4210526315789473,837.5
9.526315789473683,2.4210526315789473,878.125
9.526315789473683,2.4210526315789473,918.75
9.526315789473683,2.4210526315789473,959.375
9.526315789473683,2.4210526315789473,1000.0
9.526315789473683,2.894736842105263,25.0
9.526315789473683,2.894736842105263,65.625
9.526315789473683,2.894736842105263,106.25
9.526315789473683,2.894736842105263,146.875
9.526315789473683,2.894736842105263,187.5
9.526315789473683,2.894736842105263,228.125
9.526315789473683,2.894736842105263,268.75
9.526315789473683,2.894736842105263,309.375
9.526315789473683,2.894736842105263,350.0
9.526315789473683,2.894736842105263,390.625
9.526315789473683,2.894736842105263,431.25
9.526315789473683,2.894736842105263,471.875
9.526315789473683,2.894736842105263,512.5
9.526315789473683,2.894736842105263,553.125
9.526315789473683,2.894736842105263,593.75
9.526315789473683,2.894736842105263,634.375
9.526315789473683,2.894736842105263,675.0
9.526315789473683,2.894736842105263,715.625
9.526315789473683,2.894736842105263,756.25
9.526315789473683,2.894736842105263,796.875
9.526315789473683,2.894736842105263,837.5
9.526315789473683,2.894736842105263,878.125
9.526315789473683,2.894736842105263,918.75
9.526315789473683,2.894736842105263,959.375
9.526315789473683,2.894736842105263,1000.0
9.526315789473683,3.3684210526315788,25.0
9.526315789473683,3.3684210526315788,65.625
9.526315789473683,3.3684210526315788,106.25
9.526315789473683,3.3684210526315788,146.875
9.526315789473683,3.3684210526315788,187.5
9.526315789473683,3.3684210526315788,228.125
9.526315789473683,3.3684210526315788,268.75
9.526315789473683,3.3684210526315788,309.375
9.526315789473683,3.3684210526315788,350.0
9.526315789473683,3.3684210526315788,390.625
9.526315789473683,3.3684210526315788,431.25
9.526315789473683,3.3684210526315788,471.875
9.526315789473683,3.3684210526315788,512.5
9.526315789473683,3.3684210526315788,553.125
9.526315789473683,3.3684210526315788,593.75
9.526315789473683,3.3684210526315788,634.375
9.526315789473683,3.3684210526315788,675.0
9.526315789473683,3.3684210526315788,715.625
9.526315789473683,3.3684210526315788,756.25
9.526315789473683,3.3684210526315788,796.875
9.526315789473683,3.3684210526315788,837.5
9.526315789473683,3.3684210526315788,878.125
9.526315789473683,3.3684210526315788,918.75
9.526315789473683,3.3684210526315788,959.375
9.526315789473683,3.3684210526315788,1000.0
9.526315789473683,3.8421052631578947,25.0
9.526315789473683,3.8421052631578947,65.625
9.526315789473683,3.8421052631578947,106.25
9.526315789473683,3.8421052631578947,146.875
9.526315789473683,3.8421052631578947,187.5
9.526315789473683,3.8421052631578947,228.125
9.526315789473683,3.8421052631578947,268.75
9.526315789473683,3.8421052631578947,309.375
9.526315789473683,3.8421052631578947,350.0
9.526315789473683,3.8421052631578947,390.625
9.526315789473683,3.8421052631578947,431.25
9.526315789473683,3.8421052631578947,471.875
9.526315789473683,3.8421052631578947,512.5
9.526315789473683,3.8421052631578947,553.125
9.526315789473683,3.8421052631578947,593.75
9.526315789473683,3.8421052631578947,634.375
9.526315789473683,3.8421052631578947,675.0
9.526315789473683,3.8421052631578947,715.625
9.526315789473683,3.8421052631578947,756.25
9.526315789473683,3.8421052631578947,796.875
9.526315789473683,3.8421052631578947,837.5
9.526315789473683,3.8421052631578947,878.125
9.526315789473683,3.8421052631578947,918.75
9.526315789473683,3.8421052631578947,959.375
9.526315789473683,3.8421052631578947,1000.0
9.526315789473683,4.315789473684211,25.0
9.526315789473683,4.315789473684211,65.625
9.526315789473683,4.315789473684211,106.25
9.526315789473683,4.315789473684211,146.875
9.526315789473683,4.315789473684211,187.5
9.526315789473683,4.315789473684211,228.125
9.526315789473683,4.315789473684211,268.75
9.526315789473683,4.315789473684211,309.375
9.526315789473683,4.315789473684211,350.0
9.526315789473683,4.315789473684211,390.625
9.526315789473683,4.315789473684211,431.25
9.526315789473683,4.315789473684211,471.875
9.526315789473683,4.315789473684211,512.5
9.526315789473683,4.315789473684211,553.125
9.526315789473683,4.315789473684211,593.75
9.526315789473683,4.315789473684211,634.375
9.526315789473683,4.315789473684211,675.0
9.526315789473683,4.315789473684211,715.625
9.526315789473683,4.315789473684211,756.25
9.526315789473683,4.315789473684211,796.875
9.526315789473683,4.315789473684211,837.5
9.526315789473683,4.315789473684211,878.125
9.526315789473683,4.315789473684211,918.75
9.526315789473683,4.315789473684211,959.375
9.526315789473683,4.315789473684211,1000.0
9.526315789473683,4.789473684210526,25.0
9.526315789473683,4.789473684210526,65.625
9.526315789473683,4.789473684210526,106.25
9.526315789473683,4.789473684210526,146.875
9.526315789473683,4.789473684210526,187.5
9.526315789473683,4.789473684210526,228.125
9.526315789473683,4.789473684210526,268.75
9.526315789473683,4.789473684210526,309.375
9.526315789473683,4.789473684210526,350.0
9.526315789473683,4.789473684210526,390.625
9.526315789473683,4.789473684210526,431.25
9.526315789473683,4.789473684210526,471.875
9.526315789473683,4.789473684210526,512.5
9.526315789473683,4.789473684210526,553.125
9.526315789473683,4.789473684210526,593.75
9.526315789473683,4.789473684210526,634.375
9.526315789473683,4.789473684210526,675.0
9.526315789473683,4.789473684210526,715.625
9.526315789473683,4.789473684210526,756.25
9.526315789473683,4.789473684210526,796.875
9.526315789473683,4.789473684210526,837.5
9.526315789473683,4.789473684210526,878.125
9.526315789473683,4.789473684210526,918.75
9.526315789473683,4.789473684210526,959.375
9.526315789473683,4.789473684210526,1000.0
9.526315789473683,5.263157894736842,25.0
9.526315789473683,5.263157894736842,65.625
9.526315789473683,5.263157894736842,106.25
9.526315789473683,5.263157894736842,146.875
9.526315789473683,5.263157894736842,187.5
9.526315789473683,5.263157894736842,228.125
9.526315789473683,5.263157894736842,268.75
9.526315789473683,5.263157894736842,309.375
9.526315789473683,5.263157894736842,350.0
9.526315789473683,5.263157894736842,390.625
9.526315789473683,5.263157894736842,431.25
9.526315789473683,5.263157894736842,471.875
9.526315789473683,5.263157894736842,512.5
9.526315789473683,5.263157894736842,553.125
9.526315789473683,5.263157894736842,593.75
9.526315789473683,5.263157894736842,634.375
9.526315789473683,5.263157894736842,675.0
9.526315789473683,5.263157894736842,715.625
9.526315789473683,5.263157894736842,756.25
9.526315789473683,5.263157894736842,796.875
9.526315789473683,5.263157894736842,837.5
9.526315789473683,5.263157894736842,878.125
9.526315789473683,5.263157894736842,918.75
9.526315789473683,5.263157894736842,959.375
9.526315789473683,5.263157894736842,1000.0
9.526315789473683,5.7368421052631575,25.0
9.526315789473683,5.7368421052631575,65.625
9.526315789473683,5.7368421052631575,106.25
9.526315789473683,5.7368421052631575,146.875
9.526315789473683,5.7368421052631575,187.5
9.526315789473683,5.7368421052631575,228.125
9.526315789473683,5.7368421052631575,268.75
9.526315789473683,5.7368421052631575,309.375
9.526315789473683,5.7368421052631575,350.0
9.526315789473683,5.7368421052631575,390.625
9.526315789473683,5.7368421052631575,431.25
9.526315789473683,5.7368421052631575,471.875
9.526315789473683,5.7368421052631575,512.5
9.526315789473683,5.7368421052631575,553.125
9.526315789473683,5.7368421052631575,593.75
9.526315789473683,5.7368421052631575,634.375
9.526315789473683,5.7368421052631575,675.0
9.526315789473683,5.7368421052631575,715.625
9.526315789473683,5.7368421052631575,756.25
9.526315789473683,5.7368421052631575,796.875
9.526315789473683,5.7368421052631575,837.5
9.526315789473683,5.7368421052631575,878.125
9.526315789473683,5.7368421052631575,918.75
9.526315789473683,5.7368421052631575,959.375
9.526315789473683,5.7368421052631575,1000.0
9.526315789473683,6.2105263157894735,25.0
9.526315789473683,6.2105263157894735,65.625
9.526315789473683,6.2105263157894735,106.25
9.526315789473683,6.2105263157894735,146.875
9.526315789473683,6.2105263157894735,187.5
9.526315789473683,6.2105263157894735,228.125
9.526315789473683,6.2105263157894735,268.75
9.526315789473683,6.2105263157894735,309.375
9.526315789473683,6.2105263157894735,350.0
9.526315789473683,6.2105263157894735,390.625
9.526315789473683,6.2105263157894735,431.25
9.526315789473683,6.2105263157894735,471.875
9.526315789473683,6.2105263157894735,512.5
9.526315789473683,6.2105263157894735,553.125
9.526315789473683,6.2105263157894735,593.75
9.526315789473683,6.2105263157894735,634.375
9.526315789473683,6.2105263157894735,675.0
9.526315789473683,6.2105263157894735,715.625
9.526315789473683,6.2105263157894735,756.25
9.526315789473683,6.2105263157894735,796.875
9.526315789473683,6.2105263157894735,837.5
9.526315789473683,6.2105263157894735,878.125
9.526315789473683,6.2105263157894735,918.75
9.526315789473683,6.2105263157894735,959.375
9.526315789473683,6.2105263157894735,1000.0
9.526315789473683,6.684210526315789,25.0
9.526315789473683,6.684210526315789,65.625
9.526315789473683,6.684210526315789,106.25
9.526315789473683,6.684210526315789,146.875
9.526315789473683,6.684210526315789,187.5
9.526315789473683,6.684210526315789,228.125
9.526315789473683,6.684210526315789,268.75
9.526315789473683,6.684210526315789,309.375
9.526315789473683,6.684210526315789,350.0
9.526315789473683,6.684210526315789,390.625
9.526315789473683,6.684210526315789,431.25
9.526315789473683,6.684210526315789,471.875
9.526315789473683,6.684210526315789,512.5
9.526315789473683,6.684210526315789,553.125
9.526315789473683,6.684210526315789,593.75
9.526315789473683,6.684210526315789,634.375
9.526315789473683,6.684210526315789,675.0
9.526315789473683,6.684210526315789,715.625
9.526315789473683,6.684210526315789,756.25
9.526315789473683,6.684210526315789,796.875
9.526315789473683,6.684210526315789,837.5
9.526315789473683,6.684210526315789,878.125
9.526315789473683,6.684210526315789,918.75
9.526315789473683,6.684210526315789,959.375
9.526315789473683,6.684210526315789,1000.0
9.526315789473683,7.157894736842105,25.0
9.526315789473683,7.157894736842105,65.625
9.526315789473683,7.157894736842105,106.25
9.526315789473683,7.157894736842105,146.875
9.526315789473683,7.157894736842105,187.5
9.526315789473683,7.157894736842105,228.125
9.526315789473683,7.157894736842105,268.75
9.526315789473683,7.157894736842105,309.375
9.526315789473683,7.157894736842105,350.0
9.526315789473683,7.157894736842105,390.625
9.526315789473683,7.157894736842105,431.25
9.526315789473683,7.157894736842105,471.875
9.526315789473683,7.157894736842105,512.5
9.526315789473683,7.157894736842105,553.125
9.526315789473683,7.157894736842105,593.75
9.526315789473683,7.157894736842105,634.375
9.526315789473683,7.157894736842105,675.0
9.526315789473683,7.157894736842105,715.625
9.526315789473683,7.157894736842105,756.25
9.526315789473683,7.157894736842105,796.875
9.526315789473683,7.157894736842105,837.5
9.526315789473683,7.157894736842105,878.125
9.526315789473683,7.157894736842105,918.75
9.526315789473683,7.157894736842105,959.375
9.526315789473683,7.157894736842105,1000.0
9.526315789473683,7.63157894736842,25.0
9.526315789473683,7.63157894736842,65.625
9.526315789473683,7.63157894736842,106.25
9.526315789473683,7.63157894736842,146.875
9.526315789473683,7.63157894736842,187.5
9.526315789473683,7.63157894736842,228.125
9.526315789473683,7.63157894736842,268.75
9.526315789473683,7.63157894736842,309.375
9.526315789473683,7.63157894736842,350.0
9.526315789473683,7.63157894736842,390.625
9.526315789473683,7.63157894736842,431.25
9.526315789473683,7.63157894736842,471.875
9.526315789473683,7.63157894736842,512.5
9.526315789473683,7.63157894736842,553.125
9.526315789473683,7.63157894736842,593.75
9.526315789473683,7.63157894736842,634.375
9.526315789473683,7.63157894736842,675.0
9.526315789473683,7.63157894736842,715.625
9.526315789473683,7.63157894736842,756.25
9.526315789473683,7.63157894736842,796.875
9.526315789473683,7.63157894736842,837.5
9.526315789473683,7.63157894736842,878.125
9.526315789473683,7.63157894736842,918.75
9.526315789473683,7.63157894736842,959.375
9.526315789473683,7.63157894736842,1000.0
9.526315789473683,8.105263157894736,25.0
9.526315789473683,8.105263157894736,65.625
9.526315789473683,8.105263157894736,106.25
9.526315789473683,8.105263157894736,146.875
9.526315789473683,8.105263157894736,187.5
9.526315789473683,8.105263157894736,228.125
9.526315789473683,8.105263157894736,268.75
9.526315789473683,8.105263157894736,309.375
9.526315789473683,8.105263157894736,350.0
9.526315789473683,8.105263157894736,390.625
9.526315789473683,8.105263157894736,431.25
9.526315789473683,8.105263157894736,471.875
9.526315789473683,8.105263157894736,512.5
9.526315789473683,8.105263157894736,553.125
9.526315789473683,8.105263157894736,593.75
9.526315789473683,8.105263157894736,634.375
9.526315789473683,8.105263157894736,675.0
9.526315789473683,8.105263157894736,715.625
9.526315789473683,8.105263157894736,756.25
9.526315789473683,8.105263157894736,796.875
9.526315789473683,8.105263157894736,837.5
9.526315789473683,8.105263157894736,878.125
9.526315789473683,8.105263157894736,918.75
9.526315789473683,8.105263157894736,959.375
9.526315789473683,8.105263157894736,1000.0
9.526315789473683,8.578947368421051,25.0
9.526315789473683,8.578947368421051,65.625
9.526315789473683,8.578947368421051,106.25
9.526315789473683,8.578947368421051,146.875
9.526315789473683,8.578947368421051,187.5
9.526315789473683,8.578947368421051,228.125
9.526315789473683,8.578947368421051,268.75
9.526315789473683,8.578947368421051,309.375
9.526315789473683,8.578947368421051,350.0
9.526315789473683,8.578947368421051,390.625
9.526315789473683,8.578947368421051,431.25
9.526315789473683,8.578947368421051,471.875
9.526315789473683,8.578947368421051,512.5
9.526315789473683,8.578947368421051,553.125
9.526315789473683,8.578947368421051,593.75
9.526315789473683,8.578947368421051,634.375
9.526315789473683,8.578947368421051,675.0
9.526315789473683,8.578947368421051,715.625
9.526315789473683,8.578947368421051,756.25
9.526315789473683,8.578947368421051,796.875
9.526315789473683,8.578947368421051,837.5
9.526315789473683,8.578947368421051,878.125
9.526315789473683,8.578947368421051,918.75
9.526315789473683,8.578947368421051,959.375
9.526315789473683,8.578947368421051,1000.0
9.526315789473683,9.052631578947368,25.0
9.526315789473683,9.052631578947368,65.625
9.526315789473683,9.052631578947368,106.25
9.526315789473683,9.052631578947368,146.875
9.526315789473683,9.052631578947368,187.5
9.526315789473683,9.052631578947368,228.125
9.526315789473683,9.052631578947368,268.75
9.526315789473683,9.052631578947368,309.375
9.526315789473683,9.052631578947368,350.0
9.526315789473683,9.052631578947368,390.625
9.526315789473683,9.052631578947368,431.25
9.526315789473683,9.052631578947368,471.875
9.526315789473683,9.052631578947368,512.5
9.526315789473683,9.052631578947368,553.125
9.526315789473683,9.052631578947368,593.75
9.526315789473683,9.052631578947368,634.375
9.526315789473683,9.052631578947368,675.0
9.526315789473683,9.052631578947368,715.625
9.526315789473683,9.052631578947368,756.25
9.526315789473683,9.052631578947368,796.875
9.526315789473683,9.052631578947368,837.5
9.526315789473683,9.052631578947368,878.125
9.526315789473683,9.052631578947368,918.75
9.526315789473683,9.052631578947368,959.375
9.526315789473683,9.052631578947368,1000.0
9.526315789473683,9.526315789473683,25.0
9.526315789473683,9.526315789473683,65.625
9.526315789473683,9.526315789473683,106.25
9.526315789473683,9.526315789473683,146.875
9.526315789473683,9.526315789473683,187.5
9.526315789473683,9.526315789473683,228.125
9.526315789473683,9.526315789473683,268.75
9.526315789473683,9.526315789473683,309.375
9.526315789473683,9.526315789473683,350.0
9.526315789473683,9.526315789473683,390.625
9.526315789473683,9.526315789473683,431.25
9.526315789473683,9.526315789473683,471.875
9.526315789473683,9.526315789473683,512.5
9.526315789473683,9.526315789473683,553.125
9.526315789473683,9.526315789473683,593.75
9.526315789473683,9.526315789473683,634.375
9.526315789473683,9.526315789473683,675.0
9.526315789473683,9.526315789473683,715.625
9.526315789473683,9.526315789473683,756.25
9.526315789473683,9.526315789473683,796.875
9.526315789473683,9.526315789473683,837.5
9.526315789473683,9.526315789473683,878.125
9.526315789473683,9.526315789473683,918.75
9.526315789473683,9.526315789473683,959.375
9.526315789473683,9.526315789473683,1000.0
9.526315789473683,10.0,25.0
9.526315789473683,10.0,65.625
9.526315789473683,10.0,106.25
9.526315789473683,10.0,146.875
9.526315789473683,10.0,187.5
9.526315789473683,10.0,228.125
9.526315789473683,10.0,268.75
9.526315789473683,10.0,309.375
9.526315789473683,10.0,350.0
9.526315789473683,10.0,390.625
9.526315789473683,10.0,431.25
9.526315789473683,10.0,471.875
9.526315789473683,10.0,512.5
9.526315789473683,10.0,553.125
9.526315789473683,10.0,593.75
9.526315789473683,10.0,634.375
9.526315789473683,10.0,675.0
9.526315789473683,10.0,715.625
9.526315789473683,10.0,756.25
9.526315789473683,10.0,796.875
9.526315789473683,10.0,837.5
9.526315789473683,10.0,878.125
9.526315789473683,10.0,918.75
9.526315789473683,10.0,959.375
9.526315789473683,10.0,1000.0
10.0,1.0,25.0
10.0,1.0,65.625
10.0,1.0,106.25
10.0,1.0,146.875
10.0,1.0,187.5
10.0,1.0,228.125
10.0,1.0,268.75
10.0,1.0,309.375
10.0,1.0,350.0
10.0,1.0,390.625
10.0,1.0,431.25
10.0,1.0,471.875
10.0,1.0,512.5
10.0,1.0,553.125
10.0,1.0,593.75
10.0,1.0,634.375
10.0,1.0,675.0
10.0,1.0,715.625
10.0,1.0,756.25
10.0,1.0,796.875
10.0,1.0,837.5
10.0,1.0,878.125
10.0,1.0,918.75
10.0,1.0,959.375
10.0,1.0,1000.0
10.0,1.4736842105263157,25.0
10.0,1.4736842105263157,65.625
10.0,1.4736842105263157,106.25
10.0,1.4736842105263157,146.875
10.0,1.4736842105263157,187.5
10.0,1.4736842105263157,228.125
10.0,1.4736842105263157,268.75
10.0,1.4736842105263157,309.375
10.0,1.4736842105263157,350.0
10.0,1.4736842105263157,390.625
10.0,1.4736842105263157,431.25
10.0,1.4736842105263157,471.875
10.0,1.4736842105263157,512.5
10.0,1.4736842105263157,553.125
10.0,1.4736842105263157,593.75
10.0,1.4736842105263157,634.375
10.0,1.4736842105263157,675.0
10.0,1.4736842105263157,715.625
10.0,1.4736842105263157,756.25
10.0,1.4736842105263157,796.875
10.0,1.4736842105263157,837.5
10.0,1.4736842105263157,878.125
10.0,1.4736842105263157,918.75
10.0,1.4736842105263157,959.375
10.0,1.4736842105263157,1000.0
10.0,1.9473684210526314,25.0
10.0,1.9473684210526314,65.625
10.0,1.9473684210526314,106.25
10.0,1.9473684210526314,146.875
10.0,1.9473684210526314,187.5
10.0,1.9473684210526314,228.125
10.0,1.9473684210526314,268.75
10.0,1.9473684210526314,309.375
10.0,1.9473684210526314,350.0
10.0,1.9473684210526314,390.625
10.0,1.9473684210526314,431.25
10.0,1.9473684210526314,471.875
10.0,1.9473684210526314,512.5
10.0,1.9473684210526314,553.125
10.0,1.9473684210526314,593.75
10.0,1.9473684210526314,634.375
10.0,1.9473684210526314,675.0
10.0,1.9473684210526314,715.625
10.0,1.9473684210526314,756.25
10.0,1.9473684210526314,796.875
10.0,1.9473684210526314,837.5
10.0,1.9473684210526314,878.125
10.0,1.9473684210526314,918.75
10.0,1.9473684210526314,959.375
10.0,1.9473684210526314,1000.0
10.0,2.4210526315789473,25.0
10.0,2.4210526315789473,65.625
10.0,2.4210526315789473,106.25
10.0,2.4210526315789473,146.875
10.0,2.4210526315789473,187.5
10.0,2.4210526315789473,228.125
10.0,2.4210526315789473,268.75
10.0,2.4210526315789473,309.375
10.0,2.4210526315789473,350.0
10.0,2.4210526315789473,390.625
10.0,2.4210526315789473,431.25
10.0,2.4210526315789473,471.875
10.0,2.4210526315789473,512.5
10.0,2.4210526315789473,553.125
10.0,2.4210526315789473,593.75
10.0,2.4210526315789473,634.375
10.0,2.4210526315789473,675.0
10.0,2.4210526315789473,715.625
10.0,2.4210526315789473,756.25
10.0,2.4210526315789473,796.875
10.0,2.4210526315789473,837.5
10.0,2.4210526315789473,878.125
10.0,2.4210526315789473,918.75
10.0,2.4210526315789473,959.375
10.0,2.4210526315789473,1000.0
10.0,2.894736842105263,25.0
10.0,2.894736842105263,65.625
10.0,2.894736842105263,106.25
10.0,2.894736842105263,146.875
10.0,2.894736842105263,187.5
10.0,2.894736842105263,228.125
10.0,2.894736842105263,268.75
10.0,2.894736842105263,309.375
10.0,2.894736842105263,350.0
10.0,2.894736842105263,390.625
10.0,2.894736842105263,431.25
10.0,2.894736842105263,471.875
10.0,2.894736842105263,512.5
10.0,2.894736842105263,553.125
10.0,2.894736842105263,593.75
10.0,2.894736842105263,634.375
10.0,2.894736842105263,675.0
10.0,2.894736842105263,715.625
10.0,2.894736842105263,756.25
10.0,2.894736842105263,796.875
10.0,2.894736842105263,837.5
10.0,2.894736842105263,878.125
10.0,2.894736842105263,918.75
10.0,2.894736842105263,959.375
10.0,2.894736842105263,1000.0
10.0,3.3684210526315788,25.0
10.0,3.3684210526315788,65.625
10.0,3.3684210526315788,106.25
10.0,3.3684210526315788,146.875
10.0,3.3684210526315788,187.5
10.0,3.3684210526315788,228.125
10.0,3.3684210526315788,268.75
10.0,3.3684210526315788,309.375
10.0,3.3684210526315788,350.0
10.0,3.3684210526315788,390.625
10.0,3.3684210526315788,431.25
10.0,3.3684210526315788,471.875
10.0,3.3684210526315788,512.5
10.0,3.3684210526315788,553.125
10.0,3.3684210526315788,593.75
10.0,3.3684210526315788,634.375
10.0,3.3684210526315788,675.0
10.0,3.3684210526315788,715.625
10.0,3.3684210526315788,756.25
10.0,3.3684210526315788,796.875
10.0,3.3684210526315788,837.5
10.0,3.3684210526315788,878.125
10.0,3.3684210526315788,918.75
10.0,3.3684210526315788,959.375
10.0,3.3684210526315788,1000.0
10.0,3.8421052631578947,25.0
10.0,3.8421052631578947,65.625
10.0,3.8421052631578947,106.25
10.0,3.8421052631578947,146.875
10.0,3.8421052631578947,187.5
10.0,3.8421052631578947,228.125
10.0,3.8421052631578947,268.75
10.0,3.8421052631578947,309.375
10.0,3.8421052631578947,350.0
10.0,3.8421052631578947,390.625
10.0,3.8421052631578947,431.25
10.0,3.8421052631578947,471.875
10.0,3.8421052631578947,512.5
10.0,3.8421052631578947,553.125
10.0,3.8421052631578947,593.75
10.0,3.8421052631578947,634.375
10.0,3.8421052631578947,675.0
10.0,3.8421052631578947,715.625
10.0,3.8421052631578947,756.25
10.0,3.8421052631578947,796.875
10.0,3.8421052631578947,837.5
10.0,3.8421052631578947,878.125
10.0,3.8421052631578947,918.75
10.0,3.8421052631578947,959.375
10.0,3.8421052631578947,1000.0
10.0,4.315789473684211,25.0
10.0,4.315789473684211,65.625
10.0,4.315789473684211,106.25
10.0,4.315789473684211,146.875
10.0,4.315789473684211,187.5
10.0,4.315789473684211,228.125
10.0,4.315789473684211,268.75
10.0,4.315789473684211,309.375
10.0,4.315789473684211,350.0
10.0,4.315789473684211,390.625
10.0,4.315789473684211,431.25
10.0,4.315789473684211,471.875
10.0,4.315789473684211,512.5
10.0,4.315789473684211,553.125
10.0,4.315789473684211,593.75
10.0,4.315789473684211,634.375
10.0,4.315789473684211,675.0
10.0,4.315789473684211,715.625
10.0,4.315789473684211,756.25
10.0,4.315789473684211,796.875
10.0,4.315789473684211,837.5
10.0,4.315789473684211,878.125
10.0,4.315789473684211,918.75
10.0,4.315789473684211,959.375
10.0,4.315789473684211,1000.0
10.0,4.789473684210526,25.0
10.0,4.789473684210526,65.625
10.0,4.789473684210526,106.25
10.0,4.789473684210526,146.875
10.0,4.789473684210526,187.5
10.0,4.789473684210526,228.125
10.0,4.789473684210526,268.75
10.0,4.789473684210526,309.375
10.0,4.789473684210526,350.0
10.0,4.789473684210526,390.625
10.0,4.789473684210526,431.25
10.0,4.789473684210526,471.875
10.0,4.789473684210526,512.5
10.0,4.789473684210526,553.125
10.0,4.789473684210526,593.75
10.0,4.789473684210526,634.375
10.0,4.789473684210526,675.0
10.0,4.789473684210526,715.625
10.0,4.789473684210526,756.25
10.0,4.789473684210526,796.875
10.0,4.789473684210526,837.5
10.0,4.789473684210526,878.125
10.0,4.789473684210526,918.75
10.0,4.789473684210526,959.375
10.0,4.789473684210526,1000.0
10.0,5.263157894736842,25.0
10.0,5.263157894736842,65.625
10.0,5.263157894736842,106.25
10.0,5.263157894736842,146.875
10.0,5.263157894736842,187.5
10.0,5.263157894736842,228.125
10.0,5.263157894736842,268.75
10.0,5.263157894736842,309.375
10.0,5.263157894736842,350.0
10.0,5.263157894736842,390.625
10.0,5.263157894736842,431.25
10.0,5.263157894736842,471.875
10.0,5.263157894736842,512.5
10.0,5.263157894736842,553.125
10.0,5.263157894736842,593.75
10.0,5.263157894736842,634.375
10.0,5.263157894736842,675.0
10.0,5.263157894736842,715.625
10.0,5.263157894736842,756.25
10.0,5.263157894736842,796.875
10.0,5.263157894736842,837.5
10.0,5.263157894736842,878.125
10.0,5.263157894736842,918.75
10.0,5.263157894736842,959.375
10.0,5.263157894736842,1000.0
10.0,5.7368421052631575,25.0
10.0,5.7368421052631575,65.625
10.0,5.7368421052631575,106.25
10.0,5.7368421052631575,146.875
10.0,5.7368421052631575,187.5
10.0,5.7368421052631575,228.125
10.0,5.7368421052631575,268.75
10.0,5.7368421052631575,309.375
10.0,5.7368421052631575,350.0
10.0,5.7368421052631575,390.625
10.0,5.7368421052631575,431.25
10.0,5.7368421052631575,471.875
10.0,5.7368421052631575,512.5
10.0,5.7368421052631575,553.125
10.0,5.7368421052631575,593.75
10.0,5.7368421052631575,634.375
10.0,5.7368421052631575,675.0
10.0,5.7368421052631575,715.625
10.0,5.7368421052631575,756.25
10.0,5.7368421052631575,796.875
10.0,5.7368421052631575,837.5
10.0,5.7368421052631575,878.125
10.0,5.7368421052631575,918.75
10.0,5.7368421052631575,959.375
10.0,5.7368421052631575,1000.0
10.0,6.2105263157894735,25.0
10.0,6.2105263157894735,65.625
10.0,6.2105263157894735,106.25
10.0,6.2105263157894735,146.875
10.0,6.2105263157894735,187.5
10.0,6.2105263157894735,228.125
10.0,6.2105263157894735,268.75
10.0,6.2105263157894735,309.375
10.0,6.2105263157894735,350.0
10.0,6.2105263157894735,390.625
10.0,6.2105263157894735,431.25
10.0,6.2105263157894735,471.875
10.0,6.2105263157894735,512.5
10.0,6.2105263157894735,553.125
10.0,6.2105263157894735,593.75
10.0,6.2105263157894735,634.375
10.0,6.2105263157894735,675.0
10.0,6.2105263157894735,715.625
10.0,6.2105263157894735,756.25
10.0,6.2105263157894735,796.875
10.0,6.2105263157894735,837.5
10.0,6.2105263157894735,878.125
10.0,6.2105263157894735,918.75
10.0,6.2105263157894735,959.375
10.0,6.2105263157894735,1000.0
10.0,6.684210526315789,25.0
10.0,6.684210526315789,65.625
10.0,6.684210526315789,106.25
10.0,6.684210526315789,146.875
10.0,6.684210526315789,187.5
10.0,6.684210526315789,228.125
10.0,6.684210526315789,268.75
10.0,6.684210526315789,309.375
10.0,6.684210526315789,350.0
10.0,6.684210526315789,390.625
10.0,6.684210526315789,431.25
10.0,6.684210526315789,471.875
10.0,6.684210526315789,512.5
10.0,6.684210526315789,553.125
10.0,6.684210526315789,593.75
10.0,6.684210526315789,634.375
10.0,6.684210526315789,675.0
10.0,6.684210526315789,715.625
10.0,6.684210526315789,756.25
10.0,6.684210526315789,796.875
10.0,6.684210526315789,837.5
10.0,6.684210526315789,878.125
10.0,6.684210526315789,918.75
10.0,6.684210526315789,959.375
10.0,6.684210526315789,1000.0
10.0,7.157894736842105,25.0
10.0,7.157894736842105,65.625
10.0,7.157894736842105,106.25
10.0,7.157894736842105,146.875
10.0,7.157894736842105,187.5
10.0,7.157894736842105,228.125
10.0,7.157894736842105,268.75
10.0,7.157894736842105,309.375
10.0,7.157894736842105,350.0
10.0,7.157894736842105,390.625
10.0,7.157894736842105,431.25
10.0,7.157894736842105,471.875
10.0,7.157894736842105,512.5
10.0,7.157894736842105,553.125
10.0,7.157894736842105,593.75
10.0,7.157894736842105,634.375
10.0,7.157894736842105,675.0
10.0,7.157894736842105,715.625
10.0,7.157894736842105,756.25
10.0,7.157894736842105,796.875
10.0,7.157894736842105,837.5
10.0,7.157894736842105,878.125
10.0,7.157894736842105,918.75
10.0,7.157894736842105,959.375
10.0,7.157894736842105,1000.0
10.0,7.63157894736842,25.0
10.0,7.63157894736842,65.625
10.0,7.63157894736842,106.25
10.0,7.63157894736842,146.875
10.0,7.63157894736842,187.5
10.0,7.63157894736842,228.125
10.0,7.63157894736842,268.75
10.0,7.63157894736842,309.375
10.0,7.63157894736842,350.0
10.0,7.63157894736842,390.625
10.0,7.63157894736842,431.25
10.0,7.63157894736842,471.875
10.0,7.63157894736842,512.5
10.0,7.63157894736842,553.125
10.0,7.63157894736842,593.75
10.0,7.63157894736842,634.375
10.0,7.63157894736842,675.0
10.0,7.63157894736842,715.625
10.0,7.63157894736842,756.25
10.0,7.63157894736842,796.875
10.0,7.63157894736842,837.5
10.0,7.63157894736842,878.125
10.0,7.63157894736842,918.75
10.0,7.63157894736842,959.375
10.0,7.63157894736842,1000.0
10.0,8.105263157894736,25.0
10.0,8.105263157894736,65.625
10.0,8.105263157894736,106.25
10.0,8.105263157894736,146.875
10.0,8.105263157894736,187.5
10.0,8.105263157894736,228.125
10.0,8.105263157894736,268.75
10.0,8.105263157894736,309.375
10.0,8.105263157894736,350.0
10.0,8.105263157894736,390.625
10.0,8.105263157894736,431.25
10.0,8.105263157894736,471.875
10.0,8.105263157894736,512.5
10.0,8.105263157894736,553.125
10.0,8.105263157894736,593.75
10.0,8.105263157894736,634.375
10.0,8.105263157894736,675.0
10.0,8.105263157894736,715.625
10.0,8.105263157894736,756.25
10.0,8.105263157894736,796.875
10.0,8.105263157894736,837.5
10.0,8.105263157894736,878.125
10.0,8.105263157894736,918.75
10.0,8.105263157894736,959.375
10.0,8.105263157894736,1000.0
10.0,8.578947368421051,25.0
10.0,8.578947368421051,65.625
10.0,8.578947368421051,106.25
10.0,8.578947368421051,146.875
10.0,8.578947368421051,187.5
10.0,8.578947368421051,228.125
10.0,8.578947368421051,268.75
10.0,8.578947368421051,309.375
10.0,8.578947368421051,350.0
10.0,8.578947368421051,390.625
10.0,8.578947368421051,431.25
10.0,8.578947368421051,471.875
10.0,8.578947368421051,512.5
10.0,8.578947368421051,553.125
10.0,8.578947368421051,593.75
10.0,8.578947368421051,634.375
10.0,8.578947368421051,675.0
10.0,8.578947368421051,715.625
10.0,8.578947368421051,756.25
10.0,8.578947368421051,796.875
10.0,8.578947368421051,837.5
10.0,8.578947368421051,878.125
10.0,8.578947368421051,918.75
10.0,8.578947368421051,959.375
10.0,8.578947368421051,1000.0
10.0,9.052631578947368,25.0
10.0,9.052631578947368,65.625
10.0,9.052631578947368,106.25
10.0,9.052631578947368,146.875
10.0,9.052631578947368,187.5
10.0,9.052631578947368,228.125
10.0,9.052631578947368,268.75
10.0,9.052631578947368,309.375
10.0,9.052631578947368,350.0
10.0,9.052631578947368,390.625
10.0,9.052631578947368,431.25
10.0,9.052631578947368,471.875
10.0,9.052631578947368,512.5
10.0,9.052631578947368,553.125
10.0,9.052631578947368,593.75
10.0,9.052631578947368,634.375
10.0,9.052631578947368,675.0
10.0,9.052631578947368,715.625
10.0,9.052631578947368,756.25
10.0,9.052631578947368,796.875
10.0,9.052631578947368,837.5
10.0,9.052631578947368,878.125
10.0,9.052631578947368,918.75
10.0,9.052631578947368,959.375
10.0,9.052631578947368,1000.0
10.0,9.526315789473683,25.0
10.0,9.526315789473683,65.625
10.0,9.526315789473683,106.25
10.0,9.526315789473683,146.875
10.0,9.526315789473683,187.5
10.0,9.526315789473683,228.125
10.0,9.526315789473683,268.75
10.0,9.526315789473683,309.375
10.0,9.526315789473683,350.0
10.0,9.526315789473683,390.625
10.0,9.526315789473683,431.25
10.0,9.526315789473683,471.875
10.0,9.526315789473683,512.5
10.0,9.526315789473683,553.125
10.0,9.526315789473683,593.75
10.0,9.526315789473683,634.375
10.0,9.526315789473683,675.0
10.0,9.526315789473683,715.625
10.0,9.526315789473683,756.25
10.0,9.526315789473683,796.875
10.0,9.526315789473683,837.5
10.0,9.526315789473683,878.125
10.0,9.526315789473683,918.75
10.0,9.526315789473683,959.375
10.0,9.526315789473683,1000.0
10.0,10.0,25.0
10.0,10.0,65.625
10.0,10.0,106.25
10.0,10.0,146.875
10.0,10.0,187.5
10.0,10.0,228.125
10.0,10.0,268.75
10.0,10.0,309.375
10.0,10.0,350.0
10.0,10.0,390.625
10.0,10.0,431.25
10.0,10.0,471.875
10.0,10.0,512.5
10.0,10.0,553.125
10.0,10.0,593.75
10.0,10.0,634.375
10.0,10.0,675.0
10.0,10.0,715.625
10.0,10.0,756.25
10.0,10.0,796.875
10.0,10.0,837.5
10.0,10.0,878.125
10.0,10.0,918.75
10.0,10.0,959.375
10.0,10.0,1000.0
